;===== A1 minimal start G-code (classroom quick start) =====
;===== Prerequisites:
;=====   1. Filament already loaded from the printer screen
;=====   2. Bed leveling done at least once via screen Calibration
;=====      (this code reuses the stored mesh, no G29)
G392 S0            ; stock: detection toggle, kept as-is
M975 S1            ; vibration compensation on
G90                ; absolute coordinates
M83                ; RELATIVE extrusion for the purge/prime-line below
M220 S100          ; reset speed override
M221 S100          ; reset flow override

;--- start heating bed and nozzle in parallel ---
M1002 gcode_claim_action : 2
M140 S65           ; <-- CHANGE bed temp here
M104 S140          ; nozzle to 140C only - safe for bed-contact Z homing
M109 S140          ; wait for 140C (if nozzle is still hot from last print, let it cool below 140 first)

;--- home ---
M1002 gcode_claim_action : 13
G28                ; home all axes (A1 homes Z by pressing nozzle on the bed)

;--- short purge into the chute, then wipe ---
M211 X0 Y0 Z0      ; soft endstops off (chute is at negative X)
G1 Z10 F1200
G1 X-28.5 F18000
G1 X-48.2 F3000    ; park over the purge chute
M190 S65           ; <-- CHANGE bed temp here (wait)
M109 S220          ; <-- CHANGE nozzle print temp here (wait)
M106 P1 S178       ; fan on so the purge solidifies and drops off
G1 E10 F200        ; purge 10 mm (relative E)
G1 E-1 F300        ; small retract
M400
G1 X-28.5 F18000   ; wipe and shake
G1 X-48.2 F3000
G1 X-28.5 F18000
M400
M106 P1 S0

;--- prime line along the left edge of the bed ---
G1 X3.0 Y20 F18000 ; travel to start point (still at Z10)
G1 Z0.3 F1200      ; drop to first-layer height
G1 E1 F300         ; undo the retract above
G1 Y180 E10 F1500  ; draw first line  (160 mm needs ~E8, E10 is a bit generous on purpose)
G1 X3.4 F18000     ; shift over 0.4 mm
G1 Y20 E10 F1500   ; draw second line back
G1 E-0.5 F300      ; tiny retract
G1 Z1 F1200        ; lift off the line
G1 X10 F18000      ; quick move away to break the string

M83                ; RELATIVE extrusion mode - matches the generated print files
G92 E0             ; reset E, print body starts from here
;===== end of start G-code =====

G0 F3600 X53.479658 Y200.240332 Z0
G1 F1800 X53.479658 Y200.240332 Z0.2 E0
G1 F1800 X53.883336 Y199.964767 Z0.2 E0.018763
G1 F1800 X54.284978 Y199.686242 Z0.2 E0.018763
G1 F1800 X54.684499 Y199.404687 Z0.2 E0.018763
G1 F1800 X55.081818 Y199.120033 Z0.2 E0.018763
G1 F1800 X55.476851 Y198.832211 Z0.2 E0.018763
G1 F1800 X55.869509 Y198.541159 Z0.2 E0.018763
G1 F1800 X56.259706 Y198.246815 Z0.2 E0.018763
G1 F1800 X56.647351 Y197.949121 Z0.2 E0.018763
G1 F1800 X57.032357 Y197.648021 Z0.2 E0.018762
G1 F1800 X57.414628 Y197.343465 Z0.2 E0.018763
G1 F1800 X57.794082 Y197.035398 Z0.2 E0.018763
G1 F1800 X58.170624 Y196.723778 Z0.2 E0.018763
G1 F1800 X58.544162 Y196.408564 Z0.2 E0.018763
G1 F1800 X58.914605 Y196.089719 Z0.2 E0.018763
G1 F1800 X59.281863 Y195.76721 Z0.2 E0.018763
G1 F1800 X59.645846 Y195.441007 Z0.2 E0.018763
G1 F1800 X60.006464 Y195.111091 Z0.2 E0.018762
G1 F1800 X60.363624 Y194.777444 Z0.2 E0.018762
G1 F1800 X60.717245 Y194.440051 Z0.2 E0.018762
G1 F1800 X61.067244 Y194.0989 Z0.2 E0.018762
G1 F1800 X61.413537 Y193.753988 Z0.2 E0.018762
G1 F1800 X61.756047 Y193.405315 Z0.2 E0.018762
G1 F1800 X62.094695 Y193.052889 Z0.2 E0.018763
G1 F1800 X62.429407 Y192.696721 Z0.2 E0.018763
G1 F1800 X62.760112 Y192.336828 Z0.2 E0.018764
G1 F1800 X63.086758 Y191.973213 Z0.2 E0.018763
G1 F1800 X63.409248 Y191.60594 Z0.2 E0.018763
G1 F1800 X63.727539 Y191.235023 Z0.2 E0.018763
G1 F1800 X64.041575 Y190.860496 Z0.2 E0.018763
G1 F1800 X64.351304 Y190.4824 Z0.2 E0.018763
G1 F1800 X64.656681 Y190.100779 Z0.2 E0.018763
G1 F1800 X64.957663 Y189.715683 Z0.2 E0.018762
G1 F1800 X65.254205 Y189.32717 Z0.2 E0.018762
G1 F1800 X65.546287 Y188.935284 Z0.2 E0.018763
G1 F1800 X65.833877 Y188.540086 Z0.2 E0.018764
G1 F1800 X66.116964 Y188.141621 Z0.2 E0.018762
G1 F1800 X66.3955 Y187.739995 Z0.2 E0.018763
G1 F1800 X66.66949 Y187.335252 Z0.2 E0.018763
G1 F1800 X66.938925 Y186.927462 Z0.2 E0.018763
G1 F1800 X67.203799 Y186.516694 Z0.2 E0.018763
G1 F1800 X67.464115 Y186.103021 Z0.2 E0.018763
G1 F1800 X67.719877 Y185.686517 Z0.2 E0.018762
G1 F1800 X67.971091 Y185.267263 Z0.2 E0.018763
G1 F1800 X68.217779 Y184.845322 Z0.2 E0.018763
G1 F1800 X68.459961 Y184.420763 Z0.2 E0.018762
G1 F1800 X68.697643 Y183.993691 Z0.2 E0.018762
G1 F1800 X68.930861 Y183.564162 Z0.2 E0.018763
G1 F1800 X69.159643 Y183.132253 Z0.2 E0.018763
G1 F1800 X69.384022 Y182.698038 Z0.2 E0.018763
G1 F1800 X69.604032 Y182.261592 Z0.2 E0.018763
G1 F1800 X69.819711 Y181.822989 Z0.2 E0.018762
G1 F1800 X70.031095 Y181.382313 Z0.2 E0.018763
G1 F1800 X70.238235 Y180.939614 Z0.2 E0.018764
G1 F1800 X70.441189 Y180.494939 Z0.2 E0.018763
G1 F1800 X70.639973 Y180.048425 Z0.2 E0.018762
G1 F1800 X70.834641 Y179.600119 Z0.2 E0.018763
G1 F1800 X71.025241 Y179.150054 Z0.2 E0.018762
G1 F1800 X71.211799 Y178.698302 Z0.2 E0.018764
G1 F1800 X71.394352 Y178.244879 Z0.2 E0.018763
G1 F1800 X71.572897 Y177.789893 Z0.2 E0.018762
G1 F1800 X71.747452 Y177.333374 Z0.2 E0.018763
G1 F1800 X71.918031 Y176.875346 Z0.2 E0.018763
G1 F1800 X72.084636 Y176.415854 Z0.2 E0.018763
G1 F1800 X72.247263 Y175.954933 Z0.2 E0.018762
G1 F1800 X72.405896 Y175.492646 Z0.2 E0.018762
G1 F1800 X72.560532 Y175.028998 Z0.2 E0.018762
G1 F1800 X72.711151 Y174.564024 Z0.2 E0.018763
G1 F1800 X72.857731 Y174.097759 Z0.2 E0.018763
G1 F1800 X73.000242 Y173.630233 Z0.2 E0.018763
G1 F1800 X73.138654 Y173.161476 Z0.2 E0.018764
G1 F1800 X73.272939 Y172.691475 Z0.2 E0.018763
G1 F1800 X73.403033 Y172.220342 Z0.2 E0.018763
G1 F1800 X73.528901 Y171.748063 Z0.2 E0.018763
G1 F1800 X73.650491 Y171.274664 Z0.2 E0.018763
G1 F1800 X73.767746 Y170.800173 Z0.2 E0.018763
G1 F1800 X73.880603 Y170.324617 Z0.2 E0.018763
G1 F1800 X73.988996 Y169.848023 Z0.2 E0.018763
G1 F1800 X74.092852 Y169.37042 Z0.2 E0.018763
G1 F1800 X74.192091 Y168.891836 Z0.2 E0.018763
G1 F1800 X74.28663 Y168.412301 Z0.2 E0.018763
G1 F1800 X74.376377 Y167.931846 Z0.2 E0.018763
G1 F1800 X74.461236 Y167.450504 Z0.2 E0.018763
G1 F1800 X74.541104 Y166.968308 Z0.2 E0.018763
G1 F1800 X74.615869 Y166.485296 Z0.2 E0.018763
G1 F1800 X74.685414 Y166.001505 Z0.2 E0.018762
G1 F1800 X74.749615 Y165.516981 Z0.2 E0.018763
G1 F1800 X74.808339 Y165.031753 Z0.2 E0.018763
G1 F1800 X74.861445 Y164.545877 Z0.2 E0.018763
G1 F1800 X74.908783 Y164.059407 Z0.2 E0.018763
G1 F1800 X74.950195 Y163.572398 Z0.2 E0.018763
G1 F1800 X74.985513 Y163.08491 Z0.2 E0.018763
G1 F1800 X75.014558 Y162.597011 Z0.2 E0.018762
G1 F1800 X75.037143 Y162.108795 Z0.2 E0.018763
G1 F1800 X75.053071 Y161.62028 Z0.2 E0.018763
G1 F1800 X75.062131 Y161.131591 Z0.2 E0.018763
G1 F1800 X75.0641 Y160.642824 Z0.2 E0.018763
G1 F1800 X75.058745 Y160.154085 Z0.2 E0.018763
G1 F1800 X75.04582 Y159.665491 Z0.2 E0.018763
G1 F1800 X75.025067 Y159.17717 Z0.2 E0.018761
G1 F1800 X74.996214 Y158.689301 Z0.2 E0.018763
G1 F1800 X74.95897 Y158.201944 Z0.2 E0.018763
G1 F1800 X74.913038 Y157.715333 Z0.2 E0.018763
G1 F1800 X74.858106 Y157.229661 Z0.2 E0.018763
G1 F1800 X74.793845 Y156.745139 Z0.2 E0.018762
G1 F1800 X74.719917 Y156.262003 Z0.2 E0.01876
G1 F1800 X74.635978 Y155.780563 Z0.2 E0.018762
G1 F1800 X74.541645 Y155.300997 Z0.2 E0.018763
G1 F1800 X74.436549 Y154.823659 Z0.2 E0.018763
G1 F1800 X74.320312 Y154.348918 Z0.2 E0.018762
G1 F1800 X74.192544 Y153.877155 Z0.2 E0.018762
G1 F1800 X74.052857 Y153.408789 Z0.2 E0.018761
G1 F1800 X73.900865 Y152.944296 Z0.2 E0.018763
G1 F1800 X73.736167 Y152.484118 Z0.2 E0.018762
G1 F1800 X73.558403 Y152.028834 Z0.2 E0.018762
G1 F1800 X73.367218 Y151.579026 Z0.2 E0.018762
G1 F1800 X73.162285 Y151.135319 Z0.2 E0.01876
G1 F1800 X72.943327 Y150.69841 Z0.2 E0.018762
G1 F1800 X72.710052 Y150.268925 Z0.2 E0.018762
G1 F1800 X72.462281 Y149.84764 Z0.2 E0.018762
G1 F1800 X72.199877 Y149.435316 Z0.2 E0.018762
G1 F1800 X71.92277 Y149.032727 Z0.2 E0.018761
G1 F1800 X71.630978 Y148.640668 Z0.2 E0.018761
G1 F1800 X71.324588 Y148.259898 Z0.2 E0.018761
G1 F1800 X71.003792 Y147.891184 Z0.2 E0.018761
G1 F1800 X70.668871 Y147.53525 Z0.2 E0.018762
G1 F1800 X70.320197 Y147.19277 Z0.2 E0.018761
G1 F1800 X69.958242 Y146.864367 Z0.2 E0.018761
G1 F1800 X69.58355 Y146.550575 Z0.2 E0.018761
G1 F1800 X69.196739 Y146.251847 Z0.2 E0.018761
G1 F1800 X68.798495 Y145.968543 Z0.2 E0.018762
G1 F1800 X68.389544 Y145.700923 Z0.2 E0.018761
G1 F1800 X67.970655 Y145.449151 Z0.2 E0.018762
G1 F1800 X67.542603 Y145.213283 Z0.2 E0.018762
G1 F1800 X67.106177 Y144.993289 Z0.2 E0.018761
G1 F1800 X66.662164 Y144.789055 Z0.2 E0.018762
G1 F1800 X66.211295 Y144.60037 Z0.2 E0.018762
G1 F1800 X65.754381 Y144.426874 Z0.2 E0.018762
G1 F1800 X65.292251 Y144.267787 Z0.2 E0.018762
G1 F1800 X64.825649 Y144.122297 Z0.2 E0.018762
G1 F1800 X64.35524 Y143.989664 Z0.2 E0.018762
G1 F1800 X63.881565 Y143.869194 Z0.2 E0.018762
G1 F1800 X63.40512 Y143.760258 Z0.2 E0.018763
G1 F1800 X62.92628 Y143.662268 Z0.2 E0.018762
G1 F1800 X62.445433 Y143.574701 Z0.2 E0.018762
G1 F1800 X61.962891 Y143.497073 Z0.2 E0.018762
G1 F1800 X61.478905 Y143.428941 Z0.2 E0.018763
G1 F1800 X60.993704 Y143.369904 Z0.2 E0.018762
G1 F1800 X60.507559 Y143.319608 Z0.2 E0.018762
G1 F1800 X60.020601 Y143.277714 Z0.2 E0.018763
G1 F1800 X59.532999 Y143.243927 Z0.2 E0.018763
G1 F1800 X59.044928 Y143.217979 Z0.2 E0.018762
G1 F1800 X58.556521 Y143.199626 Z0.2 E0.018762
G1 F1800 X58.067885 Y143.188651 Z0.2 E0.018763
G1 F1800 X57.579138 Y143.184858 Z0.2 E0.018763
G1 F1800 X57.09037 Y143.188076 Z0.2 E0.018762
G1 F1800 X56.601715 Y143.19815 Z0.2 E0.018763
G1 F1800 X56.113242 Y143.214948 Z0.2 E0.018763
G1 F1800 X55.625041 Y143.238355 Z0.2 E0.018763
G1 F1800 X55.137188 Y143.268274 Z0.2 E0.018763
G1 F1800 X54.649774 Y143.304624 Z0.2 E0.018763
G1 F1800 X54.162882 Y143.347341 Z0.2 E0.018763
G1 F1800 X53.676585 Y143.396379 Z0.2 E0.018763
G1 F1800 X53.190963 Y143.451707 Z0.2 E0.018763
G1 F1800 X52.706098 Y143.513309 Z0.2 E0.018763
G1 F1800 X52.222073 Y143.581188 Z0.2 E0.018763
G1 F1800 X51.738963 Y143.655363 Z0.2 E0.018763
G1 F1800 X51.256868 Y143.73587 Z0.2 E0.018763
G1 F1800 X50.775884 Y143.822762 Z0.2 E0.018763
G1 F1800 X50.296113 Y143.916112 Z0.2 E0.018763
G1 F1800 X49.817668 Y144.016013 Z0.2 E0.018762
G1 F1800 X49.340689 Y144.122574 Z0.2 E0.018763
G1 F1800 X48.865258 Y144.235944 Z0.2 E0.018763
G1 F1800 X48.391542 Y144.356283 Z0.2 E0.018763
G1 F1800 X47.919704 Y144.483783 Z0.2 E0.018763
G1 F1800 X47.449908 Y144.61867 Z0.2 E0.018763
G1 F1800 X46.982387 Y144.761197 Z0.2 E0.018761
G1 F1800 X46.517391 Y144.911655 Z0.2 E0.018762
G1 F1800 X46.055131 Y145.070403 Z0.2 E0.018762
G1 F1800 X45.595943 Y145.237829 Z0.2 E0.018762
G1 F1800 X45.140189 Y145.414384 Z0.2 E0.018762
G1 F1800 X44.688291 Y145.600591 Z0.2 E0.018762
G1 F1800 X44.240758 Y145.797049 Z0.2 E0.018762
G1 F1800 X43.798193 Y146.004453 Z0.2 E0.018762
G1 F1800 X43.36133 Y146.223604 Z0.2 E0.018762
G1 F1800 X42.931068 Y146.455432 Z0.2 E0.018762
G1 F1800 X42.508509 Y146.701022 Z0.2 E0.018762
G1 F1800 X42.09505 Y146.961627 Z0.2 E0.018761
G1 F1800 X41.692456 Y147.238705 Z0.2 E0.018761
G1 F1800 X41.302989 Y147.533936 Z0.2 E0.01876
G1 F1800 X40.929597 Y147.849226 Z0.2 E0.018759
G1 F1800 X40.576146 Y148.186682 Z0.2 E0.018758
G1 F1800 X40.247726 Y148.548503 Z0.2 E0.018756
G1 F1800 X39.951026 Y148.936693 Z0.2 E0.018754
G1 F1800 X39.694624 Y149.352524 Z0.2 E0.018751
G1 F1800 X39.488959 Y149.795566 Z0.2 E0.018747
G1 F1800 X39.34543 Y150.262351 Z0.2 E0.018742
G1 F1800 X39.274081 Y150.745334 Z0.2 E0.018743
G1 F1800 X39.280306 Y151.233537 Z0.2 E0.018747
G1 F1800 X39.36136 Y151.71511 Z0.2 E0.018751
G1 F1800 X39.505719 Y152.181754 Z0.2 E0.018755
G1 F1800 X39.700905 Y152.62963 Z0.2 E0.018757
G1 F1800 X39.936327 Y153.057801 Z0.2 E0.018759
G1 F1800 X40.203675 Y153.46685 Z0.2 E0.018759
G1 F1800 X40.496616 Y153.857992 Z0.2 E0.018761
G1 F1800 X40.810408 Y154.232683 Z0.2 E0.018761
G1 F1800 X41.141395 Y154.592268 Z0.2 E0.018762
G1 F1800 X41.486806 Y154.938033 Z0.2 E0.018762
G1 F1800 X41.844483 Y155.271104 Z0.2 E0.018762
G1 F1800 X42.212721 Y155.592465 Z0.2 E0.018762
G1 F1800 X42.590166 Y155.902968 Z0.2 E0.018762
G1 F1800 X42.975721 Y156.203347 Z0.2 E0.018762
G1 F1800 X43.36849 Y156.494231 Z0.2 E0.018762
G1 F1800 X43.767736 Y156.776166 Z0.2 E0.018762
G1 F1800 X44.172839 Y157.049612 Z0.2 E0.018762
G1 F1800 X44.583288 Y157.314973 Z0.2 E0.018762
G1 F1800 X44.998644 Y157.572587 Z0.2 E0.018763
G1 F1800 X45.418536 Y157.822744 Z0.2 E0.018762
G1 F1800 X45.842642 Y158.065686 Z0.2 E0.018762
G1 F1800 X46.270681 Y158.301612 Z0.2 E0.018763
G1 F1800 X46.70243 Y158.530697 Z0.2 E0.018763
G1 F1800 X47.137684 Y158.753073 Z0.2 E0.018762
G1 F1800 X47.576234 Y158.968825 Z0.2 E0.018762
G1 F1800 X48.017951 Y159.178041 Z0.2 E0.018763
G1 F1800 X48.462691 Y159.380758 Z0.2 E0.018763
G1 F1800 X48.910344 Y159.576999 Z0.2 E0.018763
G1 F1800 X49.360774 Y159.766737 Z0.2 E0.018763
G1 F1800 X49.8139 Y159.949943 Z0.2 E0.018763
G1 F1800 X50.26964 Y160.126548 Z0.2 E0.018763
G1 F1800 X50.727918 Y160.296459 Z0.2 E0.018762
G1 F1800 X51.188665 Y160.459551 Z0.2 E0.018763
G1 F1800 X51.651823 Y160.615676 Z0.2 E0.018763
G1 F1800 X52.117294 Y160.764773 Z0.2 E0.018763
G1 F1800 X52.584949 Y160.906868 Z0.2 E0.018763
G1 F1800 X53.054661 Y161.042 Z0.2 E0.018763
G1 F1800 X53.526307 Y161.170219 Z0.2 E0.018763
G1 F1800 X53.999762 Y161.291582 Z0.2 E0.018762
G1 F1800 X54.474888 Y161.406152 Z0.2 E0.018763
G1 F1800 X54.951604 Y161.514012 Z0.2 E0.018763
G1 F1800 X55.429771 Y161.615241 Z0.2 E0.018763
G1 F1800 X55.909275 Y161.709928 Z0.2 E0.018763
G1 F1800 X56.390007 Y161.798173 Z0.2 E0.018763
G1 F1800 X56.871858 Y161.880079 Z0.2 E0.018763
G1 F1800 X57.354726 Y161.955758 Z0.2 E0.018762
G1 F1800 X57.838503 Y162.025325 Z0.2 E0.018763
G1 F1800 X58.323115 Y162.088905 Z0.2 E0.018763
G1 F1800 X58.808459 Y162.146625 Z0.2 E0.018763
G1 F1800 X59.29445 Y162.198616 Z0.2 E0.018763
G1 F1800 X59.781007 Y162.245015 Z0.2 E0.018763
G1 F1800 X60.268052 Y162.285961 Z0.2 E0.018763
G1 F1800 X60.755515 Y162.321599 Z0.2 E0.018762
G1 F1800 X61.243322 Y162.352074 Z0.2 E0.018763
G1 F1800 X61.731423 Y162.377537 Z0.2 E0.018763
G1 F1800 X62.219754 Y162.398139 Z0.2 E0.018763
G1 F1800 X62.70826 Y162.414034 Z0.2 E0.018763
G1 F1800 X63.196893 Y162.425377 Z0.2 E0.018763
G1 F1800 X63.685609 Y162.432328 Z0.2 E0.018762
G1 F1800 X64.174361 Y162.435044 Z0.2 E0.018763
G1 F1800 X64.663125 Y162.433687 Z0.2 E0.018763
G1 F1800 X65.151863 Y162.428418 Z0.2 E0.018763
G1 F1800 X65.640546 Y162.419399 Z0.2 E0.018763
G1 F1800 X66.129149 Y162.406797 Z0.2 E0.018763
G1 F1800 X66.617652 Y162.390774 Z0.2 E0.018763
G1 F1800 X67.106037 Y162.371498 Z0.2 E0.018762
G1 F1800 X67.594285 Y162.349135 Z0.2 E0.018763
G1 F1800 X68.082398 Y162.323854 Z0.2 E0.018763
G1 F1800 X68.570362 Y162.295824 Z0.2 E0.018763
G1 F1800 X69.05817 Y162.265215 Z0.2 E0.018763
G1 F1800 X69.545821 Y162.232201 Z0.2 E0.018763
G1 F1800 X70.033315 Y162.196953 Z0.2 E0.018763
G1 F1800 X70.520656 Y162.159648 Z0.2 E0.018762
G1 F1800 X71.007837 Y162.120463 Z0.2 E0.018763
G1 F1800 X71.494895 Y162.079576 Z0.2 E0.018763
G1 F1800 X71.981823 Y162.037169 Z0.2 E0.018763
G1 F1800 X72.468632 Y161.993427 Z0.2 E0.018763
G1 F1800 X72.955336 Y161.948537 Z0.2 E0.018763
G1 F1800 X73.441949 Y161.902691 Z0.2 E0.018763
G1 F1800 X73.928489 Y161.856082 Z0.2 E0.018762
G1 F1800 X74.414951 Y161.808912 Z0.2 E0.018763
G1 F1800 X74.901411 Y161.76138 Z0.2 E0.018763
G1 F1800 X75.387856 Y161.713696 Z0.2 E0.018763
G1 F1800 X75.874305 Y161.666077 Z0.2 E0.018763
G1 F1800 X76.360781 Y161.618743 Z0.2 E0.018763
G1 F1800 X76.847304 Y161.571921 Z0.2 E0.018763
G1 F1800 X77.333896 Y161.525849 Z0.2 E0.018761
G1 F1800 X77.820534 Y161.480774 Z0.2 E0.018763
G1 F1800 X78.30733 Y161.436942 Z0.2 E0.018763
G1 F1800 X78.794278 Y161.39462 Z0.2 E0.018763
G1 F1800 X79.281374 Y161.354084 Z0.2 E0.018763
G1 F1800 X79.768635 Y161.315622 Z0.2 E0.018763
G1 F1800 X80.256074 Y161.279536 Z0.2 E0.018763
G1 F1800 X80.7437 Y161.24614 Z0.2 E0.018761
G1 F1800 X81.23147 Y161.215769 Z0.2 E0.018763
G1 F1800 X81.719489 Y161.188764 Z0.2 E0.018763
G1 F1800 X82.207699 Y161.165496 Z0.2 E0.018763
G1 F1800 X82.696107 Y161.146352 Z0.2 E0.018763
G1 F1800 X83.184665 Y161.13174 Z0.2 E0.018763
G1 F1800 X83.67334 Y161.122091 Z0.2 E0.018761
G1 F1800 X84.162044 Y161.117863 Z0.2 E0.018763
G1 F1800 X84.650804 Y161.119535 Z0.2 E0.018763
G1 F1800 X85.139499 Y161.127617 Z0.2 E0.018763
G1 F1800 X85.628029 Y161.142646 Z0.2 E0.018763
G1 F1800 X86.116283 Y161.165189 Z0.2 E0.018763
G1 F1800 X86.604085 Y161.195842 Z0.2 E0.018762
G1 F1800 X87.091245 Y161.235228 Z0.2 E0.018762
G1 F1800 X87.577563 Y161.284002 Z0.2 E0.018762
G1 F1800 X88.062764 Y161.342845 Z0.2 E0.018763
G1 F1800 X88.546549 Y161.41246 Z0.2 E0.018762
G1 F1800 X89.028532 Y161.493565 Z0.2 E0.018761
G1 F1800 X89.508268 Y161.586887 Z0.2 E0.018763
G1 F1800 X89.98534 Y161.693175 Z0.2 E0.018762
G1 F1800 X90.459148 Y161.813144 Z0.2 E0.018762
G1 F1800 X90.929071 Y161.947496 Z0.2 E0.018762
G1 F1800 X91.394422 Y162.096893 Z0.2 E0.01876
G1 F1800 X91.854415 Y162.261927 Z0.2 E0.018762
G1 F1800 X92.308314 Y162.443153 Z0.2 E0.018762
G1 F1800 X92.755222 Y162.640985 Z0.2 E0.018762
G1 F1800 X93.194249 Y162.855734 Z0.2 E0.018761
G1 F1800 X93.624492 Y163.087577 Z0.2 E0.018761
G1 F1800 X94.04505 Y163.336533 Z0.2 E0.018761
G1 F1800 X94.455083 Y163.602486 Z0.2 E0.018761
G1 F1800 X94.853783 Y163.885145 Z0.2 E0.018761
G1 F1800 X95.240422 Y164.184063 Z0.2 E0.018761
G1 F1800 X95.614414 Y164.498687 Z0.2 E0.018762
G1 F1800 X95.97527 Y164.828332 Z0.2 E0.018761
G1 F1800 X96.322587 Y165.172179 Z0.2 E0.018761
G1 F1800 X96.656137 Y165.529377 Z0.2 E0.018762
G1 F1800 X96.975849 Y165.899063 Z0.2 E0.018762
G1 F1800 X97.281891 Y166.280121 Z0.2 E0.018762
G1 F1800 X97.574875 Y166.671313 Z0.2 E0.018762
G1 F1800 X97.855437 Y167.071513 Z0.2 E0.018762
G1 F1800 X98.124205 Y167.479726 Z0.2 E0.018762
G1 F1800 X98.381795 Y167.89509 Z0.2 E0.018762
G1 F1800 X98.62879 Y168.316841 Z0.2 E0.018762
G1 F1800 X98.865742 Y168.744299 Z0.2 E0.018762
G1 F1800 X99.093191 Y169.176906 Z0.2 E0.018762
G1 F1800 X99.311625 Y169.614137 Z0.2 E0.018762
G1 F1800 X99.521506 Y170.055538 Z0.2 E0.018763
G1 F1800 X99.72327 Y170.500726 Z0.2 E0.018762
G1 F1800 X99.917309 Y170.949318 Z0.2 E0.018762
G1 F1800 X100.103999 Y171.40101 Z0.2 E0.018763
G1 F1800 X100.283699 Y171.855549 Z0.2 E0.018762
G1 F1800 X100.456723 Y172.312658 Z0.2 E0.018763
G1 F1800 X100.623376 Y172.772131 Z0.2 E0.018762
G1 F1800 X100.783934 Y173.233756 Z0.2 E0.018763
G1 F1800 X100.938666 Y173.697379 Z0.2 E0.018763
G1 F1800 X101.087816 Y174.162844 Z0.2 E0.018763
G1 F1800 X101.2316 Y174.629979 Z0.2 E0.018763
G1 F1800 X101.370236 Y175.098668 Z0.2 E0.018762
G1 F1800 X101.503916 Y175.568786 Z0.2 E0.018763
G1 F1800 X101.63283 Y176.040242 Z0.2 E0.018763
G1 F1800 X101.75715 Y176.512943 Z0.2 E0.018763
G1 F1800 X101.87703 Y176.986777 Z0.2 E0.018763
G1 F1800 X101.992622 Y177.461676 Z0.2 E0.018762
G1 F1800 X102.104064 Y177.937552 Z0.2 E0.018762
G1 F1800 X102.211493 Y178.414359 Z0.2 E0.018763
G1 F1800 X102.31503 Y178.892032 Z0.2 E0.018763
G1 F1800 X102.414792 Y179.370527 Z0.2 E0.018763
G1 F1800 X102.510879 Y179.849754 Z0.2 E0.018762
G1 F1800 X102.603394 Y180.32967 Z0.2 E0.018762
G1 F1800 X102.692434 Y180.81025 Z0.2 E0.018763
G1 F1800 X102.778088 Y181.291449 Z0.2 E0.018763
G1 F1800 X102.860437 Y181.773226 Z0.2 E0.018763
G1 F1800 X102.939558 Y182.255545 Z0.2 E0.018764
G1 F1800 X103.015526 Y182.738392 Z0.2 E0.018763
G1 F1800 X103.088402 Y183.221693 Z0.2 E0.018763
G1 F1800 X103.158252 Y183.705441 Z0.2 E0.018763
G1 F1800 X103.225134 Y184.189609 Z0.2 E0.018763
G1 F1800 X103.289101 Y184.67417 Z0.2 E0.018763
G1 F1800 X103.350204 Y185.159102 Z0.2 E0.018763
G1 F1800 X103.408488 Y185.64438 Z0.2 E0.018763
G1 F1800 X103.463995 Y186.129983 Z0.2 E0.018763
G1 F1800 X103.516764 Y186.615897 Z0.2 E0.018763
G1 F1800 X103.566828 Y187.102091 Z0.2 E0.018763
G1 F1800 X103.61422 Y187.588561 Z0.2 E0.018763
G1 F1800 X103.658966 Y188.075281 Z0.2 E0.018763
G1 F1800 X103.701089 Y188.562236 Z0.2 E0.018763
G1 F1800 X103.74061 Y189.049408 Z0.2 E0.018763
G1 F1800 X103.777545 Y189.536783 Z0.2 E0.018763
G1 F1800 X103.811908 Y190.024344 Z0.2 E0.018763
G1 F1800 X103.843706 Y190.512078 Z0.2 E0.018763
G1 F1800 X103.872945 Y190.999969 Z0.2 E0.018761
G1 F1800 X103.899624 Y191.487967 Z0.2 E0.018763
G1 F1800 X103.923744 Y191.976137 Z0.2 E0.018763
G1 F1800 X103.945296 Y192.464427 Z0.2 E0.018763
G1 F1800 X103.964266 Y192.952824 Z0.2 E0.018763
G1 F1800 X103.980637 Y193.441315 Z0.2 E0.018763
G1 F1800 X103.994385 Y193.929887 Z0.2 E0.018763
G1 F1800 X104.005483 Y194.418526 Z0.2 E0.018763
G1 F1800 X104.013893 Y194.907219 Z0.2 E0.018763
G1 F1800 X104.019572 Y195.39597 Z0.2 E0.018763
G1 F1800 X104.02247 Y195.884734 Z0.2 E0.018761
G1 F1800 X104.022525 Y196.373459 Z0.2 E0.018763
G1 F1800 X104.019666 Y196.862216 Z0.2 E0.018763
G1 F1800 X104.013811 Y197.350947 Z0.2 E0.018763
G1 F1800 X104.004863 Y197.839631 Z0.2 E0.018763
G1 F1800 X103.992707 Y198.328245 Z0.2 E0.018763
G1 F1800 X103.977212 Y198.816765 Z0.2 E0.018763
G1 F1800 X103.958223 Y199.305162 Z0.2 E0.018763
G1 F1800 X103.935556 Y199.793401 Z0.2 E0.018763
G1 F1800 X103.908996 Y200.281444 Z0.2 E0.018763
G1 F1800 X103.878285 Y200.769243 Z0.2 E0.018763
G1 F1800 X103.843111 Y201.256743 Z0.2 E0.018763
G1 F1800 X103.803097 Y201.743868 Z0.2 E0.018763
G1 F1800 X103.757776 Y202.230528 Z0.2 E0.018763
G1 F1800 X103.706563 Y202.716601 Z0.2 E0.018762
G1 F1800 X103.648712 Y203.201924 Z0.2 E0.018763
G1 F1800 X103.583241 Y203.686286 Z0.2 E0.018763
G1 F1800 X103.508824 Y204.169352 Z0.2 E0.018762
G1 F1800 X103.4236 Y204.650618 Z0.2 E0.018762
G1 F1800 X103.324804 Y205.129264 Z0.2 E0.018761
G1 F1800 X103.208023 Y205.603836 Z0.2 E0.018758
G1 F1800 X103.065444 Y206.071226 Z0.2 E0.018751
G1 F1800 X102.880647 Y206.523374 Z0.2 E0.018691
G1 F1800 X102.611889 Y206.929384 Z0.2 E0.018049
G1 F1800 X102.178953 Y207.112774 Z0.2 E0.018447
G1 F1800 X101.760599 Y206.876362 Z0.2 E0.01873
G1 F1800 X101.453175 Y206.49749 Z0.2 E0.018755
G1 F1800 X101.202458 Y206.078157 Z0.2 E0.01876
G1 F1800 X100.984554 Y205.64074 Z0.2 E0.018762
G1 F1800 X100.788465 Y205.193067 Z0.2 E0.018762
G1 F1800 X100.608222 Y204.738771 Z0.2 E0.018763
G1 F1800 X100.440177 Y204.279802 Z0.2 E0.018762
G1 F1800 X100.281934 Y203.817371 Z0.2 E0.018763
G1 F1800 X100.131802 Y203.352238 Z0.2 E0.018762
G1 F1800 X99.988557 Y202.884952 Z0.2 E0.018763
G1 F1800 X99.851258 Y202.415869 Z0.2 E0.018763
G1 F1800 X99.719181 Y201.945276 Z0.2 E0.018763
G1 F1800 X99.591755 Y201.473416 Z0.2 E0.018762
G1 F1800 X99.46851 Y201.00045 Z0.2 E0.018762
G1 F1800 X99.349061 Y200.52652 Z0.2 E0.018763
G1 F1800 X99.233077 Y200.051697 Z0.2 E0.018763
G1 F1800 X99.120298 Y199.576123 Z0.2 E0.018762
G1 F1800 X99.01049 Y199.099869 Z0.2 E0.018763
G1 F1800 X98.903446 Y198.622974 Z0.2 E0.018763
G1 F1800 X98.798996 Y198.1455 Z0.2 E0.018764
G1 F1800 X98.696983 Y197.667476 Z0.2 E0.018763
G1 F1800 X98.597284 Y197.188991 Z0.2 E0.018763
G1 F1800 X98.499774 Y196.710053 Z0.2 E0.018763
G1 F1800 X98.404349 Y196.230694 Z0.2 E0.018762
G1 F1800 X98.310917 Y195.750953 Z0.2 E0.018763
G1 F1800 X98.21939 Y195.270837 Z0.2 E0.018763
G1 F1800 X98.129694 Y194.790373 Z0.2 E0.018762
G1 F1800 X98.041763 Y194.309599 Z0.2 E0.018764
G1 F1800 X97.955523 Y193.828469 Z0.2 E0.018763
G1 F1800 X97.870935 Y193.347082 Z0.2 E0.018763
G1 F1800 X97.787939 Y192.865417 Z0.2 E0.018763
G1 F1800 X97.706489 Y192.383486 Z0.2 E0.018762
G1 F1800 X97.626545 Y191.901321 Z0.2 E0.018762
G1 F1800 X97.548065 Y191.418908 Z0.2 E0.018762
G1 F1800 X97.471012 Y190.93626 Z0.2 E0.018763
G1 F1800 X97.395354 Y190.453388 Z0.2 E0.018763
G1 F1800 X97.321062 Y189.970303 Z0.2 E0.018763
G1 F1800 X97.248106 Y189.487013 Z0.2 E0.018762
G1 F1800 X97.176465 Y189.003535 Z0.2 E0.018763
G1 F1800 X97.10611 Y188.51986 Z0.2 E0.018765
G1 F1800 X97.037014 Y188.035939 Z0.2 E0.018763
G1 F1800 X96.969174 Y187.551906 Z0.2 E0.018763
G1 F1800 X96.902563 Y187.067701 Z0.2 E0.018762
G1 F1800 X96.837167 Y186.583347 Z0.2 E0.018762
G1 F1800 X96.772966 Y186.098829 Z0.2 E0.018762
G1 F1800 X96.709947 Y185.614151 Z0.2 E0.018762
G1 F1800 X96.648097 Y185.12932 Z0.2 E0.018763
G1 F1800 X96.587406 Y184.64434 Z0.2 E0.018763
G1 F1800 X96.527861 Y184.159217 Z0.2 E0.018763
G1 F1800 X96.469454 Y183.673955 Z0.2 E0.018763
G1 F1800 X96.412175 Y183.188557 Z0.2 E0.018763
G1 F1800 X96.356017 Y182.703029 Z0.2 E0.018762
G1 F1800 X96.300975 Y182.217387 Z0.2 E0.018763
G1 F1800 X96.24704 Y181.731612 Z0.2 E0.018763
G1 F1800 X96.194206 Y181.24571 Z0.2 E0.018765
G1 F1800 X96.142463 Y180.759621 Z0.2 E0.018762
G1 F1800 X96.091822 Y180.273495 Z0.2 E0.018762
G1 F1800 X96.042271 Y179.787254 Z0.2 E0.018763
G1 F1800 X95.993807 Y179.300902 Z0.2 E0.018763
G1 F1800 X95.94643 Y178.814441 Z0.2 E0.018763
G1 F1800 X95.900136 Y178.327876 Z0.2 E0.018763
G1 F1800 X95.854927 Y177.841207 Z0.2 E0.018763
G1 F1800 X95.810801 Y177.354439 Z0.2 E0.018763
G1 F1800 X95.767758 Y176.867573 Z0.2 E0.018763
G1 F1800 X95.725801 Y176.380612 Z0.2 E0.018763
G1 F1800 X95.68493 Y175.893558 Z0.2 E0.018763
G1 F1800 X95.645147 Y175.406414 Z0.2 E0.018763
G1 F1800 X95.606455 Y174.919182 Z0.2 E0.018762
G1 F1800 X95.568859 Y174.431879 Z0.2 E0.018762
G1 F1800 X95.532359 Y173.944487 Z0.2 E0.018763
G1 F1800 X95.496961 Y173.457009 Z0.2 E0.018763
G1 F1800 X95.46267 Y172.96945 Z0.2 E0.018763
G1 F1800 X95.429489 Y172.481813 Z0.2 E0.018763
G1 F1800 X95.397426 Y171.9941 Z0.2 E0.018763
G1 F1800 X95.366486 Y171.506315 Z0.2 E0.018765
G1 F1800 X95.336672 Y171.018394 Z0.2 E0.018763
G1 F1800 X95.307999 Y170.530472 Z0.2 E0.018763
G1 F1800 X95.280472 Y170.042483 Z0.2 E0.018763
G1 F1800 X95.254097 Y169.554429 Z0.2 E0.018762
G1 F1800 X95.228885 Y169.066326 Z0.2 E0.018763
G1 F1800 X95.204843 Y168.578152 Z0.2 E0.018763
G1 F1800 X95.181982 Y168.089921 Z0.2 E0.018763
G1 F1800 X95.160313 Y167.601636 Z0.2 E0.018763
G1 F1800 X95.139845 Y167.113299 Z0.2 E0.018763
G1 F1800 X95.120592 Y166.624912 Z0.2 E0.018763
G1 F1800 X95.102565 Y166.136479 Z0.2 E0.018763
G1 F1800 X95.085776 Y165.648001 Z0.2 E0.018763
G1 F1800 X95.07024 Y165.159483 Z0.2 E0.018763
G1 F1800 X95.055969 Y164.670925 Z0.2 E0.018763
G1 F1800 X95.042979 Y164.182332 Z0.2 E0.018763
G1 F1800 X95.031284 Y163.693705 Z0.2 E0.018763
G1 F1800 X95.020902 Y163.20505 Z0.2 E0.018763
G1 F1800 X95.011848 Y162.716368 Z0.2 E0.018763
G1 F1800 X95.00414 Y162.227662 Z0.2 E0.018763
G1 F1800 X94.997795 Y161.738938 Z0.2 E0.018763
G1 F1800 X94.992834 Y161.250179 Z0.2 E0.018763
G1 F1800 X94.989275 Y160.761422 Z0.2 E0.018763
G1 F1800 X94.98714 Y160.272657 Z0.2 E0.018763
G1 F1800 X94.986449 Y159.783887 Z0.2 E0.018763
G1 F1800 X94.987226 Y159.295117 Z0.2 E0.018763
G1 F1800 X94.989493 Y158.806352 Z0.2 E0.018763
G1 F1800 X94.993274 Y158.317596 Z0.2 E0.018763
G1 F1800 X94.998596 Y157.828854 Z0.2 E0.018763
G1 F1800 X95.005484 Y157.340132 Z0.2 E0.018763
G1 F1800 X95.013965 Y156.851436 Z0.2 E0.018763
G1 F1800 X95.02407 Y156.36277 Z0.2 E0.018763
G1 F1800 X95.035826 Y155.874142 Z0.2 E0.018763
G1 F1800 X95.049266 Y155.385557 Z0.2 E0.018763
G1 F1800 X95.064422 Y154.897023 Z0.2 E0.018763
G1 F1800 X95.081328 Y154.408548 Z0.2 E0.018763
G1 F1800 X95.10002 Y153.920138 Z0.2 E0.018763
G1 F1800 X95.120533 Y153.431802 Z0.2 E0.01876
G1 F1800 X95.142904 Y152.94361 Z0.2 E0.018763
G1 F1800 X95.167179 Y152.455442 Z0.2 E0.018763
G1 F1800 X95.193397 Y151.967375 Z0.2 E0.018763
G1 F1800 X95.221603 Y151.47942 Z0.2 E0.018763
G1 F1800 X95.251841 Y150.991588 Z0.2 E0.018763
G1 F1800 X95.28416 Y150.503892 Z0.2 E0.018762
G1 F1800 X95.318613 Y150.016359 Z0.2 E0.018763
G1 F1800 X95.355325 Y149.528971 Z0.2 E0.018763
G1 F1800 X95.394491 Y149.041777 Z0.2 E0.018763
G1 F1800 X95.436323 Y148.554801 Z0.2 E0.018763
G1 F1800 X95.481047 Y148.068076 Z0.2 E0.018763
G1 F1800 X95.528904 Y147.581653 Z0.2 E0.018763
G1 F1800 X95.580152 Y147.095582 Z0.2 E0.018762
G1 F1800 X95.635069 Y146.609938 Z0.2 E0.018763
G1 F1800 X95.693965 Y146.124735 Z0.2 E0.018763
G1 F1800 X95.75717 Y145.64006 Z0.2 E0.018763
G1 F1800 X95.825042 Y145.156028 Z0.2 E0.018762
G1 F1800 X95.897977 Y144.672756 Z0.2 E0.018763
G1 F1800 X95.976418 Y144.190328 Z0.2 E0.018763
G1 F1800 X96.060849 Y143.708913 Z0.2 E0.018763
G1 F1800 X96.151811 Y143.228682 Z0.2 E0.018762
G1 F1800 X96.249903 Y142.749874 Z0.2 E0.018762
G1 F1800 X96.355807 Y142.272725 Z0.2 E0.018762
G1 F1800 X96.470282 Y141.797562 Z0.2 E0.018762
G1 F1800 X96.594194 Y141.324773 Z0.2 E0.018762
G1 F1800 X96.728522 Y140.85484 Z0.2 E0.018762
G1 F1800 X96.874384 Y140.38836 Z0.2 E0.018762
G1 F1800 X97.033059 Y139.926075 Z0.2 E0.018761
G1 F1800 X97.205996 Y139.468961 Z0.2 E0.018762
G1 F1800 X97.39487 Y139.018194 Z0.2 E0.018761
G1 F1800 X97.601574 Y138.575327 Z0.2 E0.018761
G1 F1800 X97.828235 Y138.142349 Z0.2 E0.01876
G1 F1800 X98.077207 Y137.721821 Z0.2 E0.018759
G1 F1800 X98.350994 Y137.317041 Z0.2 E0.018758
G1 F1800 X98.652116 Y136.932192 Z0.2 E0.018757
G1 F1800 X98.982807 Y136.572482 Z0.2 E0.018756
G1 F1800 X99.344591 Y136.244096 Z0.2 E0.018753
G1 F1800 X99.737617 Y135.953946 Z0.2 E0.018752
G1 F1800 X100.160168 Y135.708838 Z0.2 E0.018752
G1 F1800 X100.608289 Y135.514428 Z0.2 E0.018752
G1 F1800 X101.076169 Y135.374012 Z0.2 E0.018754
G1 F1800 X101.556859 Y135.286808 Z0.2 E0.018756
G1 F1800 X102.043884 Y135.247701 Z0.2 E0.018758
G1 F1800 X102.53251 Y135.250665 Z0.2 E0.018759
G1 F1800 X103.019599 Y135.28989 Z0.2 E0.01876
G1 F1800 X103.503213 Y135.360201 Z0.2 E0.018761
G1 F1800 X103.982207 Y135.457167 Z0.2 E0.018761
G1 F1800 X104.455975 Y135.577082 Z0.2 E0.018762
G1 F1800 X104.924304 Y135.716883 Z0.2 E0.018761
G1 F1800 X105.387085 Y135.87401 Z0.2 E0.018762
G1 F1800 X105.844444 Y136.046369 Z0.2 E0.018762
G1 F1800 X106.296492 Y136.232188 Z0.2 E0.018762
G1 F1800 X106.743427 Y136.429998 Z0.2 E0.018762
G1 F1800 X107.185449 Y136.638556 Z0.2 E0.018762
G1 F1800 X107.622755 Y136.856801 Z0.2 E0.018763
G1 F1800 X108.055592 Y137.083855 Z0.2 E0.018762
G1 F1800 X108.484111 Y137.31892 Z0.2 E0.018762
G1 F1800 X108.908518 Y137.561335 Z0.2 E0.018763
G1 F1800 X109.328987 Y137.81052 Z0.2 E0.018763
G1 F1800 X109.745684 Y138.065968 Z0.2 E0.018763
G1 F1800 X110.158758 Y138.327229 Z0.2 E0.018763
G1 F1800 X110.568353 Y138.593913 Z0.2 E0.018763
G1 F1800 X110.9746 Y138.865671 Z0.2 E0.018763
G1 F1800 X111.377622 Y139.142195 Z0.2 E0.018763
G1 F1800 X111.777523 Y139.423207 Z0.2 E0.018763
G1 F1800 X112.17441 Y139.708461 Z0.2 E0.018762
G1 F1800 X112.568367 Y139.997731 Z0.2 E0.018763
G1 F1800 X112.959498 Y140.29083 Z0.2 E0.018763
G1 F1800 X113.347884 Y140.587581 Z0.2 E0.018763
G1 F1800 X113.733572 Y140.887806 Z0.2 E0.018763
G1 F1800 X114.116641 Y141.191366 Z0.2 E0.018762
G1 F1800 X114.497139 Y141.498123 Z0.2 E0.018763
G1 F1800 X114.875137 Y141.80797 Z0.2 E0.018763
G1 F1800 X115.250678 Y142.120796 Z0.2 E0.018763
G1 F1800 X115.623808 Y142.436505 Z0.2 E0.018762
G1 F1800 X115.994548 Y142.754995 Z0.2 E0.018763
G1 F1800 X116.362946 Y143.076199 Z0.2 E0.018763
G1 F1800 X116.729027 Y143.400044 Z0.2 E0.018763
G1 F1800 X117.092815 Y143.726463 Z0.2 E0.018763
G1 F1800 X117.454328 Y144.0554 Z0.2 E0.018763
G1 F1800 X117.813581 Y144.386804 Z0.2 E0.018763
G1 F1800 X118.170598 Y144.720644 Z0.2 E0.018763
G1 F1800 X118.525359 Y145.056856 Z0.2 E0.018763
G1 F1800 X118.877878 Y145.395419 Z0.2 E0.018763
G1 F1800 X119.228151 Y145.736306 Z0.2 E0.018763
G1 F1800 X119.57617 Y146.079495 Z0.2 E0.018763
G1 F1800 X119.921921 Y146.424968 Z0.2 E0.018763
G1 F1800 X120.265385 Y146.772714 Z0.2 E0.018763
G1 F1800 X120.606537 Y147.122726 Z0.2 E0.018762
G1 F1800 X120.94533 Y147.474987 Z0.2 E0.018763
G1 F1800 X121.281761 Y147.829537 Z0.2 E0.018763
G1 F1800 X121.61577 Y148.186369 Z0.2 E0.018763
G1 F1800 X121.947304 Y148.545502 Z0.2 E0.018763
G1 F1800 X122.276304 Y148.906958 Z0.2 E0.018763
G1 F1800 X122.602698 Y149.270768 Z0.2 E0.018763
G1 F1800 X122.926406 Y149.636971 Z0.2 E0.018763
G1 F1800 X123.247345 Y150.005625 Z0.2 E0.018763
G1 F1800 X123.565389 Y150.376765 Z0.2 E0.018762
G1 F1800 X123.880401 Y150.750441 Z0.2 E0.018763
G1 F1800 X124.192274 Y151.126773 Z0.2 E0.018763
G1 F1800 X124.500827 Y151.505832 Z0.2 E0.018763
G1 F1800 X124.805867 Y151.887724 Z0.2 E0.018763
G1 F1800 X125.10717 Y152.272571 Z0.2 E0.018763
G1 F1800 X125.404472 Y152.660516 Z0.2 E0.018763
G1 F1800 X125.697463 Y153.051726 Z0.2 E0.018763
G1 F1800 X125.985773 Y153.4464 Z0.2 E0.018763
G1 F1800 X126.268957 Y153.844767 Z0.2 E0.018763
G1 F1800 X126.546472 Y154.247103 Z0.2 E0.018763
G1 F1800 X126.817649 Y154.653736 Z0.2 E0.018762
G1 F1800 X127.081646 Y155.065059 Z0.2 E0.018762
G1 F1800 X127.337399 Y155.481564 Z0.2 E0.018762
G1 F1800 X127.583499 Y155.90384 Z0.2 E0.018762
G1 F1800 X127.818053 Y156.332621 Z0.2 E0.018762
G1 F1800 X128.038436 Y156.768861 Z0.2 E0.018761
G1 F1800 X128.240797 Y157.213721 Z0.2 E0.01876
G1 F1800 X128.419217 Y157.668677 Z0.2 E0.018756
G1 F1800 X128.563861 Y158.135378 Z0.2 E0.018748
G1 F1800 X128.656804 Y158.614849 Z0.2 E0.018718
G1 F1800 X128.661821 Y159.102428 Z0.2 E0.01861
G1 F1800 X128.508244 Y159.562242 Z0.2 E0.018524
G1 F1800 X128.147701 Y159.882951 Z0.2 E0.018669
G1 F1800 X127.678963 Y160.01255 Z0.2 E0.018738
G1 F1800 X127.190901 Y160.020668 Z0.2 E0.018754
G1 F1800 X126.70584 Y159.962423 Z0.2 E0.018759
G1 F1800 X126.227467 Y159.862684 Z0.2 E0.01876
G1 F1800 X125.756054 Y159.733822 Z0.2 E0.018761
G1 F1800 X125.291239 Y159.582837 Z0.2 E0.018762
G1 F1800 X124.832564 Y159.414065 Z0.2 E0.018762
G1 F1800 X124.37964 Y159.230381 Z0.2 E0.018762
G1 F1800 X123.932171 Y159.03379 Z0.2 E0.018762
G1 F1800 X123.489915 Y158.825724 Z0.2 E0.018762
G1 F1800 X123.05271 Y158.607246 Z0.2 E0.018762
G1 F1800 X122.620446 Y158.379147 Z0.2 E0.018763
G1 F1800 X122.193058 Y158.142023 Z0.2 E0.018762
G1 F1800 X121.770542 Y157.896332 Z0.2 E0.018762
G1 F1800 X121.352922 Y157.64241 Z0.2 E0.018763
G1 F1800 X120.940257 Y157.3805 Z0.2 E0.018762
G1 F1800 X120.532659 Y157.11078 Z0.2 E0.018762
G1 F1800 X120.130269 Y156.833361 Z0.2 E0.018763
G1 F1800 X119.733251 Y156.548287 Z0.2 E0.018762
G1 F1800 X119.341843 Y156.255578 Z0.2 E0.018762
G1 F1800 X118.956293 Y155.955188 Z0.2 E0.018762
G1 F1800 X118.576912 Y155.647043 Z0.2 E0.018763
G1 F1800 X118.204054 Y155.331023 Z0.2 E0.018762
G1 F1800 X117.83815 Y155.00699 Z0.2 E0.018762
G1 F1800 X117.479675 Y154.674755 Z0.2 E0.018762
G1 F1800 X117.129189 Y154.334107 Z0.2 E0.018762
G1 F1800 X116.787338 Y153.984803 Z0.2 E0.018763
G1 F1800 X116.454848 Y153.626557 Z0.2 E0.018762
G1 F1800 X116.13259 Y153.259088 Z0.2 E0.018762
G1 F1800 X115.821554 Y152.882086 Z0.2 E0.018761
G1 F1800 X115.522891 Y152.495244 Z0.2 E0.018762
G1 F1800 X115.237881 Y152.098188 Z0.2 E0.018762
G1 F1800 X114.968081 Y151.690667 Z0.2 E0.01876
G1 F1800 X114.715251 Y151.272444 Z0.2 E0.018761
G1 F1800 X114.48138 Y150.843314 Z0.2 E0.018761
G1 F1800 X114.268771 Y150.40327 Z0.2 E0.01876
G1 F1800 X114.080008 Y149.952496 Z0.2 E0.01876
G1 F1800 X113.917938 Y149.491451 Z0.2 E0.018759
G1 F1800 X113.785643 Y149.021035 Z0.2 E0.018759
G1 F1800 X113.686275 Y148.542585 Z0.2 E0.018759
G1 F1800 X113.621879 Y148.058187 Z0.2 E0.018759
G1 F1800 X113.592319 Y147.570419 Z0.2 E0.018759
G1 F1800 X113.59674 Y147.081769 Z0.2 E0.018759
G1 F1800 X113.633833 Y146.594501 Z0.2 E0.01876
G1 F1800 X113.701963 Y146.11059 Z0.2 E0.01876
G1 F1800 X113.799289 Y145.63169 Z0.2 E0.018761
G1 F1800 X113.923891 Y145.159128 Z0.2 E0.01876
G1 F1800 X114.073828 Y144.693998 Z0.2 E0.018761
G1 F1800 X114.247244 Y144.237084 Z0.2 E0.018761
G1 F1800 X114.442375 Y143.789009 Z0.2 E0.018761
G1 F1800 X114.657592 Y143.350221 Z0.2 E0.018761
G1 F1800 X114.89141 Y142.921047 Z0.2 E0.018761
G1 F1800 X115.142477 Y142.501735 Z0.2 E0.018762
G1 F1800 X115.409603 Y142.092445 Z0.2 E0.018762
G1 F1800 X115.691698 Y141.69334 Z0.2 E0.018762
G1 F1800 X115.987825 Y141.304525 Z0.2 E0.018762
G1 F1800 X116.297148 Y140.926116 Z0.2 E0.018762
G1 F1800 X116.61893 Y140.558248 Z0.2 E0.018762
G1 F1800 X116.952533 Y140.201064 Z0.2 E0.018762
G1 F1800 X117.297405 Y139.854747 Z0.2 E0.018762
G1 F1800 X117.653069 Y139.519518 Z0.2 E0.018762
G1 F1800 X118.019115 Y139.19566 Z0.2 E0.018762
G1 F1800 X118.395196 Y138.883518 Z0.2 E0.018762
G1 F1800 X118.78104 Y138.583503 Z0.2 E0.018762
G1 F1800 X119.176395 Y138.296146 Z0.2 E0.018761
G1 F1800 X119.581045 Y138.022094 Z0.2 E0.018762
G1 F1800 X119.994883 Y137.762082 Z0.2 E0.018762
G1 F1800 X120.417766 Y137.51706 Z0.2 E0.018762
G1 F1800 X120.849588 Y137.288166 Z0.2 E0.018761
G1 F1800 X121.290244 Y137.076788 Z0.2 E0.018761
G1 F1800 X121.739539 Y136.884466 Z0.2 E0.018761
G1 F1800 X122.197032 Y136.712554 Z0.2 E0.018761
G1 F1800 X122.662086 Y136.562336 Z0.2 E0.018761
G1 F1800 X123.133924 Y136.435 Z0.2 E0.018761
G1 F1800 X123.611586 Y136.331612 Z0.2 E0.018761
G1 F1800 X124.093944 Y136.253058 Z0.2 E0.01876
G1 F1800 X124.579752 Y136.199998 Z0.2 E0.018761
G1 F1800 X125.067705 Y136.172828 Z0.2 E0.01876
G1 F1800 X125.556408 Y136.17167 Z0.2 E0.018761
G1 F1800 X126.044493 Y136.196355 Z0.2 E0.018761
G1 F1800 X126.53063 Y136.246442 Z0.2 E0.01876
G1 F1800 X127.013577 Y136.321238 Z0.2 E0.018761
G1 F1800 X127.49224 Y136.419847 Z0.2 E0.018761
G1 F1800 X127.965667 Y136.541209 Z0.2 E0.018761
G1 F1800 X128.433024 Y136.684139 Z0.2 E0.018761
G1 F1800 X128.893681 Y136.847388 Z0.2 E0.018761
G1 F1800 X129.347144 Y137.02968 Z0.2 E0.018762
G1 F1800 X129.793059 Y137.229736 Z0.2 E0.018762
G1 F1800 X130.231191 Y137.446311 Z0.2 E0.018761
G1 F1800 X130.661401 Y137.6782 Z0.2 E0.018763
G1 F1800 X131.08369 Y137.924292 Z0.2 E0.018762
G1 F1800 X131.498037 Y138.183496 Z0.2 E0.018762
G1 F1800 X131.904551 Y138.454829 Z0.2 E0.018762
G1 F1800 X132.303344 Y138.737366 Z0.2 E0.018763
G1 F1800 X132.694616 Y139.030288 Z0.2 E0.018762
G1 F1800 X133.078505 Y139.332788 Z0.2 E0.018762
G1 F1800 X133.455231 Y139.644169 Z0.2 E0.018762
G1 F1800 X133.825002 Y139.963781 Z0.2 E0.018762
G1 F1800 X134.188029 Y140.29103 Z0.2 E0.018763
G1 F1800 X134.544538 Y140.625383 Z0.2 E0.018762
G1 F1800 X134.894732 Y140.966334 Z0.2 E0.018762
G1 F1800 X135.238829 Y141.313441 Z0.2 E0.018762
G1 F1800 X135.577029 Y141.666283 Z0.2 E0.018763
G1 F1800 X135.909558 Y142.024511 Z0.2 E0.018762
G1 F1800 X136.23658 Y142.387746 Z0.2 E0.018762
G1 F1800 X136.558297 Y142.755691 Z0.2 E0.018763
G1 F1800 X136.874891 Y143.128057 Z0.2 E0.018762
G1 F1800 X137.186522 Y143.504564 Z0.2 E0.018763
G1 F1800 X137.493377 Y143.884995 Z0.2 E0.018764
G1 F1800 X137.795621 Y144.269133 Z0.2 E0.018762
G1 F1800 X138.093371 Y144.656729 Z0.2 E0.018763
G1 F1800 X138.386791 Y145.047617 Z0.2 E0.018763
G1 F1800 X138.676016 Y145.44162 Z0.2 E0.018763
G1 F1800 X138.961178 Y145.838574 Z0.2 E0.018762
G1 F1800 X139.242399 Y146.238326 Z0.2 E0.018763
G1 F1800 X139.51981 Y146.640751 Z0.2 E0.018763
G1 F1800 X139.793504 Y147.045693 Z0.2 E0.018763
G1 F1800 X140.063601 Y147.453046 Z0.2 E0.018763
G1 F1800 X140.330201 Y147.862697 Z0.2 E0.018763
G1 F1800 X140.593404 Y148.27454 Z0.2 E0.018763
G1 F1800 X140.853301 Y148.688478 Z0.2 E0.018762
G1 F1800 X141.109977 Y149.104413 Z0.2 E0.018763
G1 F1800 X141.363524 Y149.522269 Z0.2 E0.018763
G1 F1800 X141.614027 Y149.941976 Z0.2 E0.018763
G1 F1800 X141.861545 Y150.363431 Z0.2 E0.018763
G1 F1800 X142.106162 Y150.786577 Z0.2 E0.018763
G1 F1800 X142.347946 Y151.211349 Z0.2 E0.018763
G1 F1800 X142.586964 Y151.637684 Z0.2 E0.018762
G1 F1800 X142.82327 Y152.065509 Z0.2 E0.018762
G1 F1800 X143.056938 Y152.494791 Z0.2 E0.018763
G1 F1800 X143.288023 Y152.925474 Z0.2 E0.018763
G1 F1800 X143.51658 Y153.357508 Z0.2 E0.018764
G1 F1800 X143.74267 Y153.790867 Z0.2 E0.018762
G1 F1800 X143.966317 Y154.225456 Z0.2 E0.018763
G1 F1800 X144.187586 Y154.661265 Z0.2 E0.018763
G1 F1800 X144.406521 Y155.098253 Z0.2 E0.018763
G1 F1800 X144.623171 Y155.536396 Z0.2 E0.018762
G1 F1800 X144.837554 Y155.975616 Z0.2 E0.018762
G1 F1800 X145.04972 Y156.415916 Z0.2 E0.018762
G1 F1800 X145.259698 Y156.85727 Z0.2 E0.018763
G1 F1800 X145.467516 Y157.299648 Z0.2 E0.018763
G1 F1800 X145.673203 Y157.743023 Z0.2 E0.018763
G1 F1800 X145.876786 Y158.187371 Z0.2 E0.018763
G1 F1800 X146.078292 Y158.632665 Z0.2 E0.018763
G1 F1800 X146.277745 Y159.078882 Z0.2 E0.018764
G1 F1800 X146.475189 Y159.526038 Z0.2 E0.018762
G1 F1800 X146.670612 Y159.974029 Z0.2 E0.018763
G1 F1800 X146.864059 Y160.422879 Z0.2 E0.018763
G1 F1800 X147.055552 Y160.872567 Z0.2 E0.018763
G1 F1800 X147.245113 Y161.323074 Z0.2 E0.018763
G1 F1800 X147.432766 Y161.774381 Z0.2 E0.018763
G1 F1800 X147.618531 Y162.226468 Z0.2 E0.018763
G1 F1800 X147.802429 Y162.679318 Z0.2 E0.018763
G1 F1800 X147.98448 Y163.132914 Z0.2 E0.018764
G1 F1800 X148.164712 Y163.58726 Z0.2 E0.018763
G1 F1800 X148.343128 Y164.042298 Z0.2 E0.018763
G1 F1800 X148.519754 Y164.498034 Z0.2 E0.018763
G1 F1800 X148.694613 Y164.954463 Z0.2 E0.018763
G1 F1800 X148.867713 Y165.411549 Z0.2 E0.018763
G1 F1800 X149.039076 Y165.86929 Z0.2 E0.018763
G1 F1800 X149.208718 Y166.327671 Z0.2 E0.018763
G1 F1800 X149.376655 Y166.78668 Z0.2 E0.018763
G1 F1800 X149.542902 Y167.246304 Z0.2 E0.018763
G1 F1800 X149.707473 Y167.70653 Z0.2 E0.018763
G1 F1800 X149.870384 Y168.167346 Z0.2 E0.018763
G1 F1800 X150.031654 Y168.628759 Z0.2 E0.018762
G1 F1800 X150.191274 Y169.090695 Z0.2 E0.018763
G1 F1800 X150.349283 Y169.553216 Z0.2 E0.018763
G1 F1800 X150.505684 Y170.016284 Z0.2 E0.018763
G1 F1800 X150.660488 Y170.479887 Z0.2 E0.018763
G1 F1800 X150.813706 Y170.944018 Z0.2 E0.018763
G1 F1800 X150.96535 Y171.408665 Z0.2 E0.018763
G1 F1800 X151.11543 Y171.873819 Z0.2 E0.018763
G1 F1800 X151.263955 Y172.339472 Z0.2 E0.018763
G1 F1800 X151.410937 Y172.805615 Z0.2 E0.018763
G1 F1800 X151.556382 Y173.27224 Z0.2 E0.018763
G1 F1800 X151.700301 Y173.739337 Z0.2 E0.018763
G1 F1800 X151.842701 Y174.206899 Z0.2 E0.018763
G1 F1800 X151.98359 Y174.674919 Z0.2 E0.018762
G1 F1800 X152.122973 Y175.14338 Z0.2 E0.018763
G1 F1800 X152.260863 Y175.612298 Z0.2 E0.018763
G1 F1800 X152.397262 Y176.081652 Z0.2 E0.018763
G1 F1800 X152.532176 Y176.551435 Z0.2 E0.018763
G1 F1800 X152.66561 Y177.02164 Z0.2 E0.018763
G1 F1800 X152.79757 Y177.492261 Z0.2 E0.018763
G1 F1800 X152.92806 Y177.963291 Z0.2 E0.018763
G1 F1800 X153.057083 Y178.434726 Z0.2 E0.018763
G1 F1800 X153.184643 Y178.906558 Z0.2 E0.018763
G1 F1800 X153.310743 Y179.378781 Z0.2 E0.018763
G1 F1800 X153.435385 Y179.851392 Z0.2 E0.018763
G1 F1800 X153.558571 Y180.324383 Z0.2 E0.018763
G1 F1800 X153.680303 Y180.79775 Z0.2 E0.018763
G1 F1800 X153.800581 Y181.271488 Z0.2 E0.018763
G1 F1800 X153.919405 Y181.745591 Z0.2 E0.018763
G1 F1800 X154.036775 Y182.220056 Z0.2 E0.018761
G1 F1800 X154.152677 Y182.694825 Z0.2 E0.018763
G1 F1800 X154.267136 Y183.169999 Z0.2 E0.018763
G1 F1800 X154.380137 Y183.645523 Z0.2 E0.018763
G1 F1800 X154.491675 Y184.121392 Z0.2 E0.018763
G1 F1800 X154.601749 Y184.597602 Z0.2 E0.018763
G1 F1800 X154.710354 Y185.074149 Z0.2 E0.018763
G1 F1800 X154.817484 Y185.551029 Z0.2 E0.018763
G1 F1800 X154.923134 Y186.02824 Z0.2 E0.018763
G1 F1800 X155.027301 Y186.505796 Z0.2 E0.018763
G1 F1800 X155.129973 Y186.983674 Z0.2 E0.018763
G1 F1800 X155.231143 Y187.461871 Z0.2 E0.018763
G1 F1800 X155.330799 Y187.940384 Z0.2 E0.018763
G1 F1800 X155.428933 Y188.419208 Z0.2 E0.018763
G1 F1800 X155.525533 Y188.898343 Z0.2 E0.018763
G1 F1800 X155.620586 Y189.377783 Z0.2 E0.018763
G1 F1800 X155.714078 Y189.857527 Z0.2 E0.018759
G1 F1800 X155.805975 Y190.337466 Z0.2 E0.018763
G1 F1800 X155.896301 Y190.817813 Z0.2 E0.018763
G1 F1800 X155.985019 Y191.29846 Z0.2 E0.018763
G1 F1800 X156.072108 Y191.779404 Z0.2 E0.018763
G1 F1800 X156.157548 Y192.260644 Z0.2 E0.018763
G1 F1800 X156.241317 Y192.742178 Z0.2 E0.018763
G1 F1800 X156.323389 Y193.224004 Z0.2 E0.018763
G1 F1800 X156.403738 Y193.70612 Z0.2 E0.018763
G1 F1800 X156.482335 Y194.188525 Z0.2 E0.018763
G1 F1800 X156.559148 Y194.671217 Z0.2 E0.018763
G1 F1800 X156.634144 Y195.154195 Z0.2 E0.018763
G1 F1800 X156.707285 Y195.637457 Z0.2 E0.018763
G1 F1800 X156.77853 Y196.121002 Z0.2 E0.018763
G1 F1800 X156.847837 Y196.604829 Z0.2 E0.018763
G1 F1800 X156.915157 Y197.088936 Z0.2 E0.018763
G1 F1800 X156.98044 Y197.573336 Z0.2 E0.018763
G1 F1800 X157.043625 Y198.058001 Z0.2 E0.018762
G1 F1800 X157.10465 Y198.542926 Z0.2 E0.018763
G1 F1800 X157.163451 Y199.028142 Z0.2 E0.018763
G1 F1800 X157.219949 Y199.513632 Z0.2 E0.018763
G1 F1800 X157.274062 Y199.999393 Z0.2 E0.018763
G1 F1800 X157.325698 Y200.485423 Z0.2 E0.018763
G1 F1800 X157.374755 Y200.971721 Z0.2 E0.018763
G1 F1800 X157.42112 Y201.458283 Z0.2 E0.018763
G1 F1800 X157.464666 Y201.945105 Z0.2 E0.018763
G1 F1800 X157.505251 Y202.432182 Z0.2 E0.018763
G1 F1800 X157.542713 Y202.919509 Z0.2 E0.018763
G1 F1800 X157.57687 Y203.407075 Z0.2 E0.018763
G1 F1800 X157.607516 Y203.89488 Z0.2 E0.018763
G1 F1800 X157.634411 Y204.382906 Z0.2 E0.018763
G1 F1800 X157.657278 Y204.871136 Z0.2 E0.018763
G1 F1800 X157.675795 Y205.359551 Z0.2 E0.018763
G1 F1800 X157.68958 Y205.848121 Z0.2 E0.018763
G1 F1800 X157.698181 Y206.336809 Z0.2 E0.018762
G1 F1800 X157.70105 Y206.825558 Z0.2 E0.018763
G1 F1800 X157.697516 Y207.314311 Z0.2 E0.018763
G1 F1800 X157.686742 Y207.802957 Z0.2 E0.018763
G1 F1800 X157.667664 Y208.291346 Z0.2 E0.018762
G1 F1800 X157.638894 Y208.779244 Z0.2 E0.018763
G1 F1800 X157.598559 Y209.266339 Z0.2 E0.018762
G1 F1800 X157.544048 Y209.75204 Z0.2 E0.018761
G1 F1800 X157.471526 Y210.235345 Z0.2 E0.018761
G1 F1800 X157.374969 Y210.714422 Z0.2 E0.018756
G1 F1800 X157.244079 Y211.185162 Z0.2 E0.018744
G1 F1800 X157.058925 Y211.636966 Z0.2 E0.018673
G1 F1800 X156.775902 Y212.032585 Z0.2 E0.018317
G1 F1800 X156.338402 Y212.223021 Z0.2 E0.018526
G1 F1800 X155.878022 Y212.078312 Z0.2 E0.018725
G1 F1800 X155.493914 Y211.777666 Z0.2 E0.018753
G1 F1800 X155.161734 Y211.419489 Z0.2 E0.018759
G1 F1800 X154.862837 Y211.032898 Z0.2 E0.018761
G1 F1800 X154.587252 Y210.629297 Z0.2 E0.018761
G1 F1800 X154.329184 Y210.214253 Z0.2 E0.018762
G1 F1800 X154.084964 Y209.790897 Z0.2 E0.018763
G1 F1800 X153.852106 Y209.361164 Z0.2 E0.018762
G1 F1800 X153.628858 Y208.926373 Z0.2 E0.018762
G1 F1800 X153.413907 Y208.487417 Z0.2 E0.018762
G1 F1800 X153.20626 Y208.044969 Z0.2 E0.018763
G1 F1800 X153.005127 Y207.59951 Z0.2 E0.018763
G1 F1800 X152.809882 Y207.151427 Z0.2 E0.018763
G1 F1800 X152.620023 Y206.701047 Z0.2 E0.018762
G1 F1800 X152.435127 Y206.248609 Z0.2 E0.018762
G1 F1800 X152.254845 Y205.794325 Z0.2 E0.018763
G1 F1800 X152.078861 Y205.338322 Z0.2 E0.018763
G1 F1800 X151.906941 Y204.880793 Z0.2 E0.018762
G1 F1800 X151.738861 Y204.42185 Z0.2 E0.018763
G1 F1800 X151.574425 Y203.96158 Z0.2 E0.018763
G1 F1800 X151.413469 Y203.500078 Z0.2 E0.018763
G1 F1800 X151.255846 Y203.03742 Z0.2 E0.018763
G1 F1800 X151.101433 Y202.57369 Z0.2 E0.018763
G1 F1800 X150.950112 Y202.10894 Z0.2 E0.018762
G1 F1800 X150.801788 Y201.643238 Z0.2 E0.018762
G1 F1800 X150.656364 Y201.176614 Z0.2 E0.018763
G1 F1800 X150.51376 Y200.709117 Z0.2 E0.018763
G1 F1800 X150.373907 Y200.240787 Z0.2 E0.018763
G1 F1800 X150.236739 Y199.771666 Z0.2 E0.018764
G1 F1800 X150.102189 Y199.301749 Z0.2 E0.018763
G1 F1800 X149.970225 Y198.831137 Z0.2 E0.018763
G1 F1800 X149.840789 Y198.359822 Z0.2 E0.018762
G1 F1800 X149.713843 Y197.887843 Z0.2 E0.018762
G1 F1800 X149.589345 Y197.415207 Z0.2 E0.018763
G1 F1800 X149.467261 Y196.941937 Z0.2 E0.018763
G1 F1800 X149.347562 Y196.468057 Z0.2 E0.018763
G1 F1800 X149.23022 Y195.993587 Z0.2 E0.018762
G1 F1800 X149.115215 Y195.518559 Z0.2 E0.018763
G1 F1800 X149.002519 Y195.042963 Z0.2 E0.018764
G1 F1800 X148.892111 Y194.566807 Z0.2 E0.018762
G1 F1800 X148.78399 Y194.09017 Z0.2 E0.018762
G1 F1800 X148.67813 Y193.613019 Z0.2 E0.018762
G1 F1800 X148.574519 Y193.135371 Z0.2 E0.018762
G1 F1800 X148.473148 Y192.657239 Z0.2 E0.018763
G1 F1800 X148.374008 Y192.178638 Z0.2 E0.018763
G1 F1800 X148.277092 Y191.699579 Z0.2 E0.018763
G1 F1800 X148.182396 Y191.220076 Z0.2 E0.018763
G1 F1800 X148.089915 Y190.74014 Z0.2 E0.018763
G1 F1800 X147.999648 Y190.259783 Z0.2 E0.018762
G1 F1800 X147.911595 Y189.779024 Z0.2 E0.018763
G1 F1800 X147.825754 Y189.297858 Z0.2 E0.018766
G1 F1800 X147.742114 Y188.816217 Z0.2 E0.018762
G1 F1800 X147.660707 Y188.334286 Z0.2 E0.018763
G1 F1800 X147.581522 Y187.851982 Z0.2 E0.018763
G1 F1800 X147.504564 Y187.369317 Z0.2 E0.018763
G1 F1800 X147.42984 Y186.8863 Z0.2 E0.018763
G1 F1800 X147.357356 Y186.40294 Z0.2 E0.018763
G1 F1800 X147.287123 Y185.919248 Z0.2 E0.018763
G1 F1800 X147.219149 Y185.435233 Z0.2 E0.018763
G1 F1800 X147.153445 Y184.950904 Z0.2 E0.018763
G1 F1800 X147.090023 Y184.466271 Z0.2 E0.018762
G1 F1800 X147.028897 Y183.981359 Z0.2 E0.018762
G1 F1800 X146.970077 Y183.496153 Z0.2 E0.018763
G1 F1800 X146.91358 Y183.010668 Z0.2 E0.018763
G1 F1800 X146.85942 Y182.524913 Z0.2 E0.018763
G1 F1800 X146.807614 Y182.038902 Z0.2 E0.018765
G1 F1800 X146.758174 Y181.552593 Z0.2 E0.018763
G1 F1800 X146.71113 Y181.066097 Z0.2 E0.018763
G1 F1800 X146.666494 Y180.579375 Z0.2 E0.018763
G1 F1800 X146.624288 Y180.092435 Z0.2 E0.018763
G1 F1800 X146.584532 Y179.605289 Z0.2 E0.018762
G1 F1800 X146.547249 Y179.117963 Z0.2 E0.018762
G1 F1800 X146.51246 Y178.630448 Z0.2 E0.018762
G1 F1800 X146.480191 Y178.142756 Z0.2 E0.018763
G1 F1800 X146.450464 Y177.6549 Z0.2 E0.018763
G1 F1800 X146.423307 Y177.166893 Z0.2 E0.018763
G1 F1800 X146.398745 Y176.678746 Z0.2 E0.018763
G1 F1800 X146.376808 Y176.190474 Z0.2 E0.018763
G1 F1800 X146.357523 Y175.70209 Z0.2 E0.018763
G1 F1800 X146.340919 Y175.213606 Z0.2 E0.018764
G1 F1800 X146.327027 Y174.724994 Z0.2 E0.018763
G1 F1800 X146.315881 Y174.236357 Z0.2 E0.018763
G1 F1800 X146.307511 Y173.747663 Z0.2 E0.018763
G1 F1800 X146.301952 Y173.258918 Z0.2 E0.018763
G1 F1800 X146.299238 Y172.77016 Z0.2 E0.018763
G1 F1800 X146.299405 Y172.281395 Z0.2 E0.018763
G1 F1800 X146.302489 Y171.792639 Z0.2 E0.018763
G1 F1800 X146.308529 Y171.303911 Z0.2 E0.018763
G1 F1800 X146.317564 Y170.81523 Z0.2 E0.018763
G1 F1800 X146.329633 Y170.326614 Z0.2 E0.018763
G1 F1800 X146.344777 Y169.838083 Z0.2 E0.018763
G1 F1800 X146.36304 Y169.349659 Z0.2 E0.018763
G1 F1800 X146.384465 Y168.861364 Z0.2 E0.018763
G1 F1800 X146.409095 Y168.37322 Z0.2 E0.018762
G1 F1800 X146.436978 Y167.885262 Z0.2 E0.018763
G1 F1800 X146.46816 Y167.397493 Z0.2 E0.018763
G1 F1800 X146.502689 Y166.909948 Z0.2 E0.018763
G1 F1800 X146.540615 Y166.422657 Z0.2 E0.018763
G1 F1800 X146.581989 Y165.935646 Z0.2 E0.018763
G1 F1800 X146.626863 Y165.448945 Z0.2 E0.018763
G1 F1800 X146.675289 Y164.962584 Z0.2 E0.018763
G1 F1800 X146.727322 Y164.476597 Z0.2 E0.018763
G1 F1800 X146.783018 Y163.991016 Z0.2 E0.018763
G1 F1800 X146.842434 Y163.505876 Z0.2 E0.018763
G1 F1800 X146.905621 Y163.021215 Z0.2 E0.018763
G1 F1800 X146.972583 Y162.537059 Z0.2 E0.018763
G1 F1800 X147.043308 Y162.053438 Z0.2 E0.018763
G1 F1800 X147.117785 Y161.57038 Z0.2 E0.018763
G1 F1800 X147.196007 Y161.087916 Z0.2 E0.018763
G1 F1800 X147.277973 Y160.60607 Z0.2 E0.018763
G1 F1800 X147.363683 Y160.124876 Z0.2 E0.018763
G1 F1800 X147.453141 Y159.644365 Z0.2 E0.018763
G1 F1800 X147.546354 Y159.16457 Z0.2 E0.018763
G1 F1800 X147.643336 Y158.685523 Z0.2 E0.018762
G1 F1800 X147.7441 Y158.207268 Z0.2 E0.018763
G1 F1800 X147.848674 Y157.72981 Z0.2 E0.018763
G1 F1800 X147.957076 Y157.253209 Z0.2 E0.018763
G1 F1800 X148.069338 Y156.777502 Z0.2 E0.018763
G1 F1800 X148.185492 Y156.302733 Z0.2 E0.018763
G1 F1800 X148.305578 Y155.828946 Z0.2 E0.018763
G1 F1800 X148.42964 Y155.356186 Z0.2 E0.018761
G1 F1800 X148.557717 Y154.884544 Z0.2 E0.018763
G1 F1800 X148.689888 Y154.41399 Z0.2 E0.018763
G1 F1800 X148.826204 Y153.944619 Z0.2 E0.018763
G1 F1800 X148.966735 Y153.476494 Z0.2 E0.018763
G1 F1800 X149.111563 Y153.009662 Z0.2 E0.018763
G1 F1800 X149.260767 Y152.544215 Z0.2 E0.018763
G1 F1800 X149.41444 Y152.08023 Z0.2 E0.018763
G1 F1800 X149.572685 Y151.617792 Z0.2 E0.018761
G1 F1800 X149.735602 Y151.157023 Z0.2 E0.018763
G1 F1800 X149.903345 Y150.697945 Z0.2 E0.018763
G1 F1800 X150.076037 Y150.240706 Z0.2 E0.018763
G1 F1800 X150.253828 Y149.785426 Z0.2 E0.018763
G1 F1800 X150.436884 Y149.332237 Z0.2 E0.018763
G1 F1800 X150.625393 Y148.881276 Z0.2 E0.018762
G1 F1800 X150.819542 Y148.432742 Z0.2 E0.018763
G1 F1800 X151.019566 Y147.986783 Z0.2 E0.018763
G1 F1800 X151.225707 Y147.543619 Z0.2 E0.018763
G1 F1800 X151.438237 Y147.103484 Z0.2 E0.018763
G1 F1800 X151.657455 Y146.666642 Z0.2 E0.018763
G1 F1800 X151.883697 Y146.233397 Z0.2 E0.018763
G1 F1800 X152.117337 Y145.804095 Z0.2 E0.018762
G1 F1800 X152.358789 Y145.37914 Z0.2 E0.018762
G1 F1800 X152.608518 Y144.958997 Z0.2 E0.018762
G1 F1800 X152.867045 Y144.544212 Z0.2 E0.018763
G1 F1800 X153.13496 Y144.135421 Z0.2 E0.018762
G1 F1800 X153.412905 Y143.73341 Z0.2 E0.018762
G1 F1800 X153.701638 Y143.339062 Z0.2 E0.018762
G1 F1800 X154.001983 Y142.95349 Z0.2 E0.018762
G1 F1800 X154.314872 Y142.578035 Z0.2 E0.018762
G1 F1800 X154.641346 Y142.214334 Z0.2 E0.018761
G1 F1800 X154.982547 Y141.864424 Z0.2 E0.018761
G1 F1800 X155.339708 Y141.530838 Z0.2 E0.01876
G1 F1800 X155.714109 Y141.216747 Z0.2 E0.018759
G1 F1800 X156.106982 Y140.92613 Z0.2 E0.018758
G1 F1800 X156.519333 Y140.66395 Z0.2 E0.018757
G1 F1800 X156.95166 Y140.436279 Z0.2 E0.018755
G1 F1800 X157.403443 Y140.250308 Z0.2 E0.018752
G1 F1800 X157.87253 Y140.113974 Z0.2 E0.018751
G1 F1800 X158.354427 Y140.034144 Z0.2 E0.018751
G1 F1800 X158.842452 Y140.013795 Z0.2 E0.018752
G1 F1800 X159.329411 Y140.052324 Z0.2 E0.018753
G1 F1800 X159.808868 Y140.145993 Z0.2 E0.018755
G1 F1800 X160.276044 Y140.288974 Z0.2 E0.018757
G1 F1800 X160.728031 Y140.474609 Z0.2 E0.018758
G1 F1800 X161.163465 Y140.69636 Z0.2 E0.018759
G1 F1800 X161.58214 Y140.948382 Z0.2 E0.01876
G1 F1800 X161.984536 Y141.225697 Z0.2 E0.018761
G1 F1800 X162.371509 Y141.524182 Z0.2 E0.018761
G1 F1800 X162.744081 Y141.840479 Z0.2 E0.018761
G1 F1800 X163.103317 Y142.171856 Z0.2 E0.018762
G1 F1800 X163.450252 Y142.5161 Z0.2 E0.018762
G1 F1800 X163.785863 Y142.871406 Z0.2 E0.018762
G1 F1800 X164.111034 Y143.236283 Z0.2 E0.018762
G1 F1800 X164.426588 Y143.609519 Z0.2 E0.018762
G1 F1800 X164.733256 Y143.990096 Z0.2 E0.018762
G1 F1800 X165.031691 Y144.377154 Z0.2 E0.018762
G1 F1800 X165.322496 Y144.769986 Z0.2 E0.018762
G1 F1800 X165.6062 Y145.167979 Z0.2 E0.018763
G1 F1800 X165.883283 Y145.570612 Z0.2 E0.018762
G1 F1800 X166.154173 Y145.977431 Z0.2 E0.018763
G1 F1800 X166.419267 Y146.388056 Z0.2 E0.018762
G1 F1800 X166.678915 Y146.802144 Z0.2 E0.018763
G1 F1800 X166.933444 Y147.219411 Z0.2 E0.018762
G1 F1800 X167.183131 Y147.639575 Z0.2 E0.018763
G1 F1800 X167.428255 Y148.062424 Z0.2 E0.018763
G1 F1800 X167.669056 Y148.487752 Z0.2 E0.018762
G1 F1800 X167.905753 Y148.915373 Z0.2 E0.018763
G1 F1800 X168.138566 Y149.345151 Z0.2 E0.018762
G1 F1800 X168.367655 Y149.776888 Z0.2 E0.018762
G1 F1800 X168.593212 Y150.210488 Z0.2 E0.018763
G1 F1800 X168.815396 Y150.64583 Z0.2 E0.018763
G1 F1800 X169.034353 Y151.082806 Z0.2 E0.018762
G1 F1800 X169.250217 Y151.521305 Z0.2 E0.018764
G1 F1800 X169.463139 Y151.961291 Z0.2 E0.018762
G1 F1800 X169.673199 Y152.402597 Z0.2 E0.018762
G1 F1800 X169.88053 Y152.845198 Z0.2 E0.018762
G1 F1800 X170.085236 Y153.289024 Z0.2 E0.018763
G1 F1800 X170.287412 Y153.734011 Z0.2 E0.018763
G1 F1800 X170.48715 Y154.1801 Z0.2 E0.018763
G1 F1800 X170.684534 Y154.627237 Z0.2 E0.018762
G1 F1800 X170.879639 Y155.075362 Z0.2 E0.018763
G1 F1800 X171.07255 Y155.524447 Z0.2 E0.018765
G1 F1800 X171.26335 Y155.974483 Z0.2 E0.018762
G1 F1800 X171.452067 Y156.425337 Z0.2 E0.018762
G1 F1800 X171.638787 Y156.877025 Z0.2 E0.018763
G1 F1800 X171.823568 Y157.329511 Z0.2 E0.018763
G1 F1800 X172.006467 Y157.782764 Z0.2 E0.018763
G1 F1800 X172.187537 Y158.236751 Z0.2 E0.018763
G1 F1800 X172.366828 Y158.691445 Z0.2 E0.018763
G1 F1800 X172.544388 Y159.146817 Z0.2 E0.018762
G1 F1800 X172.720259 Y159.602838 Z0.2 E0.018763
G1 F1800 X172.894489 Y160.059494 Z0.2 E0.018764
G1 F1800 X173.067131 Y160.516793 Z0.2 E0.018762
G1 F1800 X173.238194 Y160.974639 Z0.2 E0.018763
G1 F1800 X173.407732 Y161.433055 Z0.2 E0.018763
G1 F1800 X173.57578 Y161.892021 Z0.2 E0.018763
G1 F1800 X173.742371 Y162.351518 Z0.2 E0.018763
G1 F1800 X173.907536 Y162.81153 Z0.2 E0.018763
G1 F1800 X174.071307 Y163.272041 Z0.2 E0.018763
G1 F1800 X174.233713 Y163.733036 Z0.2 E0.018763
G1 F1800 X174.39478 Y164.1945 Z0.2 E0.018762
G1 F1800 X174.554532 Y164.656407 Z0.2 E0.018762
G1 F1800 X174.713001 Y165.118764 Z0.2 E0.018763
G1 F1800 X174.870209 Y165.581556 Z0.2 E0.018763
G1 F1800 X175.026178 Y166.044768 Z0.2 E0.018764
G1 F1800 X175.180944 Y166.508426 Z0.2 E0.018763
G1 F1800 X175.334502 Y166.972442 Z0.2 E0.018763
G1 F1800 X175.486884 Y167.436846 Z0.2 E0.018763
G1 F1800 X175.63811 Y167.901628 Z0.2 E0.018763
G1 F1800 X175.788198 Y168.366779 Z0.2 E0.018763
G1 F1800 X175.937167 Y168.832289 Z0.2 E0.018762
G1 F1800 X176.085027 Y169.298133 Z0.2 E0.018762
G1 F1800 X176.231802 Y169.764326 Z0.2 E0.018762
G1 F1800 X176.377507 Y170.23086 Z0.2 E0.018762
G1 F1800 X176.522156 Y170.697725 Z0.2 E0.018763
G1 F1800 X176.665763 Y171.164914 Z0.2 E0.018763
G1 F1800 X176.808341 Y171.63242 Z0.2 E0.018763
G1 F1800 X176.949903 Y172.100236 Z0.2 E0.018763
G1 F1800 X177.090461 Y172.568355 Z0.2 E0.018763
G1 F1800 X177.230026 Y173.036771 Z0.2 E0.018763
G1 F1800 X177.368611 Y173.50548 Z0.2 E0.018765
G1 F1800 X177.506238 Y173.974526 Z0.2 E0.018763
G1 F1800 X177.642889 Y174.443801 Z0.2 E0.018763
G1 F1800 X177.778589 Y174.913351 Z0.2 E0.018763
G1 F1800 X177.913345 Y175.383173 Z0.2 E0.018763
G1 F1800 X178.047168 Y175.853262 Z0.2 E0.018763
G1 F1800 X178.180064 Y176.323614 Z0.2 E0.018763
G1 F1800 X178.312042 Y176.794224 Z0.2 E0.018763
G1 F1800 X178.443108 Y177.26509 Z0.2 E0.018763
G1 F1800 X178.573269 Y177.736206 Z0.2 E0.018763
G1 F1800 X178.702531 Y178.20757 Z0.2 E0.018763
G1 F1800 X178.8309 Y178.679178 Z0.2 E0.018763
G1 F1800 X178.958381 Y179.151028 Z0.2 E0.018763
G1 F1800 X179.08498 Y179.623114 Z0.2 E0.018763
G1 F1800 X179.210699 Y180.095436 Z0.2 E0.018763
G1 F1800 X179.335544 Y180.567989 Z0.2 E0.018763
G1 F1800 X179.459517 Y181.040772 Z0.2 E0.018763
G1 F1800 X179.582623 Y181.513781 Z0.2 E0.018763
G1 F1800 X179.704863 Y181.987015 Z0.2 E0.018763
G1 F1800 X179.82624 Y182.46047 Z0.2 E0.018762
G1 F1800 X179.946754 Y182.934139 Z0.2 E0.018763
G1 F1800 X180.066412 Y183.408046 Z0.2 E0.018763
G1 F1800 X180.185212 Y183.882169 Z0.2 E0.018763
G1 F1800 X180.303154 Y184.356507 Z0.2 E0.018763
G1 F1800 X180.420236 Y184.831059 Z0.2 E0.018763
G1 F1800 X180.53646 Y185.305822 Z0.2 E0.018763
G1 F1800 X180.651823 Y185.780795 Z0.2 E0.018763
G1 F1800 X180.766325 Y186.255977 Z0.2 E0.018763
G1 F1800 X180.879963 Y186.731366 Z0.2 E0.018763
G1 F1800 X180.992735 Y187.206961 Z0.2 E0.018763
G1 F1800 X181.104638 Y187.682762 Z0.2 E0.018763
G1 F1800 X181.215667 Y188.158767 Z0.2 E0.018763
G1 F1800 X181.325819 Y188.634975 Z0.2 E0.018763
G1 F1800 X181.43509 Y189.111385 Z0.2 E0.018763
G1 F1800 X181.543472 Y189.587998 Z0.2 E0.018763
G1 F1800 X181.650961 Y190.064811 Z0.2 E0.018763
G1 F1800 X181.757549 Y190.541826 Z0.2 E0.018763
G1 F1800 X181.863228 Y191.019041 Z0.2 E0.018763
G1 F1800 X181.96799 Y191.496456 Z0.2 E0.018763
G1 F1800 X182.071827 Y191.974071 Z0.2 E0.018763
G1 F1800 X182.174727 Y192.451886 Z0.2 E0.018763
G1 F1800 X182.27668 Y192.929901 Z0.2 E0.018752
G1 F1800 X182.377616 Y193.407846 Z0.2 E0.018763
G1 F1800 X182.477639 Y193.886268 Z0.2 E0.018763
G1 F1800 X182.576675 Y194.364895 Z0.2 E0.018763
G1 F1800 X182.674711 Y194.843729 Z0.2 E0.018763
G1 F1800 X182.771727 Y195.322769 Z0.2 E0.018763
G1 F1800 X182.867708 Y195.802019 Z0.2 E0.018763
G1 F1800 X182.962632 Y196.281478 Z0.2 E0.018763
G1 F1800 X183.056479 Y196.76115 Z0.2 E0.018763
G1 F1800 X183.149226 Y197.241036 Z0.2 E0.018763
G1 F1800 X183.240846 Y197.721137 Z0.2 E0.018763
G1 F1800 X183.331314 Y198.201458 Z0.2 E0.018763
G1 F1800 X183.420598 Y198.682 Z0.2 E0.018763
G1 F1800 X183.508667 Y199.162766 Z0.2 E0.018763
G1 F1800 X183.595485 Y199.643759 Z0.2 E0.018763
G1 F1800 X183.681014 Y200.124984 Z0.2 E0.018763
G1 F1800 X183.765212 Y200.606443 Z0.2 E0.018763
G1 F1800 X183.848031 Y201.088141 Z0.2 E0.018763
G1 F1800 X183.929424 Y201.570091 Z0.2 E0.018762
G1 F1800 X184.009328 Y202.05227 Z0.2 E0.018763
G1 F1800 X184.087688 Y202.534714 Z0.2 E0.018763
G1 F1800 X184.164433 Y203.017418 Z0.2 E0.018763
G1 F1800 X184.239487 Y203.500387 Z0.2 E0.018763
G1 F1800 X184.312765 Y203.983629 Z0.2 E0.018763
G1 F1800 X184.38417 Y204.467151 Z0.2 E0.018763
G1 F1800 X184.453597 Y204.950962 Z0.2 E0.018763
G1 F1800 X184.520923 Y205.435069 Z0.2 E0.018763
G1 F1800 X184.586009 Y205.919482 Z0.2 E0.018763
G1 F1800 X184.648697 Y206.404211 Z0.2 E0.018763
G1 F1800 X184.708805 Y206.889268 Z0.2 E0.018762
G1 F1800 X184.766116 Y207.374656 Z0.2 E0.018763
G1 F1800 X184.820383 Y207.860402 Z0.2 E0.018763
G1 F1800 X184.871306 Y208.346509 Z0.2 E0.018763
G1 F1800 X184.918527 Y208.83299 Z0.2 E0.018763
G1 F1800 X184.961608 Y209.319853 Z0.2 E0.018763
G1 F1800 X185.000007 Y209.807107 Z0.2 E0.018762
G1 F1800 X185.033037 Y210.294743 Z0.2 E0.018763
G1 F1800 X185.059809 Y210.782779 Z0.2 E0.018763
G1 F1800 X185.079132 Y211.271164 Z0.2 E0.018762
G1 F1800 X185.089357 Y211.759816 Z0.2 E0.018762
G1 F1800 X185.088083 Y212.248559 Z0.2 E0.018762
G1 F1800 X185.071577 Y212.737034 Z0.2 E0.01876
G1 F1800 X185.03347 Y213.224234 Z0.2 E0.018757
G1 F1800 X184.961216 Y213.707467 Z0.2 E0.018729
G1 F1800 X184.823283 Y214.175456 Z0.2 E0.018228
G1 F1800 X184.509393 Y214.531749 Z0.2 E0.018045
G1 F1800 X184.056091 Y214.4073 Z0.2 E0.018722
G1 F1800 X183.706327 Y214.067398 Z0.2 E0.018756
G1 F1800 X183.409107 Y213.679596 Z0.2 E0.018761
G1 F1800 X183.139553 Y213.271944 Z0.2 E0.018762
G1 F1800 X182.887667 Y212.853113 Z0.2 E0.018762
G1 F1800 X182.648354 Y212.426971 Z0.2 E0.018762
G1 F1800 X182.41861 Y211.995586 Z0.2 E0.018763
G1 F1800 X182.196494 Y211.560203 Z0.2 E0.018763
G1 F1800 X181.980682 Y211.121668 Z0.2 E0.018763
G1 F1800 X181.770199 Y210.680528 Z0.2 E0.018762
G1 F1800 X181.56434 Y210.237241 Z0.2 E0.018763
G1 F1800 X181.362532 Y209.792085 Z0.2 E0.018763
G1 F1800 X181.164331 Y209.345301 Z0.2 E0.018763
G1 F1800 X180.969391 Y208.897095 Z0.2 E0.018762
G1 F1800 X180.777416 Y208.447615 Z0.2 E0.018763
G1 F1800 X180.588161 Y207.996978 Z0.2 E0.018762
G1 F1800 X180.401427 Y207.545297 Z0.2 E0.018763
G1 F1800 X180.217037 Y207.092649 Z0.2 E0.018762
G1 F1800 X180.034851 Y206.639127 Z0.2 E0.018762
G1 F1800 X179.854733 Y206.184768 Z0.2 E0.018763
G1 F1800 X179.676573 Y205.729631 Z0.2 E0.018763
G1 F1800 X179.500278 Y205.273768 Z0.2 E0.018764
G1 F1800 X179.325749 Y204.817179 Z0.2 E0.018763
G1 F1800 X179.152943 Y204.359983 Z0.2 E0.018763
G1 F1800 X178.98178 Y203.902168 Z0.2 E0.018762
G1 F1800 X178.812205 Y203.443773 Z0.2 E0.018763
G1 F1800 X178.644163 Y202.984808 Z0.2 E0.018763
G1 F1800 X178.47761 Y202.525298 Z0.2 E0.018763
G1 F1800 X178.312506 Y202.065263 Z0.2 E0.018763
G1 F1800 X178.148819 Y201.604722 Z0.2 E0.018763
G1 F1800 X177.986517 Y201.143693 Z0.2 E0.018763
G1 F1800 X177.825567 Y200.682167 Z0.2 E0.018762
G1 F1800 X177.66596 Y200.220205 Z0.2 E0.018762
G1 F1800 X177.507668 Y199.757788 Z0.2 E0.018763
G1 F1800 X177.350671 Y199.294926 Z0.2 E0.018763
G1 F1800 X177.194958 Y198.83163 Z0.2 E0.018763
G1 F1800 X177.040514 Y198.367907 Z0.2 E0.018763
G1 F1800 X176.887332 Y197.903767 Z0.2 E0.018763
G1 F1800 X176.735403 Y197.439214 Z0.2 E0.018762
G1 F1800 X176.584726 Y196.974267 Z0.2 E0.018763
G1 F1800 X176.435292 Y196.50891 Z0.2 E0.018763
G1 F1800 X176.287101 Y196.043153 Z0.2 E0.018763
G1 F1800 X176.140153 Y195.577 Z0.2 E0.018764
G1 F1800 X175.994441 Y195.110414 Z0.2 E0.018763
G1 F1800 X175.849993 Y194.643481 Z0.2 E0.018763
G1 F1800 X175.706803 Y194.17616 Z0.2 E0.018763
G1 F1800 X175.56488 Y193.708454 Z0.2 E0.018763
G1 F1800 X175.424233 Y193.240361 Z0.2 E0.018763
G1 F1800 X175.284876 Y192.771884 Z0.2 E0.018763
G1 F1800 X175.146821 Y192.30302 Z0.2 E0.018763
G1 F1800 X175.010084 Y191.83377 Z0.2 E0.018763
G1 F1800 X174.874685 Y191.364132 Z0.2 E0.018763
G1 F1800 X174.740643 Y190.894106 Z0.2 E0.018763
G1 F1800 X174.607981 Y190.423687 Z0.2 E0.018763
G1 F1800 X174.476723 Y189.952875 Z0.2 E0.018763
G1 F1800 X174.346898 Y189.481667 Z0.2 E0.018763
G1 F1800 X174.218533 Y189.010055 Z0.2 E0.018763
G1 F1800 X174.091663 Y188.538038 Z0.2 E0.018763
G1 F1800 X173.96632 Y188.065615 Z0.2 E0.018763
G1 F1800 X173.842538 Y187.59278 Z0.2 E0.018763
G1 F1800 X173.720352 Y187.119532 Z0.2 E0.018763
G1 F1800 X173.599798 Y186.645866 Z0.2 E0.018763
G1 F1800 X173.480911 Y186.171779 Z0.2 E0.018762
G1 F1800 X173.363732 Y185.69728 Z0.2 E0.018763
G1 F1800 X173.248293 Y185.222335 Z0.2 E0.018763
G1 F1800 X173.134637 Y184.746961 Z0.2 E0.018763
G1 F1800 X173.022804 Y184.271155 Z0.2 E0.018763
G1 F1800 X172.912838 Y183.794915 Z0.2 E0.018763
G1 F1800 X172.804779 Y183.31824 Z0.2 E0.018763
G1 F1800 X172.698673 Y182.841127 Z0.2 E0.018763
G1 F1800 X172.594565 Y182.363576 Z0.2 E0.018763
G1 F1800 X172.492501 Y181.885584 Z0.2 E0.018763
G1 F1800 X172.392528 Y181.407152 Z0.2 E0.018761
G1 F1800 X172.294703 Y180.928308 Z0.2 E0.018763
G1 F1800 X172.19906 Y180.44898 Z0.2 E0.018763
G1 F1800 X172.105661 Y179.969211 Z0.2 E0.018763
G1 F1800 X172.014559 Y179.489001 Z0.2 E0.018763
G1 F1800 X171.925809 Y179.008353 Z0.2 E0.018763
G1 F1800 X171.839468 Y178.527267 Z0.2 E0.018763
G1 F1800 X171.755595 Y178.045746 Z0.2 E0.018763
G1 F1800 X171.674249 Y177.563793 Z0.2 E0.018763
G1 F1800 X171.595493 Y177.081412 Z0.2 E0.018763
G1 F1800 X171.51939 Y176.598606 Z0.2 E0.01876
G1 F1800 X171.446016 Y176.11545 Z0.2 E0.018763
G1 F1800 X171.375416 Y175.631794 Z0.2 E0.018763
G1 F1800 X171.307672 Y175.14773 Z0.2 E0.018763
G1 F1800 X171.242857 Y174.663268 Z0.2 E0.018763
G1 F1800 X171.181045 Y174.178415 Z0.2 E0.018763
G1 F1800 X171.122312 Y173.693181 Z0.2 E0.018763
G1 F1800 X171.066737 Y173.207577 Z0.2 E0.018763
G1 F1800 X171.0144 Y172.721616 Z0.2 E0.018763
G1 F1800 X170.965387 Y172.235309 Z0.2 E0.018763
G1 F1800 X170.919782 Y171.748674 Z0.2 E0.018763
G1 F1800 X170.877675 Y171.261725 Z0.2 E0.018759
G1 F1800 X170.839163 Y170.774565 Z0.2 E0.018763
G1 F1800 X170.804328 Y170.287044 Z0.2 E0.018763
G1 F1800 X170.773272 Y169.799249 Z0.2 E0.018763
G1 F1800 X170.746097 Y169.311225 Z0.2 E0.018763
G1 F1800 X170.722907 Y168.822998 Z0.2 E0.018763
G1 F1800 X170.703807 Y168.334596 Z0.2 E0.018763
G1 F1800 X170.688907 Y167.84605 Z0.2 E0.018763
G1 F1800 X170.678318 Y167.357394 Z0.2 E0.018763
G1 F1800 X170.672158 Y166.868665 Z0.2 E0.018763
G1 F1800 X170.670544 Y166.379903 Z0.2 E0.01876
G1 F1800 X170.673597 Y165.891224 Z0.2 E0.018763
G1 F1800 X170.681445 Y165.402523 Z0.2 E0.018763
G1 F1800 X170.694215 Y164.913908 Z0.2 E0.018763
G1 F1800 X170.712041 Y164.425453 Z0.2 E0.018763
G1 F1800 X170.735056 Y163.937219 Z0.2 E0.018763
G1 F1800 X170.763398 Y163.449267 Z0.2 E0.018763
G1 F1800 X170.79721 Y162.961667 Z0.2 E0.018763
G1 F1800 X170.836635 Y162.474491 Z0.2 E0.018763
G1 F1800 X170.881819 Y161.987819 Z0.2 E0.01876
G1 F1800 X170.932904 Y161.501814 Z0.2 E0.018763
G1 F1800 X170.990058 Y161.016405 Z0.2 E0.018763
G1 F1800 X171.05343 Y160.53175 Z0.2 E0.018763
G1 F1800 X171.123174 Y160.047975 Z0.2 E0.018763
G1 F1800 X171.199445 Y159.565188 Z0.2 E0.018763
G1 F1800 X171.282404 Y159.083509 Z0.2 E0.018763
G1 F1800 X171.372208 Y158.603061 Z0.2 E0.018763
G1 F1800 X171.469017 Y158.123979 Z0.2 E0.018763
G1 F1800 X171.572988 Y157.646403 Z0.2 E0.01876
G1 F1800 X171.684263 Y157.170545 Z0.2 E0.018763
G1 F1800 X171.803031 Y156.696419 Z0.2 E0.018763
G1 F1800 X171.929427 Y156.224273 Z0.2 E0.018763
G1 F1800 X172.063599 Y155.75428 Z0.2 E0.018763
G1 F1800 X172.205691 Y155.286623 Z0.2 E0.018763
G1 F1800 X172.355842 Y154.821493 Z0.2 E0.018763
G1 F1800 X172.514183 Y154.35909 Z0.2 E0.018763
G1 F1800 X172.68084 Y153.899619 Z0.2 E0.018762
G1 F1800 X172.855927 Y153.443297 Z0.2 E0.01876
G1 F1800 X173.03953 Y152.990392 Z0.2 E0.018763
G1 F1800 X173.231784 Y152.54103 Z0.2 E0.018762
G1 F1800 X173.432751 Y152.095497 Z0.2 E0.018762
G1 F1800 X173.642498 Y151.654032 Z0.2 E0.018762
G1 F1800 X173.861081 Y151.216875 Z0.2 E0.018762
G1 F1800 X174.088536 Y150.784269 Z0.2 E0.018762
G1 F1800 X174.324887 Y150.356458 Z0.2 E0.018762
G1 F1800 X174.570138 Y149.933687 Z0.2 E0.018762
G1 F1800 X174.824274 Y149.516199 Z0.2 E0.018762
G1 F1800 X175.087257 Y149.104245 Z0.2 E0.018762
G1 F1800 X175.359047 Y148.698041 Z0.2 E0.018762
G1 F1800 X175.639572 Y148.297819 Z0.2 E0.018762
G1 F1800 X175.928746 Y147.903799 Z0.2 E0.018762
G1 F1800 X176.226461 Y147.516188 Z0.2 E0.018762
G1 F1800 X176.532595 Y147.135188 Z0.2 E0.018762
G1 F1800 X176.847005 Y146.760984 Z0.2 E0.018764
G1 F1800 X177.169566 Y146.393714 Z0.2 E0.018762
G1 F1800 X177.500036 Y146.033616 Z0.2 E0.018762
G1 F1800 X177.838262 Y145.680792 Z0.2 E0.018762
G1 F1800 X178.184045 Y145.33537 Z0.2 E0.018762
G1 F1800 X178.537172 Y144.997459 Z0.2 E0.018762
G1 F1800 X178.897423 Y144.667153 Z0.2 E0.018762
G1 F1800 X179.264564 Y144.344533 Z0.2 E0.018762
G1 F1800 X179.638369 Y144.029647 Z0.2 E0.018763
G1 F1800 X180.018596 Y143.722526 Z0.2 E0.018762
G1 F1800 X180.40491 Y143.423148 Z0.2 E0.018762
G1 F1800 X180.797034 Y143.131394 Z0.2 E0.018763
G1 F1800 X181.194675 Y142.847173 Z0.2 E0.018762
G1 F1800 X181.597527 Y142.570414 Z0.2 E0.018762
G1 F1800 X182.005328 Y142.301025 Z0.2 E0.018762
G1 F1800 X182.417852 Y142.038903 Z0.2 E0.018763
G1 F1800 X182.834864 Y141.783963 Z0.2 E0.018762
G1 F1800 X183.256129 Y141.536129 Z0.2 E0.018762
G1 F1800 X183.681447 Y141.295315 Z0.2 E0.018762
G1 F1800 X184.110615 Y141.061446 Z0.2 E0.018762
G1 F1800 X184.543459 Y140.83444 Z0.2 E0.018763
G1 F1800 X184.979822 Y140.614214 Z0.2 E0.018763
G1 F1800 X185.419491 Y140.400724 Z0.2 E0.018763
G1 F1800 X185.862333 Y140.193893 Z0.2 E0.018762
G1 F1800 X186.308187 Y139.993663 Z0.2 E0.018762
G1 F1800 X186.756927 Y139.799968 Z0.2 E0.018763
G1 F1800 X187.208414 Y139.612758 Z0.2 E0.018763
G1 F1800 X187.662528 Y139.431977 Z0.2 E0.018763
G1 F1800 X188.11912 Y139.25759 Z0.2 E0.018762
G1 F1800 X188.578071 Y139.089553 Z0.2 E0.018762
G1 F1800 X189.03929 Y138.92782 Z0.2 E0.018762
G1 F1800 X189.502665 Y138.772355 Z0.2 E0.018763
G1 F1800 X189.96809 Y138.623129 Z0.2 E0.018763
G1 F1800 X190.43547 Y138.480112 Z0.2 E0.018763
G1 F1800 X190.904689 Y138.343285 Z0.2 E0.018762
G1 F1800 X191.375648 Y138.212627 Z0.2 E0.018762
G1 F1800 X191.848277 Y138.088117 Z0.2 E0.018762
G1 F1800 X192.322483 Y137.969741 Z0.2 E0.018763
G1 F1800 X192.798179 Y137.857488 Z0.2 E0.018763
G1 F1800 X193.275279 Y137.751354 Z0.2 E0.018764
G1 F1800 X193.753741 Y137.651325 Z0.2 E0.018762
G1 F1800 X194.233386 Y137.557421 Z0.2 E0.018762
G1 F1800 X194.714193 Y137.469632 Z0.2 E0.018762
G1 F1800 X195.196081 Y137.387966 Z0.2 E0.018763
G1 F1800 X195.678969 Y137.312432 Z0.2 E0.018763
G1 F1800 X196.16278 Y137.243043 Z0.2 E0.018763
G1 F1800 X196.647435 Y137.179814 Z0.2 E0.018763
G1 F1800 X197.132857 Y137.122763 Z0.2 E0.018764
G1 F1800 X197.618997 Y137.07191 Z0.2 E0.018763
G1 F1800 X198.105717 Y137.027285 Z0.2 E0.018763
G1 F1800 X198.59297 Y136.988913 Z0.2 E0.018763
G1 F1800 X199.080678 Y136.956823 Z0.2 E0.018763
G1 F1800 X199.56876 Y136.931048 Z0.2 E0.018763
G1 F1800 X200.057137 Y136.911626 Z0.2 E0.018763
G1 F1800 X200.545725 Y136.898593 Z0.2 E0.018762
G1 F1800 X201.03443 Y136.891992 Z0.2 E0.018763
G1 F1800 X201.523208 Y136.891865 Z0.2 E0.018763
G1 F1800 X202.011929 Y136.89826 Z0.2 E0.018763
G1 F1800 X202.500519 Y136.911224 Z0.2 E0.018763
G1 F1800 X202.988889 Y136.93081 Z0.2 E0.018763
G1 F1800 X203.476945 Y136.957069 Z0.2 E0.018763
G1 F1800 X203.964593 Y136.990058 Z0.2 E0.018763
G1 F1800 X204.451733 Y137.029833 Z0.2 E0.018763
G1 F1800 X204.938267 Y137.076454 Z0.2 E0.018763
G1 F1800 X205.424089 Y137.129983 Z0.2 E0.018763
G1 F1800 X205.909091 Y137.19048 Z0.2 E0.018763
G1 F1800 X206.393166 Y137.258011 Z0.2 E0.018763
G1 F1800 X206.876196 Y137.33264 Z0.2 E0.018763
G1 F1800 X207.358065 Y137.414433 Z0.2 E0.018763
G1 F1800 X207.838651 Y137.503459 Z0.2 E0.018763
G1 F1800 X208.317826 Y137.599784 Z0.2 E0.018763
G1 F1800 X208.795462 Y137.703475 Z0.2 E0.018763
G1 F1800 X209.271422 Y137.814602 Z0.2 E0.018763
G1 F1800 X209.745568 Y137.93323 Z0.2 E0.018762
G1 F1800 X210.217754 Y138.059428 Z0.2 E0.018763
G1 F1800 X210.687835 Y138.193261 Z0.2 E0.018763
G1 F1800 X211.155655 Y138.334793 Z0.2 E0.018763
G1 F1800 X211.621056 Y138.484088 Z0.2 E0.018762
G1 F1800 X212.083874 Y138.641205 Z0.2 E0.018762
G1 F1800 X212.543942 Y138.806201 Z0.2 E0.018762
G1 F1800 X213.001086 Y138.979132 Z0.2 E0.018762
G1 F1800 X213.455129 Y139.160048 Z0.2 E0.018763
G1 F1800 X213.905904 Y139.349002 Z0.2 E0.018762
G1 F1800 X214.35318 Y139.546016 Z0.2 E0.018762
G1 F1800 X214.79681 Y139.751146 Z0.2 E0.018762
G1 F1800 X215.236584 Y139.964415 Z0.2 E0.018762
G1 F1800 X215.672305 Y140.185847 Z0.2 E0.018762
G1 F1800 X216.103772 Y140.415459 Z0.2 E0.018762
G1 F1800 X216.530779 Y140.653259 Z0.2 E0.018762
G1 F1800 X216.953122 Y140.89925 Z0.2 E0.018762
G1 F1800 X217.370591 Y141.153422 Z0.2 E0.018762
G1 F1800 X217.782968 Y141.415751 Z0.2 E0.018762
G1 F1800 X218.190066 Y141.686224 Z0.2 E0.018762
G1 F1800 X218.591663 Y141.964798 Z0.2 E0.018762
G1 F1800 X218.987553 Y142.251425 Z0.2 E0.018762
G1 F1800 X219.377531 Y142.546045 Z0.2 E0.018762
G1 F1800 X219.76138 Y142.848581 Z0.2 E0.018762
G1 F1800 X220.138919 Y143.158962 Z0.2 E0.018762
G1 F1800 X220.509953 Y143.477099 Z0.2 E0.018762
G1 F1800 X220.874294 Y143.802885 Z0.2 E0.018762
G1 F1800 X221.231756 Y144.136208 Z0.2 E0.018764
G1 F1800 X221.582197 Y144.476971 Z0.2 E0.018762
G1 F1800 X221.925382 Y144.824972 Z0.2 E0.018762
G1 F1800 X222.261189 Y145.180101 Z0.2 E0.018762
G1 F1800 X222.589482 Y145.542185 Z0.2 E0.018762
G1 F1800 X222.910249 Y145.910951 Z0.2 E0.018762
G1 F1800 X223.223542 Y146.286092 Z0.2 E0.018763
G1 F1800 X223.529418 Y146.667317 Z0.2 E0.018762
G1 F1800 X223.827914 Y147.05433 Z0.2 E0.018762
G1 F1800 X224.119095 Y147.446883 Z0.2 E0.018762
G1 F1800 X224.403009 Y147.844725 Z0.2 E0.018763
G1 F1800 X224.679709 Y148.247625 Z0.2 E0.018762
G1 F1800 X224.949232 Y148.655349 Z0.2 E0.018762
G1 F1800 X225.211629 Y149.067699 Z0.2 E0.018762
G1 F1800 X225.46694 Y149.484476 Z0.2 E0.018763
G1 F1800 X225.715205 Y149.9055 Z0.2 E0.018762
G1 F1800 X225.956443 Y150.330575 Z0.2 E0.018762
G1 F1800 X226.190689 Y150.759544 Z0.2 E0.018762
G1 F1800 X226.417964 Y151.192248 Z0.2 E0.018763
G1 F1800 X226.638284 Y151.628535 Z0.2 E0.018763
G1 F1800 X226.851662 Y152.068267 Z0.2 E0.018763
G1 F1800 X227.058097 Y152.511292 Z0.2 E0.018763
G1 F1800 X227.257592 Y152.957491 Z0.2 E0.018763
G1 F1800 X227.450135 Y153.406729 Z0.2 E0.018763
G1 F1800 X227.635713 Y153.858888 Z0.2 E0.018762
G1 F1800 X227.814302 Y154.313849 Z0.2 E0.018763
G1 F1800 X227.985878 Y154.771506 Z0.2 E0.018763
G1 F1800 X228.1504 Y155.231745 Z0.2 E0.018763
G1 F1800 X228.307825 Y155.694461 Z0.2 E0.018763
G1 F1800 X228.4581 Y156.159547 Z0.2 E0.018763
G1 F1800 X228.601164 Y156.626902 Z0.2 E0.018762
G1 F1800 X228.736946 Y157.096421 Z0.2 E0.018763
G1 F1800 X228.865368 Y157.568012 Z0.2 E0.018763
G1 F1800 X228.986341 Y158.041569 Z0.2 E0.018763
G1 F1800 X229.099765 Y158.516989 Z0.2 E0.018763
G1 F1800 X229.205531 Y158.994172 Z0.2 E0.018763
G1 F1800 X229.303517 Y159.473011 Z0.2 E0.018763
G1 F1800 X229.393593 Y159.953399 Z0.2 E0.018762
G1 F1800 X229.475611 Y160.435222 Z0.2 E0.018763
G1 F1800 X229.549418 Y160.918386 Z0.2 E0.018763
G1 F1800 X229.614841 Y161.402755 Z0.2 E0.018763
G1 F1800 X229.671694 Y161.888203 Z0.2 E0.018763
G1 F1800 X229.719778 Y162.374594 Z0.2 E0.018762
G1 F1800 X229.758876 Y162.861788 Z0.2 E0.018761
G1 F1800 X229.788755 Y163.349608 Z0.2 E0.018763
G1 F1800 X229.80917 Y163.837955 Z0.2 E0.018763
G1 F1800 X229.819849 Y164.326609 Z0.2 E0.018763
G1 F1800 X229.820507 Y164.815376 Z0.2 E0.018763
G1 F1800 X229.810839 Y165.304042 Z0.2 E0.018762
G1 F1800 X229.790517 Y165.792376 Z0.2 E0.01876
G1 F1800 X229.759199 Y166.280072 Z0.2 E0.018762
G1 F1800 X229.716512 Y166.766959 Z0.2 E0.018763
G1 F1800 X229.662067 Y167.252686 Z0.2 E0.018763
G1 F1800 X229.595457 Y167.736888 Z0.2 E0.018762
G1 F1800 X229.516253 Y168.219183 Z0.2 E0.018761
G1 F1800 X229.424012 Y168.69913 Z0.2 E0.018762
G1 F1800 X229.318262 Y169.176301 Z0.2 E0.018763
G1 F1800 X229.198525 Y169.650173 Z0.2 E0.018762
G1 F1800 X229.064321 Y170.120142 Z0.2 E0.018762
G1 F1800 X228.91516 Y170.585571 Z0.2 E0.018761
G1 F1800 X228.750567 Y171.045735 Z0.2 E0.018762
G1 F1800 X228.570043 Y171.499932 Z0.2 E0.018762
G1 F1800 X228.373157 Y171.947269 Z0.2 E0.018762
G1 F1800 X228.1595 Y172.386834 Z0.2 E0.01876
G1 F1800 X227.928734 Y172.817608 Z0.2 E0.018762
G1 F1800 X227.680524 Y173.238628 Z0.2 E0.018761
G1 F1800 X227.414695 Y173.648742 Z0.2 E0.018761
G1 F1800 X227.131151 Y174.046809 Z0.2 E0.018761
G1 F1800 X226.829921 Y174.431661 Z0.2 E0.01876
G1 F1800 X226.511182 Y174.802119 Z0.2 E0.018761
G1 F1800 X226.175235 Y175.157061 Z0.2 E0.018761
G1 F1800 X225.822563 Y175.49539 Z0.2 E0.018761
G1 F1800 X225.453798 Y175.816105 Z0.2 E0.018761
G1 F1800 X225.069868 Y176.118488 Z0.2 E0.018761
G1 F1800 X224.672123 Y176.402476 Z0.2 E0.018761
G1 F1800 X224.261961 Y176.66821 Z0.2 E0.018761
G1 F1800 X223.840683 Y176.915955 Z0.2 E0.018762
G1 F1800 X223.40949 Y177.146068 Z0.2 E0.018761
G1 F1800 X222.969563 Y177.358932 Z0.2 E0.018762
G1 F1800 X222.521888 Y177.555023 Z0.2 E0.018762
G1 F1800 X222.067403 Y177.734818 Z0.2 E0.018761
G1 F1800 X221.607001 Y177.89879 Z0.2 E0.018762
G1 F1800 X221.141413 Y178.047445 Z0.2 E0.018762
G1 F1800 X220.671329 Y178.181265 Z0.2 E0.018761
G1 F1800 X220.197418 Y178.300708 Z0.2 E0.018762
G1 F1800 X219.720198 Y178.406235 Z0.2 E0.018763
G1 F1800 X219.240175 Y178.498274 Z0.2 E0.018762
G1 F1800 X218.757842 Y178.577225 Z0.2 E0.018762
G1 F1800 X218.273606 Y178.64347 Z0.2 E0.018762
G1 F1800 X217.787832 Y178.697366 Z0.2 E0.018762
G1 F1800 X217.300876 Y178.739241 Z0.2 E0.018762
G1 F1800 X216.81307 Y178.7694 Z0.2 E0.018762
G1 F1800 X216.324678 Y178.788125 Z0.2 E0.018763
G1 F1800 X215.835954 Y178.795672 Z0.2 E0.018762
G1 F1800 X215.347211 Y178.792273 Z0.2 E0.018762
G1 F1800 X214.858672 Y178.77814 Z0.2 E0.018762
G1 F1800 X214.370544 Y178.753465 Z0.2 E0.018762
G1 F1800 X213.883045 Y178.718417 Z0.2 E0.018763
G1 F1800 X213.396379 Y178.673144 Z0.2 E0.018762
G1 F1800 X212.910776 Y178.617783 Z0.2 E0.018762
G1 F1800 X212.42641 Y178.552444 Z0.2 E0.018762
G1 F1800 X211.943476 Y178.477225 Z0.2 E0.018762
G1 F1800 X211.46217 Y178.392206 Z0.2 E0.018763
G1 F1800 X210.982664 Y178.297448 Z0.2 E0.018762
G1 F1800 X210.505196 Y178.193007 Z0.2 E0.018762
G1 F1800 X210.029941 Y178.078916 Z0.2 E0.018762
G1 F1800 X209.557102 Y177.955195 Z0.2 E0.018762
G1 F1800 X209.086886 Y177.821851 Z0.2 E0.018762
G1 F1800 X208.619506 Y177.67888 Z0.2 E0.018762
G1 F1800 X208.155187 Y177.526263 Z0.2 E0.018762
G1 F1800 X207.69416 Y177.363971 Z0.2 E0.018762
G1 F1800 X207.23667 Y177.191965 Z0.2 E0.018762
G1 F1800 X206.782972 Y177.010193 Z0.2 E0.018762
G1 F1800 X206.333336 Y176.818595 Z0.2 E0.018762
G1 F1800 X205.888047 Y176.617101 Z0.2 E0.018762
G1 F1800 X205.447405 Y176.405634 Z0.2 E0.018762
G1 F1800 X205.011732 Y176.18411 Z0.2 E0.018762
G1 F1800 X204.58137 Y175.95244 Z0.2 E0.018762
G1 F1800 X204.156681 Y175.71053 Z0.2 E0.018762
G1 F1800 X203.738057 Y175.458287 Z0.2 E0.018762
G1 F1800 X203.325889 Y175.195606 Z0.2 E0.018762
G1 F1800 X202.920626 Y174.922397 Z0.2 E0.018762
G1 F1800 X202.522728 Y174.638569 Z0.2 E0.018762
G1 F1800 X202.132688 Y174.34404 Z0.2 E0.018762
G1 F1800 X201.751026 Y174.038737 Z0.2 E0.018762
G1 F1800 X201.378294 Y173.722608 Z0.2 E0.018762
G1 F1800 X201.015056 Y173.3956 Z0.2 E0.018762
G1 F1800 X200.661925 Y173.057705 Z0.2 E0.018762
G1 F1800 X200.319532 Y172.708936 Z0.2 E0.018762
G1 F1800 X199.988532 Y172.349348 Z0.2 E0.018762
G1 F1800 X199.669403 Y171.979175 Z0.2 E0.018762
G1 F1800 X199.362386 Y171.598896 Z0.2 E0.018762
G1 F1800 X199.06765 Y171.209002 Z0.2 E0.018762
G1 F1800 X198.785357 Y170.810024 Z0.2 E0.018762
G1 F1800 X198.515605 Y170.402462 Z0.2 E0.018762
G1 F1800 X198.258467 Y169.986825 Z0.2 E0.018762
G1 F1800 X198.013987 Y169.563619 Z0.2 E0.018761
G1 F1800 X197.782188 Y169.133354 Z0.2 E0.018762
G1 F1800 X197.563046 Y168.696489 Z0.2 E0.018762
G1 F1800 X197.356536 Y168.253511 Z0.2 E0.018762
G1 F1800 X197.16261 Y167.804881 Z0.2 E0.018762
G1 F1800 X196.981201 Y167.351043 Z0.2 E0.018762
G1 F1800 X196.812233 Y166.892432 Z0.2 E0.018762
G1 F1800 X196.655613 Y166.429455 Z0.2 E0.018762
G1 F1800 X196.511246 Y165.962511 Z0.2 E0.018762
G1 F1800 X196.379027 Y165.491977 Z0.2 E0.018762
G1 F1800 X196.258853 Y165.018233 Z0.2 E0.018762
G1 F1800 X196.150612 Y164.541618 Z0.2 E0.018762
G1 F1800 X196.054195 Y164.062469 Z0.2 E0.018762
G1 F1800 X195.969493 Y163.581111 Z0.2 E0.018762
G1 F1800 X195.8964 Y163.097847 Z0.2 E0.018762
G1 F1800 X195.834816 Y162.61299 Z0.2 E0.018762
G1 F1800 X195.78464 Y162.126818 Z0.2 E0.018762
G1 F1800 X195.74578 Y161.639611 Z0.2 E0.018762
G1 F1800 X195.718149 Y161.151637 Z0.2 E0.018762
G1 F1800 X195.701664 Y160.663156 Z0.2 E0.018762
G1 F1800 X195.696254 Y160.17443 Z0.2 E0.018762
G1 F1800 X195.70185 Y159.685707 Z0.2 E0.018762
G1 F1800 X195.718393 Y159.197231 Z0.2 E0.018762
G1 F1800 X195.745833 Y158.709245 Z0.2 E0.018762
G1 F1800 X195.784124 Y158.221992 Z0.2 E0.018762
G1 F1800 X195.833233 Y157.73571 Z0.2 E0.018762
G1 F1800 X195.893131 Y157.250638 Z0.2 E0.018762
G1 F1800 X195.963799 Y156.767018 Z0.2 E0.018762
G1 F1800 X196.045226 Y156.285092 Z0.2 E0.018763
G1 F1800 X196.137411 Y155.805091 Z0.2 E0.018762
G1 F1800 X196.240349 Y155.327316 Z0.2 E0.018762
G1 F1800 X196.35406 Y154.851972 Z0.2 E0.018762
G1 F1800 X196.478561 Y154.379339 Z0.2 E0.018762
G1 F1800 X196.613875 Y153.909688 Z0.2 E0.018762
G1 F1800 X196.760035 Y153.443299 Z0.2 E0.018762
G1 F1800 X196.917075 Y152.980463 Z0.2 E0.018762
G1 F1800 X197.08504 Y152.521474 Z0.2 E0.018762
G1 F1800 X197.263974 Y152.06665 Z0.2 E0.018762
G1 F1800 X197.453925 Y151.616317 Z0.2 E0.018762
G1 F1800 X197.654943 Y151.170815 Z0.2 E0.018762
G1 F1800 X197.867079 Y150.730499 Z0.2 E0.018762
G1 F1800 X198.090382 Y150.295746 Z0.2 E0.018762
G1 F1800 X198.324905 Y149.866934 Z0.2 E0.018762
G1 F1800 X198.570687 Y149.444476 Z0.2 E0.018762
G1 F1800 X198.827767 Y149.028797 Z0.2 E0.018762
G1 F1800 X199.096171 Y148.620341 Z0.2 E0.018762
G1 F1800 X199.375914 Y148.219576 Z0.2 E0.018762
G1 F1800 X199.667007 Y147.826968 Z0.2 E0.018762
G1 F1800 X199.969432 Y147.443022 Z0.2 E0.018762
G1 F1800 X200.283153 Y147.068253 Z0.2 E0.018762
G1 F1800 X200.607993 Y146.703077 Z0.2 E0.018762
G1 F1800 X200.943403 Y146.347583 Z0.2 E0.018762
G1 F1800 X201.288775 Y146.001745 Z0.2 E0.018762
G1 F1800 X201.643488 Y145.665506 Z0.2 E0.018762
G1 F1800 X202.006951 Y145.338744 Z0.2 E0.018762
G1 F1800 X202.378578 Y145.021311 Z0.2 E0.018762
G1 F1800 X202.757823 Y144.713004 Z0.2 E0.018762
G1 F1800 X203.144145 Y144.413609 Z0.2 E0.018762
G1 F1800 X203.537034 Y144.122884 Z0.2 E0.018762
G1 F1800 X203.936006 Y143.840563 Z0.2 E0.018762
G1 F1800 X204.340606 Y143.566368 Z0.2 E0.018762
G1 F1800 X204.750405 Y143.300004 Z0.2 E0.018762
G1 F1800 X205.165002 Y143.041169 Z0.2 E0.018762
G1 F1800 X205.584021 Y142.789555 Z0.2 E0.018763
G1 F1800 X206.007122 Y142.54484 Z0.2 E0.018762
G1 F1800 X206.433944 Y142.306726 Z0.2 E0.018763
G1 F1800 X206.864215 Y142.074875 Z0.2 E0.018763
G1 F1800 X207.29764 Y141.848973 Z0.2 E0.018763
G1 F1800 X207.733952 Y141.628698 Z0.2 E0.018763
G1 F1800 X208.172903 Y141.413731 Z0.2 E0.018763
G1 F1800 X208.614263 Y141.203748 Z0.2 E0.018763
G1 F1800 X209.057813 Y140.998428 Z0.2 E0.018763
G1 F1800 X209.503346 Y140.797451 Z0.2 E0.018763
G1 F1800 X209.950669 Y140.600491 Z0.2 E0.018763
G1 F1800 X210.399597 Y140.407223 Z0.2 E0.018763
G1 F1800 X210.849967 Y140.21731 Z0.2 E0.018763
G1 F1800 X211.301598 Y140.030422 Z0.2 E0.018763
G1 F1800 X211.754326 Y139.846214 Z0.2 E0.018762
G1 F1800 X212.207969 Y139.664343 Z0.2 E0.018763
G1 F1800 X212.662415 Y139.484426 Z0.2 E0.018763
G1 F1800 X213.117485 Y139.306091 Z0.2 E0.018763
G1 F1800 X213.573034 Y139.128935 Z0.2 E0.018763
G1 F1800 X214.02887 Y138.952545 Z0.2 E0.018762
G1 F1800 X214.484805 Y138.776478 Z0.2 E0.018763
G1 F1800 X214.94069 Y138.600237 Z0.2 E0.018763
G1 F1800 X215.396308 Y138.423305 Z0.2 E0.018763
G1 F1800 X215.851431 Y138.245106 Z0.2 E0.018763
G1 F1800 X216.30581 Y138.065004 Z0.2 E0.018762
G1 F1800 X216.759125 Y137.882297 Z0.2 E0.018763
G1 F1800 X217.211073 Y137.69616 Z0.2 E0.018762
G1 F1800 X217.661203 Y137.505737 Z0.2 E0.018763
G1 F1800 X218.109267 Y137.31047 Z0.2 E0.018763
G1 F1800 X218.55504 Y137.110027 Z0.2 E0.018763
G1 F1800 X218.998276 Y136.904037 Z0.2 E0.018763
G1 F1800 X219.438692 Y136.692088 Z0.2 E0.018763
G1 F1800 X219.875958 Y136.473714 Z0.2 E0.018762
G1 F1800 X220.309676 Y136.248396 Z0.2 E0.018763
G1 F1800 X220.739403 Y136.015533 Z0.2 E0.018763
G1 F1800 X221.164575 Y135.774458 Z0.2 E0.018762
G1 F1800 X221.584527 Y135.524406 Z0.2 E0.018762
G1 F1800 X221.998448 Y135.264498 Z0.2 E0.018762
G1 F1800 X222.405341 Y134.993729 Z0.2 E0.018762
G1 F1800 X222.803966 Y134.710938 Z0.2 E0.018761
G1 F1800 X223.192753 Y134.414802 Z0.2 E0.018762
G1 F1800 X223.569748 Y134.10377 Z0.2 E0.018761
G1 F1800 X223.932378 Y133.776124 Z0.2 E0.01876
G1 F1800 X224.27733 Y133.429946 Z0.2 E0.01876
G1 F1800 X224.60029 Y133.063179 Z0.2 E0.018757
G1 F1800 X224.895576 Y132.673896 Z0.2 E0.018756
G1 F1800 X225.155997 Y132.260493 Z0.2 E0.018753
G1 F1800 X225.372564 Y131.822606 Z0.2 E0.018749
G1 F1800 X225.535043 Y131.362013 Z0.2 E0.018747
G1 F1800 X225.633413 Y130.883667 Z0.2 E0.018745
G1 F1800 X225.660413 Y130.39611 Z0.2 E0.018745
G1 F1800 X225.614189 Y129.910002 Z0.2 E0.018748
G1 F1800 X225.499025 Y129.435395 Z0.2 E0.018752
G1 F1800 X225.323599 Y128.979507 Z0.2 E0.018754
G1 F1800 X225.098202 Y128.546075 Z0.2 E0.018757
G1 F1800 X224.832559 Y128.135993 Z0.2 E0.018759
G1 F1800 X224.534861 Y127.748459 Z0.2 E0.018759
G1 F1800 X224.211672 Y127.381913 Z0.2 E0.01876
G1 F1800 X223.868023 Y127.034436 Z0.2 E0.018761
G1 F1800 X223.507802 Y126.704148 Z0.2 E0.018762
G1 F1800 X223.133993 Y126.389298 Z0.2 E0.018762
G1 F1800 X222.748921 Y126.088323 Z0.2 E0.018762
G1 F1800 X222.354406 Y125.799845 Z0.2 E0.018762
G1 F1800 X221.95187 Y125.522646 Z0.2 E0.018762
G1 F1800 X221.542471 Y125.255677 Z0.2 E0.018762
G1 F1800 X221.127146 Y124.998026 Z0.2 E0.018762
G1 F1800 X220.706665 Y124.748894 Z0.2 E0.018764
G1 F1800 X220.281596 Y124.507543 Z0.2 E0.018762
G1 F1800 X219.852564 Y124.273412 Z0.2 E0.018762
G1 F1800 X219.419973 Y124.045933 Z0.2 E0.018763
G1 F1800 X218.984189 Y123.824618 Z0.2 E0.018763
G1 F1800 X218.545532 Y123.609034 Z0.2 E0.018763
G1 F1800 X218.104294 Y123.398806 Z0.2 E0.018763
G1 F1800 X217.660704 Y123.193583 Z0.2 E0.018762
G1 F1800 X217.214979 Y122.993059 Z0.2 E0.018763
G1 F1800 X216.767288 Y122.796946 Z0.2 E0.018763
G1 F1800 X216.317795 Y122.604992 Z0.2 E0.018763
G1 F1800 X215.866636 Y122.416962 Z0.2 E0.018763
G1 F1800 X215.413956 Y122.232654 Z0.2 E0.018763
G1 F1800 X214.959856 Y122.05187 Z0.2 E0.018762
G1 F1800 X214.504453 Y121.874438 Z0.2 E0.018762
G1 F1800 X214.047814 Y121.700186 Z0.2 E0.018763
G1 F1800 X213.590023 Y121.528967 Z0.2 E0.018763
G1 F1800 X213.131158 Y121.360641 Z0.2 E0.018762
G1 F1800 X212.671295 Y121.195084 Z0.2 E0.018765
G1 F1800 X212.210433 Y121.032156 Z0.2 E0.018763
G1 F1800 X211.748731 Y120.871781 Z0.2 E0.018763
G1 F1800 X211.28619 Y120.713838 Z0.2 E0.018763
G1 F1800 X210.822857 Y120.558232 Z0.2 E0.018762
G1 F1800 X210.358788 Y120.404877 Z0.2 E0.018762
G1 F1800 X209.894004 Y120.253682 Z0.2 E0.018763
G1 F1800 X209.428544 Y120.104569 Z0.2 E0.018763
G1 F1800 X208.962443 Y119.957464 Z0.2 E0.018763
G1 F1800 X208.495733 Y119.812297 Z0.2 E0.018762
G1 F1800 X208.028451 Y119.669006 Z0.2 E0.018764
G1 F1800 X207.560585 Y119.527515 Z0.2 E0.018763
G1 F1800 X207.092222 Y119.387786 Z0.2 E0.018763
G1 F1800 X206.623354 Y119.249754 Z0.2 E0.018763
G1 F1800 X206.154005 Y119.113366 Z0.2 E0.018763
G1 F1800 X205.684195 Y118.978572 Z0.2 E0.018762
G1 F1800 X205.213959 Y118.845331 Z0.2 E0.018762
G1 F1800 X204.743294 Y118.713591 Z0.2 E0.018762
G1 F1800 X204.272218 Y118.58331 Z0.2 E0.018763
G1 F1800 X203.80075 Y118.454449 Z0.2 E0.018763
G1 F1800 X203.328904 Y118.326968 Z0.2 E0.018763
G1 F1800 X202.856695 Y118.200832 Z0.2 E0.018763
G1 F1800 X202.384138 Y118.076005 Z0.2 E0.018762
G1 F1800 X201.911257 Y117.952458 Z0.2 E0.018763
G1 F1800 X201.438041 Y117.830151 Z0.2 E0.018766
G1 F1800 X200.96444 Y117.70904 Z0.2 E0.018763
G1 F1800 X200.490614 Y117.589133 Z0.2 E0.018763
G1 F1800 X200.016495 Y117.470383 Z0.2 E0.018763
G1 F1800 X199.542095 Y117.352761 Z0.2 E0.018763
G1 F1800 X199.067422 Y117.236244 Z0.2 E0.018763
G1 F1800 X198.592485 Y117.120806 Z0.2 E0.018762
G1 F1800 X198.117307 Y117.006427 Z0.2 E0.018762
G1 F1800 X197.641878 Y116.89308 Z0.2 E0.018762
G1 F1800 X197.166205 Y116.780743 Z0.2 E0.018762
G1 F1800 X196.690298 Y116.669395 Z0.2 E0.018763
G1 F1800 X196.214162 Y116.559017 Z0.2 E0.018763
G1 F1800 X195.737806 Y116.449589 Z0.2 E0.018763
G1 F1800 X195.261236 Y116.341092 Z0.2 E0.018763
G1 F1800 X194.784458 Y116.233508 Z0.2 E0.018763
G1 F1800 X194.307479 Y116.12682 Z0.2 E0.018762
G1 F1800 X193.830321 Y116.021015 Z0.2 E0.018762
G1 F1800 X193.352961 Y115.91607 Z0.2 E0.018763
G1 F1800 X192.87541 Y115.811971 Z0.2 E0.018766
G1 F1800 X192.397595 Y115.708686 Z0.2 E0.018763
G1 F1800 X191.919689 Y115.606237 Z0.2 E0.018763
G1 F1800 X191.441611 Y115.504592 Z0.2 E0.018763
G1 F1800 X190.963366 Y115.403736 Z0.2 E0.018763
G1 F1800 X190.484957 Y115.303656 Z0.2 E0.018763
G1 F1800 X190.006389 Y115.204339 Z0.2 E0.018763
G1 F1800 X189.527666 Y115.105774 Z0.2 E0.018762
G1 F1800 X189.048806 Y115.00795 Z0.2 E0.018762
G1 F1800 X188.569796 Y114.910854 Z0.2 E0.018762
G1 F1800 X188.090638 Y114.814473 Z0.2 E0.018762
G1 F1800 X187.611336 Y114.718797 Z0.2 E0.018762
G1 F1800 X187.131895 Y114.623815 Z0.2 E0.018763
G1 F1800 X186.652317 Y114.529517 Z0.2 E0.018763
G1 F1800 X186.172605 Y114.435893 Z0.2 E0.018763
G1 F1800 X185.692764 Y114.342933 Z0.2 E0.018763
G1 F1800 X185.212795 Y114.250629 Z0.2 E0.018763
G1 F1800 X184.732701 Y114.15897 Z0.2 E0.018763
G1 F1800 X184.252486 Y114.067948 Z0.2 E0.018763
G1 F1800 X183.772152 Y113.977555 Z0.2 E0.018763
G1 F1800 X183.291702 Y113.887782 Z0.2 E0.018762
G1 F1800 X182.811156 Y113.798624 Z0.2 E0.018762
G1 F1800 X182.33049 Y113.710068 Z0.2 E0.018763
G1 F1800 X181.849707 Y113.622107 Z0.2 E0.018763
G1 F1800 X181.368815 Y113.534735 Z0.2 E0.018767
G1 F1800 X180.887717 Y113.447926 Z0.2 E0.018763
G1 F1800 X180.406617 Y113.361709 Z0.2 E0.018763
G1 F1800 X179.925415 Y113.27606 Z0.2 E0.018763
G1 F1800 X179.444114 Y113.190971 Z0.2 E0.018763
G1 F1800 X178.962715 Y113.106437 Z0.2 E0.018763
G1 F1800 X178.48122 Y113.02245 Z0.2 E0.018762
G1 F1800 X177.999648 Y112.939007 Z0.2 E0.018762
G1 F1800 X177.517982 Y112.856099 Z0.2 E0.018762
G1 F1800 X177.036222 Y112.77372 Z0.2 E0.018762
G1 F1800 X176.554371 Y112.691864 Z0.2 E0.018762
G1 F1800 X176.072431 Y112.610526 Z0.2 E0.018762
G1 F1800 X175.590403 Y112.5297 Z0.2 E0.018762
G1 F1800 X175.108289 Y112.44938 Z0.2 E0.018762
G1 F1800 X174.626091 Y112.369562 Z0.2 E0.018763
G1 F1800 X174.143809 Y112.290241 Z0.2 E0.018763
G1 F1800 X173.661446 Y112.211412 Z0.2 E0.018763
G1 F1800 X173.179003 Y112.133069 Z0.2 E0.018763
G1 F1800 X172.696482 Y112.055208 Z0.2 E0.018763
G1 F1800 X172.213883 Y111.977824 Z0.2 E0.018763
G1 F1800 X171.731207 Y111.900913 Z0.2 E0.018763
G1 F1800 X171.248457 Y111.824471 Z0.2 E0.018763
G1 F1800 X170.765634 Y111.748493 Z0.2 E0.018763
G1 F1800 X170.282738 Y111.672975 Z0.2 E0.018763
G1 F1800 X169.799771 Y111.597913 Z0.2 E0.018763
G1 F1800 X169.316734 Y111.523302 Z0.2 E0.018763
G1 F1800 X168.833627 Y111.44914 Z0.2 E0.018763
G1 F1800 X168.350453 Y111.375422 Z0.2 E0.018762
G1 F1800 X167.867225 Y111.302146 Z0.2 E0.018762
G1 F1800 X167.383926 Y111.229306 Z0.2 E0.018763
G1 F1800 X166.900558 Y111.156898 Z0.2 E0.018763
G1 F1800 X166.417123 Y111.08492 Z0.2 E0.018763
G1 F1800 X165.933623 Y111.013368 Z0.2 E0.018763
G1 F1800 X165.450061 Y110.942238 Z0.2 E0.018768
G1 F1800 X164.966288 Y110.871506 Z0.2 E0.018762
G1 F1800 X164.482618 Y110.801215 Z0.2 E0.018762
G1 F1800 X163.998887 Y110.731337 Z0.2 E0.018762
G1 F1800 X163.515095 Y110.661869 Z0.2 E0.018762
G1 F1800 X163.031243 Y110.592808 Z0.2 E0.018762
G1 F1800 X162.547333 Y110.524151 Z0.2 E0.018762
G1 F1800 X162.063365 Y110.455895 Z0.2 E0.018762
G1 F1800 X161.57934 Y110.388038 Z0.2 E0.018762
G1 F1800 X161.095259 Y110.320576 Z0.2 E0.018762
G1 F1800 X160.611123 Y110.253508 Z0.2 E0.018763
G1 F1800 X160.126931 Y110.186831 Z0.2 E0.018763
G1 F1800 X159.642686 Y110.120541 Z0.2 E0.018763
G1 F1800 X159.158388 Y110.054637 Z0.2 E0.018763
G1 F1800 X158.674037 Y109.989116 Z0.2 E0.018763
G1 F1800 X158.189634 Y109.923976 Z0.2 E0.018763
G1 F1800 X157.70518 Y109.859215 Z0.2 E0.018763
G1 F1800 X157.220676 Y109.79483 Z0.2 E0.018763
G1 F1800 X156.736122 Y109.730818 Z0.2 E0.018763
G1 F1800 X156.251518 Y109.667179 Z0.2 E0.018763
G1 F1800 X155.766866 Y109.603909 Z0.2 E0.018763
G1 F1800 X155.282166 Y109.541007 Z0.2 E0.018763
G1 F1800 X154.797418 Y109.47847 Z0.2 E0.018763
G1 F1800 X154.312623 Y109.416297 Z0.2 E0.018763
G1 F1800 X153.827782 Y109.354486 Z0.2 E0.018763
G1 F1800 X153.342896 Y109.293034 Z0.2 E0.018763
G1 F1800 X152.857963 Y109.23194 Z0.2 E0.018763
G1 F1800 X152.372986 Y109.171203 Z0.2 E0.018763
G1 F1800 X151.887965 Y109.11082 Z0.2 E0.018763
G1 F1800 X151.4029 Y109.050789 Z0.2 E0.018763
G1 F1800 X150.917791 Y108.99111 Z0.2 E0.018763
G1 F1800 X150.43264 Y108.93178 Z0.2 E0.018762
G1 F1800 X149.947462 Y108.872799 Z0.2 E0.018762
G1 F1800 X149.462239 Y108.814164 Z0.2 E0.018762
G1 F1800 X148.976971 Y108.755874 Z0.2 E0.018762
G1 F1800 X148.491661 Y108.697926 Z0.2 E0.018762
G1 F1800 X148.006307 Y108.64032 Z0.2 E0.018763
G1 F1800 X147.520912 Y108.583054 Z0.2 E0.018763
G1 F1800 X147.035475 Y108.526127 Z0.2 E0.018763
G1 F1800 X146.549998 Y108.469537 Z0.2 E0.018763
G1 F1800 X146.064481 Y108.413283 Z0.2 E0.018763
G1 F1800 X145.578925 Y108.357364 Z0.2 E0.018763
G1 F1800 X145.09333 Y108.301779 Z0.2 E0.018763
G1 F1800 X144.607697 Y108.246527 Z0.2 E0.01877
G1 F1800 X144.121828 Y108.191583 Z0.2 E0.018763
G1 F1800 X143.636121 Y108.136992 Z0.2 E0.018763
G1 F1800 X143.150377 Y108.08273 Z0.2 E0.018763
G1 F1800 X142.664597 Y108.028796 Z0.2 E0.018763
G1 F1800 X142.17878 Y107.975189 Z0.2 E0.018763
G1 F1800 X141.692927 Y107.921908 Z0.2 E0.018763
G1 F1800 X141.207039 Y107.868952 Z0.2 E0.018763
G1 F1800 X140.721116 Y107.81632 Z0.2 E0.018763
G1 F1800 X140.235157 Y107.764011 Z0.2 E0.018763
G1 F1800 X139.749164 Y107.712024 Z0.2 E0.018763
G1 F1800 X139.263137 Y107.660358 Z0.2 E0.018763
G1 F1800 X138.777076 Y107.609012 Z0.2 E0.018763
G1 F1800 X138.290981 Y107.557986 Z0.2 E0.018763
G1 F1800 X137.804852 Y107.507279 Z0.2 E0.018762
G1 F1800 X137.318708 Y107.456892 Z0.2 E0.018762
G1 F1800 X136.832529 Y107.406822 Z0.2 E0.018762
G1 F1800 X136.346315 Y107.357068 Z0.2 E0.018762
G1 F1800 X135.860067 Y107.30763 Z0.2 E0.018762
G1 F1800 X135.373786 Y107.258507 Z0.2 E0.018762
G1 F1800 X134.887471 Y107.209698 Z0.2 E0.018762
G1 F1800 X134.401124 Y107.161203 Z0.2 E0.018762
G1 F1800 X133.914745 Y107.113022 Z0.2 E0.018763
G1 F1800 X133.428333 Y107.065153 Z0.2 E0.018763
G1 F1800 X132.94189 Y107.017597 Z0.2 E0.018763
G1 F1800 X132.455416 Y106.970352 Z0.2 E0.018763
G1 F1800 X131.968911 Y106.923419 Z0.2 E0.018763
G1 F1800 X131.482376 Y106.876796 Z0.2 E0.018763
G1 F1800 X130.995811 Y106.830484 Z0.2 E0.018763
G1 F1800 X130.509216 Y106.784482 Z0.2 E0.018763
G1 F1800 X130.022591 Y106.73879 Z0.2 E0.018763
G1 F1800 X129.535937 Y106.693407 Z0.2 E0.018763
G1 F1800 X129.049254 Y106.648333 Z0.2 E0.018763
G1 F1800 X128.562543 Y106.603568 Z0.2 E0.018763
G1 F1800 X128.075803 Y106.559112 Z0.2 E0.018763
G1 F1800 X127.589035 Y106.514963 Z0.2 E0.018763
G1 F1800 X127.10224 Y106.471123 Z0.2 E0.018763
G1 F1800 X126.615416 Y106.42759 Z0.2 E0.018762
G1 F1800 X126.12858 Y106.384366 Z0.2 E0.018763
G1 F1800 X125.641702 Y106.341449 Z0.2 E0.018763
G1 F1800 X125.154797 Y106.298838 Z0.2 E0.018763
G1 F1800 X124.667866 Y106.256535 Z0.2 E0.018763
G1 F1800 X124.180907 Y106.214539 Z0.2 E0.018763
G1 F1800 X123.693922 Y106.17285 Z0.2 E0.018763
G1 F1800 X123.206911 Y106.131468 Z0.2 E0.018763
G1 F1800 X122.719875 Y106.090393 Z0.2 E0.018763
G1 F1800 X122.232812 Y106.049625 Z0.2 E0.018763
G1 F1800 X121.745723 Y106.009164 Z0.2 E0.018763
G1 F1800 X121.25861 Y105.96901 Z0.2 E0.018763
G1 F1800 X120.771471 Y105.929163 Z0.2 E0.018763
G1 F1800 X120.284307 Y105.889624 Z0.2 E0.018763
G1 F1800 X119.797118 Y105.850392 Z0.2 E0.018763
G1 F1800 X119.309904 Y105.811467 Z0.2 E0.018763
G1 F1800 X118.822666 Y105.77285 Z0.2 E0.018763
G1 F1800 X118.335404 Y105.734541 Z0.2 E0.018768
G1 F1800 X117.847988 Y105.69653 Z0.2 E0.018763
G1 F1800 X117.360677 Y105.658838 Z0.2 E0.018763
G1 F1800 X116.873342 Y105.621454 Z0.2 E0.018763
G1 F1800 X116.385983 Y105.584379 Z0.2 E0.018763
G1 F1800 X115.898601 Y105.547613 Z0.2 E0.018763
G1 F1800 X115.411195 Y105.511157 Z0.2 E0.018763
G1 F1800 X114.923767 Y105.475011 Z0.2 E0.018763
G1 F1800 X114.436315 Y105.439175 Z0.2 E0.018763
G1 F1800 X113.948841 Y105.40365 Z0.2 E0.018763
G1 F1800 X113.461343 Y105.368436 Z0.2 E0.018763
G1 F1800 X112.973824 Y105.333534 Z0.2 E0.018763
G1 F1800 X112.486282 Y105.298944 Z0.2 E0.018763
G1 F1800 X111.998718 Y105.264666 Z0.2 E0.018763
G1 F1800 X111.511132 Y105.230702 Z0.2 E0.018763
G1 F1800 X111.023524 Y105.197052 Z0.2 E0.018763
G1 F1800 X110.535894 Y105.163716 Z0.2 E0.018763
G1 F1800 X110.048243 Y105.130695 Z0.2 E0.018763
G1 F1800 X109.560571 Y105.09799 Z0.2 E0.018763
G1 F1800 X109.072877 Y105.065601 Z0.2 E0.018763
G1 F1800 X108.585163 Y105.033529 Z0.2 E0.018763
G1 F1800 X108.097427 Y105.001774 Z0.2 E0.018763
G1 F1800 X107.609671 Y104.970339 Z0.2 E0.018763
G1 F1800 X107.121895 Y104.939222 Z0.2 E0.018763
G1 F1800 X106.634098 Y104.908426 Z0.2 E0.018763
G1 F1800 X106.146281 Y104.877951 Z0.2 E0.018763
G1 F1800 X105.658444 Y104.847797 Z0.2 E0.018763
G1 F1800 X105.170586 Y104.817966 Z0.2 E0.018763
G1 F1800 X104.68271 Y104.788459 Z0.2 E0.018763
G1 F1800 X104.194813 Y104.759277 Z0.2 E0.018763
G1 F1800 X103.706898 Y104.73042 Z0.2 E0.018763
G1 F1800 X103.218963 Y104.701889 Z0.2 E0.018763
G1 F1800 X102.731009 Y104.673687 Z0.2 E0.018763
G1 F1800 X102.243036 Y104.645813 Z0.2 E0.018763
G1 F1800 X101.755044 Y104.618268 Z0.2 E0.018763
G1 F1800 X101.267034 Y104.591055 Z0.2 E0.018763
G1 F1800 X100.779005 Y104.564174 Z0.2 E0.018763
G1 F1800 X100.290958 Y104.537627 Z0.2 E0.018763
G1 F1800 X99.802893 Y104.511414 Z0.2 E0.018763
G1 F1800 X99.31481 Y104.485537 Z0.2 E0.018763
G1 F1800 X98.826709 Y104.459997 Z0.2 E0.018763
G1 F1800 X98.338591 Y104.434795 Z0.2 E0.018763
G1 F1800 X97.850455 Y104.409934 Z0.2 E0.018763
G1 F1800 X97.362303 Y104.385414 Z0.2 E0.018763
G1 F1800 X96.874133 Y104.361236 Z0.2 E0.018763
G1 F1800 X96.385946 Y104.337403 Z0.2 E0.018763
G1 F1800 X95.897742 Y104.313916 Z0.2 E0.018763
G1 F1800 X95.409522 Y104.290776 Z0.2 E0.018763
G1 F1800 X94.921286 Y104.267985 Z0.2 E0.018763
G1 F1800 X94.433033 Y104.245545 Z0.2 E0.018763
G1 F1800 X93.944764 Y104.223457 Z0.2 E0.018763
G1 F1800 X93.45648 Y104.201723 Z0.2 E0.018763
G1 F1800 X92.96818 Y104.180345 Z0.2 E0.018763
G1 F1800 X92.479865 Y104.159325 Z0.2 E0.018763
G1 F1800 X91.991534 Y104.138664 Z0.2 E0.018763
G1 F1800 X91.503188 Y104.118364 Z0.2 E0.018763
G1 F1800 X91.014828 Y104.098428 Z0.2 E0.018763
G1 F1800 X90.526452 Y104.078857 Z0.2 E0.018763
G1 F1800 X90.038063 Y104.059653 Z0.2 E0.018763
G1 F1800 X89.549659 Y104.040819 Z0.2 E0.018763
G1 F1800 X89.061241 Y104.022356 Z0.2 E0.018763
G1 F1800 X88.57281 Y104.004267 Z0.2 E0.018763
G1 F1800 X88.084364 Y103.986554 Z0.2 E0.018763
G1 F1800 X87.595906 Y103.969219 Z0.2 E0.018758
G1 F1800 X87.107546 Y103.952269 Z0.2 E0.018763
G1 F1800 X86.619048 Y103.935697 Z0.2 E0.018763
G1 F1800 X86.130536 Y103.919511 Z0.2 E0.018763
G1 F1800 X85.642012 Y103.903713 Z0.2 E0.018763
G1 F1800 X85.153475 Y103.888305 Z0.2 E0.018763
G1 F1800 X84.664926 Y103.873291 Z0.2 E0.018763
G1 F1800 X84.176365 Y103.858672 Z0.2 E0.018763
G1 F1800 X83.687792 Y103.844452 Z0.2 E0.018763
G1 F1800 X83.199208 Y103.830633 Z0.2 E0.018763
G1 F1800 X82.710612 Y103.817219 Z0.2 E0.018763
G1 F1800 X82.222006 Y103.804212 Z0.2 E0.018763
G1 F1800 X81.733388 Y103.791615 Z0.2 E0.018763
G1 F1800 X81.24476 Y103.779431 Z0.2 E0.018763
G1 F1800 X80.756122 Y103.767664 Z0.2 E0.018763
G1 F1800 X80.267475 Y103.756316 Z0.2 E0.018763
G1 F1800 X79.778817 Y103.745392 Z0.2 E0.018763
G1 F1800 X79.290151 Y103.734893 Z0.2 E0.018763
G1 F1800 X78.801475 Y103.724825 Z0.2 E0.018763
G1 F1800 X78.312791 Y103.71519 Z0.2 E0.018763
G1 F1800 X77.824098 Y103.705992 Z0.2 E0.018763
G1 F1800 X77.335398 Y103.697235 Z0.2 E0.018763
G1 F1800 X76.84669 Y103.688922 Z0.2 E0.018763
G1 F1800 X76.357975 Y103.681057 Z0.2 E0.018763
G1 F1800 X75.869253 Y103.673645 Z0.2 E0.018763
G1 F1800 X75.380524 Y103.666689 Z0.2 E0.018763
G1 F1800 X74.89179 Y103.660194 Z0.2 E0.018763
G1 F1800 X74.403049 Y103.654164 Z0.2 E0.018763
G1 F1800 X73.914304 Y103.648602 Z0.2 E0.018763
G1 F1800 X73.425553 Y103.643515 Z0.2 E0.018763
G1 F1800 X72.936798 Y103.638906 Z0.2 E0.018763
G1 F1800 X72.44804 Y103.63478 Z0.2 E0.018763
G1 F1800 X71.959277 Y103.631141 Z0.2 E0.018763
G1 F1800 X71.470512 Y103.627996 Z0.2 E0.018763
G1 F1800 X70.981744 Y103.625348 Z0.2 E0.018763
G1 F1800 X70.492975 Y103.623204 Z0.2 E0.018763
G1 F1800 X70.004203 Y103.621567 Z0.2 E0.018763
G1 F1800 X69.515431 Y103.620445 Z0.2 E0.018763
G1 F1800 X69.026659 Y103.619842 Z0.2 E0.018763
G1 F1800 X68.537886 Y103.619764 Z0.2 E0.018763
G1 F1800 X68.049115 Y103.620217 Z0.2 E0.018763
G1 F1800 X67.560345 Y103.621207 Z0.2 E0.018763
G1 F1800 X67.071577 Y103.62274 Z0.2 E0.018763
G1 F1800 X66.582812 Y103.624823 Z0.2 E0.018763
G1 F1800 X66.094051 Y103.627463 Z0.2 E0.018763
G1 F1800 X65.605294 Y103.630665 Z0.2 E0.018763
G1 F1800 X65.116542 Y103.634437 Z0.2 E0.018763
G1 F1800 X64.627796 Y103.638786 Z0.2 E0.018744
G1 F1800 X64.139533 Y103.643714 Z0.2 E0.018763
G1 F1800 X63.650798 Y103.649238 Z0.2 E0.018763
G1 F1800 X63.162071 Y103.655361 Z0.2 E0.018763
G1 F1800 X62.673351 Y103.662092 Z0.2 E0.018763
G1 F1800 X62.18464 Y103.669439 Z0.2 E0.018763
G1 F1800 X61.695939 Y103.677409 Z0.2 E0.018763
G1 F1800 X61.207249 Y103.686011 Z0.2 E0.018763
G1 F1800 X60.718571 Y103.695255 Z0.2 E0.018763
G1 F1800 X60.229905 Y103.705149 Z0.2 E0.018763
G1 F1800 X59.741253 Y103.715704 Z0.2 E0.018763
G1 F1800 X59.252616 Y103.726927 Z0.2 E0.018763
G1 F1800 X58.763995 Y103.73883 Z0.2 E0.018763
G1 F1800 X58.275391 Y103.751423 Z0.2 E0.018763
G1 F1800 X57.786806 Y103.764716 Z0.2 E0.018763
G1 F1800 X57.298241 Y103.778721 Z0.2 E0.018763
G1 F1800 X56.809697 Y103.793448 Z0.2 E0.018763
G1 F1800 X56.321175 Y103.80891 Z0.2 E0.018763
G1 F1800 X55.832678 Y103.825118 Z0.2 E0.018763
G1 F1800 X55.344207 Y103.842085 Z0.2 E0.018763
G1 F1800 X54.855763 Y103.859823 Z0.2 E0.018763
G1 F1800 X54.367348 Y103.878346 Z0.2 E0.018763
G1 F1800 X53.878964 Y103.897668 Z0.2 E0.018763
G1 F1800 X53.390613 Y103.917802 Z0.2 E0.018763
G1 F1800 X52.902297 Y103.938764 Z0.2 E0.018763
G1 F1800 X52.414018 Y103.960568 Z0.2 E0.018763
G1 F1800 X51.925778 Y103.983231 Z0.2 E0.018763
G1 F1800 X51.437579 Y104.006769 Z0.2 E0.018763
G1 F1800 X50.949424 Y104.031198 Z0.2 E0.018763
G1 F1800 X50.461315 Y104.056536 Z0.2 E0.018763
G1 F1800 X49.973237 Y104.082803 Z0.2 E0.018763
G1 F1800 X49.485213 Y104.110016 Z0.2 E0.018763
G1 F1800 X48.997247 Y104.138194 Z0.2 E0.018763
G1 F1800 X48.509341 Y104.167359 Z0.2 E0.018763
G1 F1800 X48.021499 Y104.19753 Z0.2 E0.018763
G1 F1800 X47.533725 Y104.228732 Z0.2 E0.018763
G1 F1800 X47.046023 Y104.260985 Z0.2 E0.01876
G1 F1800 X46.558468 Y104.294298 Z0.2 E0.018763
G1 F1800 X46.070887 Y104.328336 Z0.2 E0.018763
G1 F1800 X45.5833 Y104.362304 Z0.2 E0.018763
G1 F1800 X45.095652 Y104.395347 Z0.2 E0.018763
G1 F1800 X44.607874 Y104.426555 Z0.2 E0.018762
G1 F1800 X44.119947 Y104.454938 Z0.2 E0.018763
G1 F1800 X43.631796 Y104.479423 Z0.2 E0.018763
G1 F1800 X43.143414 Y104.498811 Z0.2 E0.018762
G1 F1800 X42.65483 Y104.511759 Z0.2 E0.018763
G1 F1800 X42.166078 Y104.51674 Z0.2 E0.018762
G1 F1800 X41.677363 Y104.511997 Z0.2 E0.018762
G1 F1800 X41.18889 Y104.495493 Z0.2 E0.018762
G1 F1800 X40.701092 Y104.464842 Z0.2 E0.018762
G1 F1800 X40.214679 Y104.417241 Z0.2 E0.018761
G1 F1800 X39.730694 Y104.349391 Z0.2 E0.01876
G1 F1800 X39.250718 Y104.257443 Z0.2 E0.01876
G1 F1800 X38.776894 Y104.137817 Z0.2 E0.018759
G1 F1800 X38.311587 Y103.988522 Z0.2 E0.018759
G1 F1800 X37.857462 Y103.808063 Z0.2 E0.018759
G1 F1800 X37.417487 Y103.595429 Z0.2 E0.018758
G1 F1800 X36.994795 Y103.350262 Z0.2 E0.018758
G1 F1800 X36.592459 Y103.072974 Z0.2 E0.018758
G1 F1800 X36.213266 Y102.764792 Z0.2 E0.018758
G1 F1800 X35.859506 Y102.42771 Z0.2 E0.018758
G1 F1800 X35.53281 Y102.064341 Z0.2 E0.018759
G1 F1800 X35.23404 Y101.677659 Z0.2 E0.018759
G1 F1800 X34.963351 Y101.270799 Z0.2 E0.018759
G1 F1800 X34.72029 Y100.84686 Z0.2 E0.01876
G1 F1800 X34.503894 Y100.408682 Z0.2 E0.01876
G1 F1800 X34.312892 Y99.958849 Z0.2 E0.018761
G1 F1800 X34.145811 Y99.499582 Z0.2 E0.018761
G1 F1800 X34.001095 Y99.032782 Z0.2 E0.018761
G1 F1800 X33.877177 Y98.560024 Z0.2 E0.018762
G1 F1800 X33.772542 Y98.082617 Z0.2 E0.018762
G1 F1800 X33.685756 Y97.601648 Z0.2 E0.018762
G1 F1800 X33.615479 Y97.117983 Z0.2 E0.018762
G1 F1800 X33.560478 Y96.632336 Z0.2 E0.018762
G1 F1800 X33.519627 Y96.145302 Z0.2 E0.018762
G1 F1800 X33.491896 Y95.657338 Z0.2 E0.018762
G1 F1800 X33.476353 Y95.168833 Z0.2 E0.018762
G1 F1800 X33.472155 Y94.680092 Z0.2 E0.018762
G1 F1800 X33.478535 Y94.19138 Z0.2 E0.018762
G1 F1800 X33.494801 Y93.702893 Z0.2 E0.018762
G1 F1800 X33.520324 Y93.214803 Z0.2 E0.018763
G1 F1800 X33.554534 Y92.727237 Z0.2 E0.018762
G1 F1800 X33.596912 Y92.240322 Z0.2 E0.018762
G1 F1800 X33.646988 Y91.754134 Z0.2 E0.018763
G1 F1800 X33.704332 Y91.268748 Z0.2 E0.018763
G1 F1800 X33.76855 Y90.784223 Z0.2 E0.018763
G1 F1800 X33.839285 Y90.300601 Z0.2 E0.018762
G1 F1800 X33.916205 Y89.817934 Z0.2 E0.018763
G1 F1800 X33.999011 Y89.336238 Z0.2 E0.018763
G1 F1800 X34.087424 Y88.855538 Z0.2 E0.018762
G1 F1800 X34.181187 Y88.375861 Z0.2 E0.018763
G1 F1800 X34.280071 Y87.897183 Z0.2 E0.018762
G1 F1800 X34.383846 Y87.419571 Z0.2 E0.018762
G1 F1800 X34.492318 Y86.943 Z0.2 E0.018763
G1 F1800 X34.605298 Y86.467475 Z0.2 E0.018763
G1 F1800 X34.722614 Y85.993 Z0.2 E0.018763
G1 F1800 X34.844103 Y85.519575 Z0.2 E0.018763
G1 F1800 X34.969614 Y85.047204 Z0.2 E0.018763
G1 F1800 X35.099014 Y84.57586 Z0.2 E0.018762
G1 F1800 X35.232161 Y84.105587 Z0.2 E0.018763
G1 F1800 X35.368939 Y83.636354 Z0.2 E0.018763
G1 F1800 X35.509234 Y83.16816 Z0.2 E0.018763
G1 F1800 X35.652941 Y82.701 Z0.2 E0.018763
G1 F1800 X35.799958 Y82.23487 Z0.2 E0.018762
G1 F1800 X35.950187 Y81.769785 Z0.2 E0.018762
G1 F1800 X36.10355 Y81.305709 Z0.2 E0.018763
G1 F1800 X36.259961 Y80.842646 Z0.2 E0.018764
G1 F1800 X36.419355 Y80.380564 Z0.2 E0.018763
G1 F1800 X36.581634 Y79.919528 Z0.2 E0.018763
G1 F1800 X36.746743 Y79.459497 Z0.2 E0.018763
G1 F1800 X36.914618 Y79.000467 Z0.2 E0.018763
G1 F1800 X37.085198 Y78.542435 Z0.2 E0.018763
G1 F1800 X37.258427 Y78.085398 Z0.2 E0.018762
G1 F1800 X37.434246 Y77.629369 Z0.2 E0.018762
G1 F1800 X37.612614 Y77.174321 Z0.2 E0.018763
G1 F1800 X37.793482 Y76.720255 Z0.2 E0.018763
G1 F1800 X37.976806 Y76.267173 Z0.2 E0.018764
G1 F1800 X38.162558 Y75.81504 Z0.2 E0.018763
G1 F1800 X38.350669 Y75.363924 Z0.2 E0.018763
G1 F1800 X38.541119 Y74.913791 Z0.2 E0.018763
G1 F1800 X38.733872 Y74.464639 Z0.2 E0.018763
G1 F1800 X38.928896 Y74.016468 Z0.2 E0.018762
G1 F1800 X39.126157 Y73.569293 Z0.2 E0.018762
G1 F1800 X39.325634 Y73.123096 Z0.2 E0.018763
G1 F1800 X39.527301 Y72.67788 Z0.2 E0.018763
G1 F1800 X39.731132 Y72.233648 Z0.2 E0.018763
G1 F1800 X39.937107 Y71.790404 Z0.2 E0.018763
G1 F1800 X40.145202 Y71.348151 Z0.2 E0.018763
G1 F1800 X40.355401 Y70.906894 Z0.2 E0.018764
G1 F1800 X40.567699 Y70.466605 Z0.2 E0.018763
G1 F1800 X40.782053 Y70.02735 Z0.2 E0.018763
G1 F1800 X40.998462 Y69.589105 Z0.2 E0.018763
G1 F1800 X41.216913 Y69.151875 Z0.2 E0.018763
G1 F1800 X41.437397 Y68.715665 Z0.2 E0.018763
G1 F1800 X41.659902 Y68.280484 Z0.2 E0.018763
G1 F1800 X41.884422 Y67.846338 Z0.2 E0.018763
G1 F1800 X42.110948 Y67.413235 Z0.2 E0.018763
G1 F1800 X42.339476 Y66.981186 Z0.2 E0.018763
G1 F1800 X42.570001 Y66.550198 Z0.2 E0.018763
G1 F1800 X42.80252 Y66.120284 Z0.2 E0.018763
G1 F1800 X43.037031 Y65.691451 Z0.2 E0.018763
G1 F1800 X43.273523 Y65.263709 Z0.2 E0.018763
G1 F1800 X43.51199 Y64.837064 Z0.2 E0.018763
G1 F1800 X43.752425 Y64.411526 Z0.2 E0.018763
G1 F1800 X43.994821 Y63.987101 Z0.2 E0.018763
G1 F1800 X44.239175 Y63.563803 Z0.2 E0.018763
G1 F1800 X44.485487 Y63.141636 Z0.2 E0.018763
G1 F1800 X44.733753 Y62.720615 Z0.2 E0.018763
G1 F1800 X44.983973 Y62.300752 Z0.2 E0.018763
G1 F1800 X45.236149 Y61.882061 Z0.2 E0.018763
G1 F1800 X45.490283 Y61.464557 Z0.2 E0.018763
G1 F1800 X45.746379 Y61.048254 Z0.2 E0.018763
G1 F1800 X46.004444 Y60.633169 Z0.2 E0.018763
G1 F1800 X46.264484 Y60.21932 Z0.2 E0.018762
G1 F1800 X46.526501 Y59.806734 Z0.2 E0.018763
G1 F1800 X46.790527 Y59.395402 Z0.2 E0.018763
G1 F1800 X47.056559 Y58.985365 Z0.2 E0.018763
G1 F1800 X47.324611 Y58.576646 Z0.2 E0.018763
G1 F1800 X47.594699 Y58.169271 Z0.2 E0.018763
G1 F1800 X47.866839 Y57.763266 Z0.2 E0.018763
G1 F1800 X48.141051 Y57.358659 Z0.2 E0.018763
G1 F1800 X48.417356 Y56.955481 Z0.2 E0.018763
G1 F1800 X48.695777 Y56.553764 Z0.2 E0.018763
G1 F1800 X48.976339 Y56.153543 Z0.2 E0.01876
G1 F1800 X49.259037 Y55.754903 Z0.2 E0.018763
G1 F1800 X49.543971 Y55.357783 Z0.2 E0.018763
G1 F1800 X49.831141 Y54.962277 Z0.2 E0.018763
G1 F1800 X50.120581 Y54.56843 Z0.2 E0.018763
G1 F1800 X50.412332 Y54.176291 Z0.2 E0.018763
G1 F1800 X50.706436 Y53.785913 Z0.2 E0.018763
G1 F1800 X51.00295 Y53.39734 Z0.2 E0.018763
G1 F1800 X51.301909 Y53.010651 Z0.2 E0.018763
G1 F1800 X51.603368 Y52.625914 Z0.2 E0.018763
G1 F1800 X51.907383 Y52.243202 Z0.2 E0.01876
G1 F1800 X52.213981 Y51.86264 Z0.2 E0.018763
G1 F1800 X52.52331 Y51.484213 Z0.2 E0.018763
G1 F1800 X52.835405 Y51.108064 Z0.2 E0.018763
G1 F1800 X53.150345 Y50.734295 Z0.2 E0.018763
G1 F1800 X53.468219 Y50.363017 Z0.2 E0.018763
G1 F1800 X53.789119 Y49.994352 Z0.2 E0.018763
G1 F1800 X54.11315 Y49.628436 Z0.2 E0.018763
G1 F1800 X54.440434 Y49.265404 Z0.2 E0.018763
G1 F1800 X54.771071 Y48.905444 Z0.2 E0.018762
G1 F1800 X55.105191 Y48.548743 Z0.2 E0.018763
G1 F1800 X55.442967 Y48.195476 Z0.2 E0.018763
G1 F1800 X55.784546 Y47.845885 Z0.2 E0.018763
G1 F1800 X56.130102 Y47.500225 Z0.2 E0.018763
G1 F1800 X56.47983 Y47.158788 Z0.2 E0.018763
G1 F1800 X56.833948 Y46.821895 Z0.2 E0.018762
G1 F1800 X57.192674 Y46.489939 Z0.2 E0.018763
G1 F1800 X57.556289 Y46.163331 Z0.2 E0.018763
G1 F1800 X57.925076 Y45.842577 Z0.2 E0.018762
G1 F1800 X58.299358 Y45.528254 Z0.2 E0.018763
G1 F1800 X58.679499 Y45.221037 Z0.2 E0.018762
G1 F1800 X59.065888 Y44.921737 Z0.2 E0.018762
G1 F1800 X59.458987 Y44.631298 Z0.2 E0.018762
G1 F1800 X59.859288 Y44.350874 Z0.2 E0.018762
G1 F1800 X60.267343 Y44.081862 Z0.2 E0.018762
G1 F1800 X60.683753 Y43.825983 Z0.2 E0.018762
G1 F1800 X61.109162 Y43.585378 Z0.2 E0.018761
G1 F1800 X61.544229 Y43.362743 Z0.2 E0.018761
G1 F1800 X61.989587 Y43.161505 Z0.2 E0.01876
G1 F1800 X62.445703 Y42.986076 Z0.2 E0.018758
G1 F1800 X62.912667 Y42.842148 Z0.2 E0.018756
G1 F1800 X63.389824 Y42.73701 Z0.2 E0.018753
G1 F1800 X63.87498 Y42.679778 Z0.2 E0.018749
G1 F1800 X64.363394 Y42.681097 Z0.2 E0.018745
G1 F1800 X64.846561 Y42.751691 Z0.2 E0.01874
G1 F1800 X65.311931 Y42.899181 Z0.2 E0.01874
G1 F1800 X65.745335 Y43.12383 Z0.2 E0.018745
G1 F1800 X66.137099 Y43.415303 Z0.2 E0.01875
G1 F1800 X66.484527 Y43.75861 Z0.2 E0.018754
G1 F1800 X66.789846 Y44.139991 Z0.2 E0.018757
G1 F1800 X67.057574 Y44.548729 Z0.2 E0.018759
G1 F1800 X67.292711 Y44.977101 Z0.2 E0.01876
G1 F1800 X67.499893 Y45.41971 Z0.2 E0.018761
G1 F1800 X67.683101 Y45.872783 Z0.2 E0.018761
G1 F1800 X67.845661 Y46.333672 Z0.2 E0.018762
G1 F1800 X67.99033 Y46.800523 Z0.2 E0.018761
G1 F1800 X68.119353 Y47.271915 Z0.2 E0.018763
G1 F1800 X68.234618 Y47.746893 Z0.2 E0.018762
G1 F1800 X68.337673 Y48.224658 Z0.2 E0.018763
G1 F1800 X68.429829 Y48.704653 Z0.2 E0.018762
G1 F1800 X68.512186 Y49.186415 Z0.2 E0.018762
G1 F1800 X68.585687 Y49.669615 Z0.2 E0.018763
G1 F1800 X68.651141 Y50.153986 Z0.2 E0.018762
G1 F1800 X68.709237 Y50.63927 Z0.2 E0.018762
G1 F1800 X68.760585 Y51.125324 Z0.2 E0.018763
G1 F1800 X68.805714 Y51.611999 Z0.2 E0.018763
G1 F1800 X68.84509 Y52.099187 Z0.2 E0.018762
G1 F1800 X68.87912 Y52.586751 Z0.2 E0.018762
G1 F1800 X68.908175 Y53.074645 Z0.2 E0.018763
G1 F1800 X68.932578 Y53.562799 Z0.2 E0.018762
G1 F1800 X68.952623 Y54.051137 Z0.2 E0.018764
G1 F1800 X68.968575 Y54.539674 Z0.2 E0.018762
G1 F1800 X68.980669 Y55.028276 Z0.2 E0.018762
G1 F1800 X68.989122 Y55.516962 Z0.2 E0.018763
G1 F1800 X68.994131 Y56.005699 Z0.2 E0.018763
G1 F1800 X68.995874 Y56.49446 Z0.2 E0.018762
G1 F1800 X68.994516 Y56.983211 Z0.2 E0.018764
G1 F1800 X68.990206 Y57.471997 Z0.2 E0.018762
G1 F1800 X68.983084 Y57.960698 Z0.2 E0.018762
G1 F1800 X68.973277 Y58.449358 Z0.2 E0.018763
G1 F1800 X68.960902 Y58.937963 Z0.2 E0.018763
G1 F1800 X68.946069 Y59.426502 Z0.2 E0.018763
G1 F1800 X68.928879 Y59.914964 Z0.2 E0.018763
G1 F1800 X68.909426 Y60.403342 Z0.2 E0.018763
G1 F1800 X68.887798 Y60.891625 Z0.2 E0.018764
G1 F1800 X68.864076 Y61.379843 Z0.2 E0.018762
G1 F1800 X68.838338 Y61.867923 Z0.2 E0.018763
G1 F1800 X68.810654 Y62.3559 Z0.2 E0.018763
G1 F1800 X68.781092 Y62.843769 Z0.2 E0.018763
G1 F1800 X68.749715 Y63.331525 Z0.2 E0.018763
G1 F1800 X68.71658 Y63.819165 Z0.2 E0.018763
G1 F1800 X68.681745 Y64.306688 Z0.2 E0.018762
G1 F1800 X68.645263 Y64.794073 Z0.2 E0.018762
G1 F1800 X68.60718 Y65.281347 Z0.2 E0.018763
G1 F1800 X68.567545 Y65.768502 Z0.2 E0.018764
G1 F1800 X68.526396 Y66.255573 Z0.2 E0.018763
G1 F1800 X68.483784 Y66.742476 Z0.2 E0.018763
G1 F1800 X68.439744 Y67.229253 Z0.2 E0.018763
G1 F1800 X68.394312 Y67.715902 Z0.2 E0.018763
G1 F1800 X68.347525 Y68.202423 Z0.2 E0.018763
G1 F1800 X68.299415 Y68.688815 Z0.2 E0.018762
G1 F1800 X68.250016 Y69.175063 Z0.2 E0.018762
G1 F1800 X68.199355 Y69.661187 Z0.2 E0.018763
G1 F1800 X68.147461 Y70.147186 Z0.2 E0.018763
G1 F1800 X68.094362 Y70.633056 Z0.2 E0.018763
G1 F1800 X68.040082 Y71.118798 Z0.2 E0.018763
G1 F1800 X67.984647 Y71.60441 Z0.2 E0.018763
G1 F1800 X67.928079 Y72.089904 Z0.2 E0.018764
G1 F1800 X67.870398 Y72.575277 Z0.2 E0.018763
G1 F1800 X67.81163 Y73.060505 Z0.2 E0.018763
G1 F1800 X67.751794 Y73.545594 Z0.2 E0.018763
G1 F1800 X67.690915 Y74.030554 Z0.2 E0.018763
G1 F1800 X67.629015 Y74.515384 Z0.2 E0.018762
G1 F1800 X67.566119 Y75.000079 Z0.2 E0.018763
G1 F1800 X67.502244 Y75.484655 Z0.2 E0.018763
G1 F1800 X67.43741 Y75.969105 Z0.2 E0.018763
G1 F1800 X67.371636 Y76.453428 Z0.2 E0.018763
G1 F1800 X67.304938 Y76.937625 Z0.2 E0.018763
G1 F1800 X67.237331 Y77.421696 Z0.2 E0.018763
G1 F1800 X67.168829 Y77.905641 Z0.2 E0.018763
G1 F1800 X67.099444 Y78.389459 Z0.2 E0.018763
G1 F1800 X67.029189 Y78.873151 Z0.2 E0.018762
G1 F1800 X66.958075 Y79.3567 Z0.2 E0.018763
G1 F1800 X66.886106 Y79.840138 Z0.2 E0.018763
G1 F1800 X66.813294 Y80.32345 Z0.2 E0.018763
G1 F1800 X66.739645 Y80.806635 Z0.2 E0.018763
G1 F1800 X66.665163 Y81.289693 Z0.2 E0.018763
G1 F1800 X66.589854 Y81.772622 Z0.2 E0.018763
G1 F1800 X66.51372 Y82.255422 Z0.2 E0.018763
G1 F1800 X66.436762 Y82.738091 Z0.2 E0.018763
G1 F1800 X66.358982 Y83.220629 Z0.2 E0.018763
G1 F1800 X66.280373 Y83.703048 Z0.2 E0.018763
G1 F1800 X66.200939 Y84.185322 Z0.2 E0.018762
G1 F1800 X66.120677 Y84.667423 Z0.2 E0.018763
G1 F1800 X66.039571 Y85.149413 Z0.2 E0.018763
G1 F1800 X65.957616 Y85.63126 Z0.2 E0.018763
G1 F1800 X65.8748 Y86.112959 Z0.2 E0.018763
G1 F1800 X65.79111 Y86.594508 Z0.2 E0.018763
G1 F1800 X65.706528 Y87.0759 Z0.2 E0.018763
G1 F1800 X65.621033 Y87.557132 Z0.2 E0.018763
G1 F1800 X65.5346 Y88.038195 Z0.2 E0.018763
G1 F1800 X65.447198 Y88.519084 Z0.2 E0.018763
G1 F1800 X65.35879 Y88.999788 Z0.2 E0.018763
G1 F1800 X65.269333 Y89.480298 Z0.2 E0.018763
G1 F1800 X65.178774 Y89.960602 Z0.2 E0.018762
G1 F1800 X65.087049 Y90.440676 Z0.2 E0.018763
G1 F1800 X64.994076 Y90.920522 Z0.2 E0.018763
G1 F1800 X64.899756 Y91.400107 Z0.2 E0.018763
G1 F1800 X64.803965 Y91.879399 Z0.2 E0.018763
G1 F1800 X64.706541 Y92.358362 Z0.2 E0.018763
G1 F1800 X64.60727 Y92.836944 Z0.2 E0.018762
G1 F1800 X64.505863 Y93.315051 Z0.2 E0.018763
G1 F1800 X64.40189 Y93.79263 Z0.2 E0.018763
G1 F1800 X64.29471 Y94.269517 Z0.2 E0.018762
G1 F1800 X64.183269 Y94.745386 Z0.2 E0.018763
G1 F1800 X64.065505 Y95.219748 Z0.2 E0.018762
G1 F1800 X63.93628 Y95.691095 Z0.2 E0.018691
G1 F1800 X63.761133 Y96.145412 Z0.2 E0.01663
G1 F1800 X63.69324 Y95.717558 Z0.2 E0.018761
G1 F1800 X63.725252 Y95.229875 Z0.2 E0.018762
G1 F1800 X63.771259 Y94.743289 Z0.2 E0.018762
G1 F1800 X63.824635 Y94.257453 Z0.2 E0.018763
G1 F1800 X63.8829 Y93.772174 Z0.2 E0.018762
G1 F1800 X63.944792 Y93.287357 Z0.2 E0.018763
G1 F1800 X64.009573 Y92.802889 Z0.2 E0.018762
G1 F1800 X64.076751 Y92.318774 Z0.2 E0.018763
G1 F1800 X64.145994 Y91.83494 Z0.2 E0.018763
G1 F1800 X64.217056 Y91.351372 Z0.2 E0.018763
G1 F1800 X64.289755 Y90.868043 Z0.2 E0.018764
G1 F1800 X64.363949 Y90.384918 Z0.2 E0.018762
G1 F1800 X64.439518 Y89.902039 Z0.2 E0.018763
G1 F1800 X64.516376 Y89.419357 Z0.2 E0.018763
G1 F1800 X64.594448 Y88.936868 Z0.2 E0.018762
G1 F1800 X64.673672 Y88.454573 Z0.2 E0.018763
G1 F1800 X64.753997 Y87.972453 Z0.2 E0.018763
G1 F1800 X64.83538 Y87.490511 Z0.2 E0.018763
G1 F1800 X64.917786 Y87.008735 Z0.2 E0.018762
G1 F1800 X65.001178 Y86.527147 Z0.2 E0.018762
G1 F1800 X65.085536 Y86.045722 Z0.2 E0.018763
G1 F1800 X65.170836 Y85.564461 Z0.2 E0.018763
G1 F1800 X65.257059 Y85.083362 Z0.2 E0.018763
G1 F1800 X65.344189 Y84.602426 Z0.2 E0.018762
G1 F1800 X65.432211 Y84.121662 Z0.2 E0.018763
G1 F1800 X65.521116 Y83.641055 Z0.2 E0.018763
G1 F1800 X65.610894 Y83.160607 Z0.2 E0.018763
G1 F1800 X65.701537 Y82.68032 Z0.2 E0.018762
G1 F1800 X65.793038 Y82.200204 Z0.2 E0.018765
G1 F1800 X65.885407 Y81.72019 Z0.2 E0.018763
G1 F1800 X65.978616 Y81.240397 Z0.2 E0.018763
G1 F1800 X66.072675 Y80.760769 Z0.2 E0.018763
G1 F1800 X66.167584 Y80.281307 Z0.2 E0.018763
G1 F1800 X66.263342 Y79.802014 Z0.2 E0.018762
G1 F1800 X66.359949 Y79.322905 Z0.2 E0.018762
G1 F1800 X66.45741 Y78.843963 Z0.2 E0.018762
G1 F1800 X66.555729 Y78.365194 Z0.2 E0.018763
G1 F1800 X66.654908 Y77.8866 Z0.2 E0.018763
G1 F1800 X66.754954 Y77.408185 Z0.2 E0.018763
G1 F1800 X66.855872 Y76.929952 Z0.2 E0.018763
G1 F1800 X66.957668 Y76.451905 Z0.2 E0.018763
G1 F1800 X67.06035 Y75.974047 Z0.2 E0.018762
G1 F1800 X67.163924 Y75.496396 Z0.2 E0.018762
G1 F1800 X67.268402 Y75.018934 Z0.2 E0.018763
G1 F1800 X67.373795 Y74.541667 Z0.2 E0.018763
G1 F1800 X67.480113 Y74.064605 Z0.2 E0.018766
G1 F1800 X67.587382 Y73.587679 Z0.2 E0.018763
G1 F1800 X67.695584 Y73.111041 Z0.2 E0.018762
G1 F1800 X67.804743 Y72.634637 Z0.2 E0.018762
G1 F1800 X67.914879 Y72.158451 Z0.2 E0.018763
G1 F1800 X68.026006 Y71.68249 Z0.2 E0.018763
G1 F1800 X68.138141 Y71.206763 Z0.2 E0.018763
G1 F1800 X68.2513 Y70.731277 Z0.2 E0.018763
G1 F1800 X68.3655 Y70.25604 Z0.2 E0.018763
G1 F1800 X68.48076 Y69.781058 Z0.2 E0.018763
G1 F1800 X68.597101 Y69.306341 Z0.2 E0.018763
G1 F1800 X68.714543 Y68.831894 Z0.2 E0.018763
G1 F1800 X68.833108 Y68.357727 Z0.2 E0.018763
G1 F1800 X68.952821 Y67.883849 Z0.2 E0.018763
G1 F1800 X69.073707 Y67.410268 Z0.2 E0.018763
G1 F1800 X69.19579 Y66.936995 Z0.2 E0.018764
G1 F1800 X69.319108 Y66.464007 Z0.2 E0.018763
G1 F1800 X69.443674 Y65.991376 Z0.2 E0.018763
G1 F1800 X69.569527 Y65.519085 Z0.2 E0.018763
G1 F1800 X69.696698 Y65.047147 Z0.2 E0.018763
G1 F1800 X69.825223 Y64.575575 Z0.2 E0.018763
G1 F1800 X69.955137 Y64.104384 Z0.2 E0.018763
G1 F1800 X70.086478 Y63.633589 Z0.2 E0.018763
G1 F1800 X70.219289 Y63.163207 Z0.2 E0.018763
G1 F1800 X70.353611 Y62.693254 Z0.2 E0.018763
G1 F1800 X70.48949 Y62.22375 Z0.2 E0.018763
G1 F1800 X70.626974 Y61.754715 Z0.2 E0.018763
G1 F1800 X70.766116 Y61.286171 Z0.2 E0.018763
G1 F1800 X70.906969 Y60.81814 Z0.2 E0.01876
G1 F1800 X71.049574 Y60.350708 Z0.2 E0.018763
G1 F1800 X71.19403 Y59.883777 Z0.2 E0.018763
G1 F1800 X71.340384 Y59.417438 Z0.2 E0.018763
G1 F1800 X71.488708 Y58.951721 Z0.2 E0.018763
G1 F1800 X71.639078 Y58.486661 Z0.2 E0.018763
G1 F1800 X71.791573 Y58.022294 Z0.2 E0.018763
G1 F1800 X71.946283 Y57.55866 Z0.2 E0.018763
G1 F1800 X72.103304 Y57.095786 Z0.2 E0.018763
G1 F1800 X72.262733 Y56.633742 Z0.2 E0.018763
G1 F1800 X72.424676 Y56.17258 Z0.2 E0.018762
G1 F1800 X72.589248 Y55.712368 Z0.2 E0.018763
G1 F1800 X72.756587 Y55.253142 Z0.2 E0.018763
G1 F1800 X72.926827 Y54.794982 Z0.2 E0.018763
G1 F1800 X73.100119 Y54.337969 Z0.2 E0.018763
G1 F1800 X73.276629 Y53.882189 Z0.2 E0.018763
G1 F1800 X73.456537 Y53.42774 Z0.2 E0.018763
G1 F1800 X73.640041 Y52.974731 Z0.2 E0.018763
G1 F1800 X73.827365 Y52.523277 Z0.2 E0.018761
G1 F1800 X74.01873 Y52.073566 Z0.2 E0.018763
G1 F1800 X74.214433 Y51.625692 Z0.2 E0.018763
G1 F1800 X74.414762 Y51.179868 Z0.2 E0.018763
G1 F1800 X74.620051 Y50.736308 Z0.2 E0.018763
G1 F1800 X74.830677 Y50.295257 Z0.2 E0.018763
G1 F1800 X75.047066 Y49.857005 Z0.2 E0.018762
G1 F1800 X75.269698 Y49.421895 Z0.2 E0.018763
G1 F1800 X75.499129 Y48.990329 Z0.2 E0.018762
G1 F1800 X75.735989 Y48.562796 Z0.2 E0.018762
G1 F1800 X75.981009 Y48.13989 Z0.2 E0.018763
G1 F1800 X76.235048 Y47.722322 Z0.2 E0.018761
G1 F1800 X76.499071 Y47.311041 Z0.2 E0.018762
G1 F1800 X76.774277 Y46.907137 Z0.2 E0.018762
G1 F1800 X77.062036 Y46.512085 Z0.2 E0.018761
G1 F1800 X77.363982 Y46.127786 Z0.2 E0.018761
G1 F1800 X77.682065 Y45.756739 Z0.2 E0.01876
G1 F1800 X78.01856 Y45.402333 Z0.2 E0.018759
G1 F1800 X78.376081 Y45.069201 Z0.2 E0.018757
G1 F1800 X78.757471 Y44.763752 Z0.2 E0.018755
G1 F1800 X79.165387 Y44.494882 Z0.2 E0.01875
G1 F1800 X79.601317 Y44.274596 Z0.2 E0.018746
G1 F1800 X80.063254 Y44.11623 Z0.2 E0.018743
G1 F1800 X80.543903 Y44.030423 Z0.2 E0.018742
G1 F1800 X81.032078 Y44.022804 Z0.2 E0.018744
G1 F1800 X81.51545 Y44.09185 Z0.2 E0.018749
G1 F1800 X81.98398 Y44.229757 Z0.2 E0.018752
G1 F1800 X82.43151 Y44.42556 Z0.2 E0.018755
G1 F1800 X82.855577 Y44.668183 Z0.2 E0.018757
G1 F1800 X83.256122 Y44.94804 Z0.2 E0.018759
G1 F1800 X83.634351 Y45.257456 Z0.2 E0.01876
G1 F1800 X83.99199 Y45.590498 Z0.2 E0.018761
G1 F1800 X84.330873 Y45.942631 Z0.2 E0.018761
G1 F1800 X84.652754 Y46.31039 Z0.2 E0.018761
G1 F1800 X84.959219 Y46.691099 Z0.2 E0.018762
G1 F1800 X85.25168 Y47.08268 Z0.2 E0.018762
G1 F1800 X85.531368 Y47.483488 Z0.2 E0.018762
G1 F1800 X85.799358 Y47.892215 Z0.2 E0.018762
G1 F1800 X86.056583 Y48.307799 Z0.2 E0.018762
G1 F1800 X86.303864 Y48.729384 Z0.2 E0.018763
G1 F1800 X86.541914 Y49.156256 Z0.2 E0.018762
G1 F1800 X86.77135 Y49.587807 Z0.2 E0.018762
G1 F1800 X86.992732 Y50.023553 Z0.2 E0.018762
G1 F1800 X87.206541 Y50.463059 Z0.2 E0.018763
G1 F1800 X87.413218 Y50.905986 Z0.2 E0.018762
G1 F1800 X87.613131 Y51.351984 Z0.2 E0.018762
G1 F1800 X87.806634 Y51.800807 Z0.2 E0.018763
G1 F1800 X87.994032 Y52.252217 Z0.2 E0.018763
G1 F1800 X88.1756 Y52.706003 Z0.2 E0.018763
G1 F1800 X88.351589 Y53.161991 Z0.2 E0.018762
G1 F1800 X88.522217 Y53.619996 Z0.2 E0.018763
G1 F1800 X88.687692 Y54.079892 Z0.2 E0.018763
G1 F1800 X88.8482 Y54.541548 Z0.2 E0.018762
G1 F1800 X89.003903 Y55.004835 Z0.2 E0.018764
G1 F1800 X89.154973 Y55.469705 Z0.2 E0.018762
G1 F1800 X89.301518 Y55.935968 Z0.2 E0.018762
G1 F1800 X89.443683 Y56.403592 Z0.2 E0.018763
G1 F1800 X89.581583 Y56.872496 Z0.2 E0.018763
G1 F1800 X89.715325 Y57.342605 Z0.2 E0.018763
G1 F1800 X89.845006 Y57.813851 Z0.2 E0.018762
G1 F1800 X89.97071 Y58.286161 Z0.2 E0.018763
G1 F1800 X90.092527 Y58.759502 Z0.2 E0.018764
G1 F1800 X90.210535 Y59.233841 Z0.2 E0.018762
G1 F1800 X90.324785 Y59.709057 Z0.2 E0.018763
G1 F1800 X90.435351 Y60.185148 Z0.2 E0.018763
G1 F1800 X90.542289 Y60.662068 Z0.2 E0.018763
G1 F1800 X90.645651 Y61.139778 Z0.2 E0.018763
G1 F1800 X90.745484 Y61.618238 Z0.2 E0.018763
G1 F1800 X90.841832 Y62.097412 Z0.2 E0.018762
G1 F1800 X90.934733 Y62.577261 Z0.2 E0.018763
G1 F1800 X91.024223 Y63.057763 Z0.2 E0.018764
G1 F1800 X91.110338 Y63.538909 Z0.2 E0.018763
G1 F1800 X91.193096 Y64.020613 Z0.2 E0.018763
G1 F1800 X91.272528 Y64.502878 Z0.2 E0.018763
G1 F1800 X91.348656 Y64.985676 Z0.2 E0.018763
G1 F1800 X91.421498 Y65.468982 Z0.2 E0.018763
G1 F1800 X91.491071 Y65.95277 Z0.2 E0.018763
G1 F1800 X91.557388 Y66.437015 Z0.2 E0.018762
G1 F1800 X91.620459 Y66.921679 Z0.2 E0.018762
G1 F1800 X91.680295 Y67.406761 Z0.2 E0.018763
G1 F1800 X91.736902 Y67.892236 Z0.2 E0.018762
G1 F1800 X91.790282 Y68.378063 Z0.2 E0.018765
G1 F1800 X91.840445 Y68.864295 Z0.2 E0.018763
G1 F1800 X91.887379 Y69.350801 Z0.2 E0.018763
G1 F1800 X91.931086 Y69.837607 Z0.2 E0.018763
G1 F1800 X91.971563 Y70.324693 Z0.2 E0.018763
G1 F1800 X92.008802 Y70.812037 Z0.2 E0.018762
G1 F1800 X92.042795 Y71.299604 Z0.2 E0.018762
G1 F1800 X92.073533 Y71.787393 Z0.2 E0.018762
G1 F1800 X92.101003 Y72.27538 Z0.2 E0.018763
G1 F1800 X92.125191 Y72.763544 Z0.2 E0.018763
G1 F1800 X92.146081 Y73.251861 Z0.2 E0.018763
G1 F1800 X92.163656 Y73.74031 Z0.2 E0.018763
G1 F1800 X92.177896 Y74.228867 Z0.2 E0.018764
G1 F1800 X92.188781 Y74.717543 Z0.2 E0.018763
G1 F1800 X92.196285 Y75.206249 Z0.2 E0.018763
G1 F1800 X92.200384 Y75.694996 Z0.2 E0.018763
G1 F1800 X92.201053 Y76.18376 Z0.2 E0.018763
G1 F1800 X92.198262 Y76.672517 Z0.2 E0.018763
G1 F1800 X92.19198 Y77.161241 Z0.2 E0.018763
G1 F1800 X92.182177 Y77.649908 Z0.2 E0.018763
G1 F1800 X92.168817 Y78.13849 Z0.2 E0.018763
G1 F1800 X92.151866 Y78.626961 Z0.2 E0.018763
G1 F1800 X92.131284 Y79.115292 Z0.2 E0.018763
G1 F1800 X92.107033 Y79.603455 Z0.2 E0.018763
G1 F1800 X92.07907 Y80.091419 Z0.2 E0.018763
G1 F1800 X92.047353 Y80.579159 Z0.2 E0.018763
G1 F1800 X92.011836 Y81.066632 Z0.2 E0.018763
G1 F1800 X91.972471 Y81.553809 Z0.2 E0.018763
G1 F1800 X91.92921 Y82.040655 Z0.2 E0.018763
G1 F1800 X91.882 Y82.527135 Z0.2 E0.018763
G1 F1800 X91.830801 Y83.01321 Z0.2 E0.018763
G1 F1800 X91.77567 Y83.498856 Z0.2 E0.018763
G1 F1800 X91.716706 Y83.984051 Z0.2 E0.018763
G1 F1800 X91.654011 Y84.468779 Z0.2 E0.018763
G1 F1800 X91.587681 Y84.953022 Z0.2 E0.018763
G1 F1800 X91.517815 Y85.436767 Z0.2 E0.018763
G1 F1800 X91.444507 Y85.920005 Z0.2 E0.018763
G1 F1800 X91.367854 Y86.402722 Z0.2 E0.018763
G1 F1800 X91.287949 Y86.884913 Z0.2 E0.018763
G1 F1800 X91.204885 Y87.366568 Z0.2 E0.018763
G1 F1800 X91.118753 Y87.847679 Z0.2 E0.018763
G1 F1800 X91.029643 Y88.328257 Z0.2 E0.018763
G1 F1800 X90.937645 Y88.80829 Z0.2 E0.018763
G1 F1800 X90.84285 Y89.287777 Z0.2 E0.018763
G1 F1800 X90.745345 Y89.766721 Z0.2 E0.018763
G1 F1800 X90.645218 Y90.245122 Z0.2 E0.018763
G1 F1800 X90.542559 Y90.722985 Z0.2 E0.018762
G1 F1800 X90.437455 Y91.200306 Z0.2 E0.018763
G1 F1800 X90.329987 Y91.67712 Z0.2 E0.018763
G1 F1800 X90.220248 Y92.153416 Z0.2 E0.018763
G1 F1800 X90.108324 Y92.629202 Z0.2 E0.018763
G1 F1800 X89.994304 Y93.104489 Z0.2 E0.018763
G1 F1800 X89.878277 Y93.579287 Z0.2 E0.018763
G1 F1800 X89.760331 Y94.05361 Z0.2 E0.018761
G1 F1800 X89.640566 Y94.527435 Z0.2 E0.018763
G1 F1800 X89.519054 Y95.000855 Z0.2 E0.018763
G1 F1800 X89.395898 Y95.47385 Z0.2 E0.018763
G1 F1800 X89.271192 Y95.94644 Z0.2 E0.018763
G1 F1800 X89.14503 Y96.418659 Z0.2 E0.018763
G1 F1800 X89.017517 Y96.890511 Z0.2 E0.018763
G1 F1800 X88.888755 Y97.362019 Z0.2 E0.018763
G1 F1800 X88.758852 Y97.833208 Z0.2 E0.018761
G1 F1800 X88.627929 Y98.304067 Z0.2 E0.018763
G1 F1800 X88.496077 Y98.774713 Z0.2 E0.018763
G1 F1800 X88.36343 Y99.245135 Z0.2 E0.018763
G1 F1800 X88.230114 Y99.715368 Z0.2 E0.018763
G1 F1800 X88.096266 Y100.18545 Z0.2 E0.018763
G1 F1800 X87.962027 Y100.65542 Z0.2 E0.018763
G1 F1800 X87.82755 Y101.125336 Z0.2 E0.018762
G1 F1800 X87.693009 Y101.595206 Z0.2 E0.018763
G1 F1800 X87.558573 Y102.065121 Z0.2 E0.018763
G1 F1800 X87.42444 Y102.535121 Z0.2 E0.018763
G1 F1800 X87.290824 Y103.005269 Z0.2 E0.018763
G1 F1800 X87.157959 Y103.47563 Z0.2 E0.018763
G1 F1800 X87.026109 Y103.946276 Z0.2 E0.018763
G1 F1800 X86.895565 Y104.417286 Z0.2 E0.018763
G1 F1800 X86.766658 Y104.888746 Z0.2 E0.018763
G1 F1800 X86.639765 Y105.360753 Z0.2 E0.018763
G1 F1800 X86.515317 Y105.833411 Z0.2 E0.018763
G1 F1800 X86.393817 Y106.306834 Z0.2 E0.018763
G1 F1800 X86.275854 Y106.78115 Z0.2 E0.018763
G1 F1800 X86.162122 Y107.256513 Z0.2 E0.018763
G1 F1800 X86.053469 Y107.733048 Z0.2 E0.018763
G1 F1800 X85.950916 Y108.210931 Z0.2 E0.018763
G1 F1800 X85.855735 Y108.690335 Z0.2 E0.018762
G1 F1800 X85.769539 Y109.171409 Z0.2 E0.018762
G1 F1800 X85.694393 Y109.654353 Z0.2 E0.018762
G1 F1800 X85.633046 Y110.139233 Z0.2 E0.018761
G1 F1800 X85.589223 Y110.625998 Z0.2 E0.018761
G1 F1800 X85.568147 Y111.114252 Z0.2 E0.018759
G1 F1800 X85.577377 Y111.602822 Z0.2 E0.018755
G1 F1800 X85.628176 Y112.088732 Z0.2 E0.018746
G1 F1800 X85.737434 Y112.564689 Z0.2 E0.018728
G1 F1800 X85.928626 Y113.013513 Z0.2 E0.018699
G1 F1800 X86.224328 Y113.400596 Z0.2 E0.018689
G1 F1800 X86.621574 Y113.682046 Z0.2 E0.018716
G1 F1800 X87.081905 Y113.842655 Z0.2 E0.018741
G1 F1800 X87.5659 Y113.906538 Z0.2 E0.018752
G1 F1800 X88.054355 Y113.901992 Z0.2 E0.018757
G1 F1800 X88.540075 Y113.848768 Z0.2 E0.018759
G1 F1800 X89.020558 Y113.75964 Z0.2 E0.018761
G1 F1800 X89.495142 Y113.642981 Z0.2 E0.018761
G1 F1800 X89.963836 Y113.504476 Z0.2 E0.018762
G1 F1800 X90.426893 Y113.348133 Z0.2 E0.018762
G1 F1800 X90.884642 Y113.176873 Z0.2 E0.018762
G1 F1800 X91.337446 Y112.992875 Z0.2 E0.018762
G1 F1800 X91.785597 Y112.797831 Z0.2 E0.018762
G1 F1800 X92.22939 Y112.593061 Z0.2 E0.018762
G1 F1800 X92.669077 Y112.379624 Z0.2 E0.018762
G1 F1800 X93.104892 Y112.158375 Z0.2 E0.018763
G1 F1800 X93.537033 Y111.930019 Z0.2 E0.018762
G1 F1800 X93.965658 Y111.695156 Z0.2 E0.018763
G1 F1800 X94.390936 Y111.454271 Z0.2 E0.018762
G1 F1800 X94.812989 Y111.207793 Z0.2 E0.018763
G1 F1800 X95.231963 Y110.956064 Z0.2 E0.018762
G1 F1800 X95.647916 Y110.699423 Z0.2 E0.018763
G1 F1800 X96.060964 Y110.438121 Z0.2 E0.018763
G1 F1800 X96.471182 Y110.172395 Z0.2 E0.018763
G1 F1800 X96.878635 Y109.902452 Z0.2 E0.018763
G1 F1800 X97.283401 Y109.62846 Z0.2 E0.018762
G1 F1800 X97.685494 Y109.350602 Z0.2 E0.018763
G1 F1800 X98.08498 Y109.069003 Z0.2 E0.018763
G1 F1800 X98.481895 Y108.783787 Z0.2 E0.018763
G1 F1800 X98.876267 Y108.495064 Z0.2 E0.018763
G1 F1800 X99.268119 Y108.202935 Z0.2 E0.018763
G1 F1800 X99.65749 Y107.907468 Z0.2 E0.018763
G1 F1800 X100.044356 Y107.608768 Z0.2 E0.018763
G1 F1800 X100.428748 Y107.306888 Z0.2 E0.018763
G1 F1800 X100.810669 Y107.001886 Z0.2 E0.018763
G1 F1800 X101.19012 Y106.693815 Z0.2 E0.018762
G1 F1800 X101.567082 Y106.382731 Z0.2 E0.018762
G1 F1800 X101.941571 Y106.068655 Z0.2 E0.018763
G1 F1800 X102.313569 Y105.751624 Z0.2 E0.018764
G1 F1800 X102.683079 Y105.431649 Z0.2 E0.018763
G1 F1800 X103.050034 Y105.108795 Z0.2 E0.018763
G1 F1800 X103.414434 Y104.78306 Z0.2 E0.018762
G1 F1800 X103.77624 Y104.45447 Z0.2 E0.018762
G1 F1800 X104.135437 Y104.123018 Z0.2 E0.018763
G1 F1800 X104.491988 Y103.788715 Z0.2 E0.018763
G1 F1800 X104.845851 Y103.451563 Z0.2 E0.018763
G1 F1800 X105.19698 Y103.111565 Z0.2 E0.018763
G1 F1800 X105.545339 Y102.768705 Z0.2 E0.018763
G1 F1800 X105.890861 Y102.42299 Z0.2 E0.018763
G1 F1800 X106.23348 Y102.074417 Z0.2 E0.018763
G1 F1800 X106.573144 Y101.722964 Z0.2 E0.018763
G1 F1800 X106.909785 Y101.368614 Z0.2 E0.018763
G1 F1800 X107.24333 Y101.011349 Z0.2 E0.018763
G1 F1800 X107.573701 Y100.651147 Z0.2 E0.018763
G1 F1800 X107.900814 Y100.287983 Z0.2 E0.018763
G1 F1800 X108.224576 Y99.921829 Z0.2 E0.018763
G1 F1800 X108.544902 Y99.552645 Z0.2 E0.018762
G1 F1800 X108.861657 Y99.180429 Z0.2 E0.018763
G1 F1800 X109.17476 Y98.805113 Z0.2 E0.018763
G1 F1800 X109.484077 Y98.426672 Z0.2 E0.018763
G1 F1800 X109.78948 Y98.045065 Z0.2 E0.018763
G1 F1800 X110.09083 Y97.66025 Z0.2 E0.018763
G1 F1800 X110.387978 Y97.272182 Z0.2 E0.018763
G1 F1800 X110.680763 Y96.880814 Z0.2 E0.018763
G1 F1800 X110.969015 Y96.486098 Z0.2 E0.018762
G1 F1800 X111.252534 Y96.088002 Z0.2 E0.018763
G1 F1800 X111.531164 Y95.686416 Z0.2 E0.018763
G1 F1800 X111.804666 Y95.281323 Z0.2 E0.018763
G1 F1800 X112.072811 Y94.872666 Z0.2 E0.018763
G1 F1800 X112.335353 Y94.460391 Z0.2 E0.018763
G1 F1800 X112.592028 Y94.044441 Z0.2 E0.018763
G1 F1800 X112.842549 Y93.624762 Z0.2 E0.01876
G1 F1800 X113.086573 Y93.201364 Z0.2 E0.018763
G1 F1800 X113.323846 Y92.77406 Z0.2 E0.018762
G1 F1800 X113.553974 Y92.342867 Z0.2 E0.018762
G1 F1800 X113.776571 Y91.907738 Z0.2 E0.018763
G1 F1800 X113.991229 Y91.468621 Z0.2 E0.018763
G1 F1800 X114.197491 Y91.025506 Z0.2 E0.018763
G1 F1800 X114.394874 Y90.578374 Z0.2 E0.018762
G1 F1800 X114.582853 Y90.127231 Z0.2 E0.018762
G1 F1800 X114.760884 Y89.672053 Z0.2 E0.018762
G1 F1800 X114.928359 Y89.212887 Z0.2 E0.018763
G1 F1800 X115.08464 Y88.749773 Z0.2 E0.018763
G1 F1800 X115.229027 Y88.282824 Z0.2 E0.018762
G1 F1800 X115.360787 Y87.812169 Z0.2 E0.01876
G1 F1800 X115.479134 Y87.338011 Z0.2 E0.018762
G1 F1800 X115.583267 Y86.860486 Z0.2 E0.018763
G1 F1800 X115.672316 Y86.379903 Z0.2 E0.018762
G1 F1800 X115.745382 Y85.896644 Z0.2 E0.018762
G1 F1800 X115.801549 Y85.411141 Z0.2 E0.018761
G1 F1800 X115.839889 Y84.923923 Z0.2 E0.018762
G1 F1800 X115.85948 Y84.435568 Z0.2 E0.018762
G1 F1800 X115.859423 Y83.94683 Z0.2 E0.018761
G1 F1800 X115.838871 Y83.458531 Z0.2 E0.018761
G1 F1800 X115.797054 Y82.971598 Z0.2 E0.01876
G1 F1800 X115.733316 Y82.487088 Z0.2 E0.018761
G1 F1800 X115.647297 Y82.005994 Z0.2 E0.018761
G1 F1800 X115.539806 Y81.529235 Z0.2 E0.018761
G1 F1800 X115.412134 Y81.057475 Z0.2 E0.018761
G1 F1800 X115.265657 Y80.591211 Z0.2 E0.018762
G1 F1800 X115.101786 Y80.130763 Z0.2 E0.018762
G1 F1800 X114.921936 Y79.676318 Z0.2 E0.018762
G1 F1800 X114.727485 Y79.227921 Z0.2 E0.018762
G1 F1800 X114.519762 Y78.785507 Z0.2 E0.018762
G1 F1800 X114.300036 Y78.348939 Z0.2 E0.018762
G1 F1800 X114.069488 Y77.917976 Z0.2 E0.018762
G1 F1800 X113.829234 Y77.492343 Z0.2 E0.018762
G1 F1800 X113.580315 Y77.071724 Z0.2 E0.018763
G1 F1800 X113.323686 Y76.655741 Z0.2 E0.018762
G1 F1800 X113.060266 Y76.244051 Z0.2 E0.018763
G1 F1800 X112.790878 Y75.836231 Z0.2 E0.018763
G1 F1800 X112.516302 Y75.43187 Z0.2 E0.018763
G1 F1800 X112.23729 Y75.030573 Z0.2 E0.018763
G1 F1800 X111.954527 Y74.631906 Z0.2 E0.018763
G1 F1800 X111.668679 Y74.235445 Z0.2 E0.018763
G1 F1800 X111.380376 Y73.840758 Z0.2 E0.018763
G1 F1800 X111.09024 Y73.447423 Z0.2 E0.018763
G1 F1800 X110.798868 Y73.055001 Z0.2 E0.018763
G1 F1800 X110.506855 Y72.663057 Z0.2 E0.018763
G1 F1800 X110.214792 Y72.271147 Z0.2 E0.018763
G1 F1800 X109.923281 Y71.878828 Z0.2 E0.018763
G1 F1800 X109.632933 Y71.485648 Z0.2 E0.018763
G1 F1800 X109.344381 Y71.091149 Z0.2 E0.018763
G1 F1800 X109.058282 Y70.694861 Z0.2 E0.018763
G1 F1800 X108.775339 Y70.296317 Z0.2 E0.018763
G1 F1800 X108.496295 Y69.895039 Z0.2 E0.018763
G1 F1800 X108.221947 Y69.490534 Z0.2 E0.018763
G1 F1800 X107.953157 Y69.082306 Z0.2 E0.018763
G1 F1800 X107.690878 Y68.669874 Z0.2 E0.018761
G1 F1800 X107.436156 Y68.252769 Z0.2 E0.018763
G1 F1800 X107.190092 Y67.830449 Z0.2 E0.018763
G1 F1800 X106.953971 Y67.402505 Z0.2 E0.018761
G1 F1800 X106.72919 Y66.968549 Z0.2 E0.018762
G1 F1800 X106.517239 Y66.528152 Z0.2 E0.018762
G1 F1800 X106.319795 Y66.081056 Z0.2 E0.018762
G1 F1800 X106.138673 Y65.627119 Z0.2 E0.018761
G1 F1800 X105.975804 Y65.166323 Z0.2 E0.018761
G1 F1800 X105.833218 Y64.698856 Z0.2 E0.018761
G1 F1800 X105.712995 Y64.225158 Z0.2 E0.01876
G1 F1800 X105.617187 Y63.745951 Z0.2 E0.01876
G1 F1800 X105.547711 Y63.262213 Z0.2 E0.01876
G1 F1800 X105.506258 Y62.775279 Z0.2 E0.01876
G1 F1800 X105.494149 Y62.286743 Z0.2 E0.018759
G1 F1800 X105.51222 Y61.798401 Z0.2 E0.01876
G1 F1800 X105.559978 Y61.312049 Z0.2 E0.01876
G1 F1800 X105.635562 Y60.829228 Z0.2 E0.018761
G1 F1800 X105.737006 Y60.351162 Z0.2 E0.018762
G1 F1800 X105.862398 Y59.878786 Z0.2 E0.018761
G1 F1800 X106.009911 Y59.412856 Z0.2 E0.018761
G1 F1800 X106.177853 Y58.953888 Z0.2 E0.018761
G1 F1800 X106.364667 Y58.502271 Z0.2 E0.018762
G1 F1800 X106.568936 Y58.058266 Z0.2 E0.018761
G1 F1800 X106.789369 Y57.622077 Z0.2 E0.018762
G1 F1800 X107.024826 Y57.19379 Z0.2 E0.018762
G1 F1800 X107.274265 Y56.773491 Z0.2 E0.018762
G1 F1800 X107.536755 Y56.361222 Z0.2 E0.018763
G1 F1800 X107.811487 Y55.95697 Z0.2 E0.018762
G1 F1800 X108.097689 Y55.560782 Z0.2 E0.018762
G1 F1800 X108.394703 Y55.172644 Z0.2 E0.018762
G1 F1800 X108.701951 Y54.792534 Z0.2 E0.018762
G1 F1800 X109.018886 Y54.42047 Z0.2 E0.018762
G1 F1800 X109.345025 Y54.056463 Z0.2 E0.018762
G1 F1800 X109.679956 Y53.700513 Z0.2 E0.018763
G1 F1800 X110.023291 Y53.352651 Z0.2 E0.018762
G1 F1800 X110.374663 Y53.012937 Z0.2 E0.018762
G1 F1800 X110.733781 Y52.681407 Z0.2 E0.018762
G1 F1800 X111.100358 Y52.358138 Z0.2 E0.018763
G1 F1800 X111.474157 Y52.043204 Z0.2 E0.018762
G1 F1800 X111.854901 Y51.736749 Z0.2 E0.018762
G1 F1800 X112.242403 Y51.438883 Z0.2 E0.018762
G1 F1800 X112.636467 Y51.149754 Z0.2 E0.018763
G1 F1800 X113.03692 Y50.869532 Z0.2 E0.018762
G1 F1800 X113.443587 Y50.59842 Z0.2 E0.018762
G1 F1800 X113.856321 Y50.336631 Z0.2 E0.018762
G1 F1800 X114.274973 Y50.084416 Z0.2 E0.018762
G1 F1800 X114.699403 Y49.842051 Z0.2 E0.018762
G1 F1800 X115.12947 Y49.609843 Z0.2 E0.018762
G1 F1800 X115.565047 Y49.388128 Z0.2 E0.018762
G1 F1800 X116.005987 Y49.177284 Z0.2 E0.018762
G1 F1800 X116.452144 Y48.977721 Z0.2 E0.018762
G1 F1800 X116.903363 Y48.78989 Z0.2 E0.018762
G1 F1800 X117.359466 Y48.614284 Z0.2 E0.018762
G1 F1800 X117.820295 Y48.451427 Z0.2 E0.018762
G1 F1800 X118.285618 Y48.301906 Z0.2 E0.018762
G1 F1800 X118.755193 Y48.166348 Z0.2 E0.018761
G1 F1800 X119.228722 Y48.04543 Z0.2 E0.018762
G1 F1800 X119.705941 Y47.939857 Z0.2 E0.018762
G1 F1800 X120.186437 Y47.850407 Z0.2 E0.018762
G1 F1800 X120.669771 Y47.777886 Z0.2 E0.018762
G1 F1800 X121.155433 Y47.72314 Z0.2 E0.018761
G1 F1800 X121.642814 Y47.687045 Z0.2 E0.018762
G1 F1800 X122.131272 Y47.670488 Z0.2 E0.018761
G1 F1800 X122.619989 Y47.674367 Z0.2 E0.018761
G1 F1800 X123.108065 Y47.699555 Z0.2 E0.01876
G1 F1800 X123.594473 Y47.746882 Z0.2 E0.018761
G1 F1800 X124.078121 Y47.817111 Z0.2 E0.018761
G1 F1800 X124.557754 Y47.910893 Z0.2 E0.018761
G1 F1800 X125.032053 Y48.028696 Z0.2 E0.018761
G1 F1800 X125.499841 Y48.170173 Z0.2 E0.018761
G1 F1800 X125.960155 Y48.334359 Z0.2 E0.018761
G1 F1800 X126.412161 Y48.520194 Z0.2 E0.018761
G1 F1800 X126.855167 Y48.726576 Z0.2 E0.018761
G1 F1800 X127.2886 Y48.952386 Z0.2 E0.018761
G1 F1800 X127.711993 Y49.196502 Z0.2 E0.018761
G1 F1800 X128.124984 Y49.457834 Z0.2 E0.018762
G1 F1800 X128.527311 Y49.735337 Z0.2 E0.018761
G1 F1800 X128.918731 Y50.027976 Z0.2 E0.018762
G1 F1800 X129.299136 Y50.334824 Z0.2 E0.018762
G1 F1800 X129.66843 Y50.65499 Z0.2 E0.018761
G1 F1800 X130.026514 Y50.987598 Z0.2 E0.018762
G1 F1800 X130.373389 Y51.331901 Z0.2 E0.018763
G1 F1800 X130.709055 Y51.687188 Z0.2 E0.018761
G1 F1800 X131.033455 Y52.052728 Z0.2 E0.018762
G1 F1800 X131.346636 Y52.427943 Z0.2 E0.018762
G1 F1800 X131.648601 Y52.81225 Z0.2 E0.018763
G1 F1800 X131.93936 Y53.205125 Z0.2 E0.018762
G1 F1800 X132.218889 Y53.60604 Z0.2 E0.018762
G1 F1800 X132.487197 Y54.014557 Z0.2 E0.018762
G1 F1800 X132.74426 Y54.430244 Z0.2 E0.018763
G1 F1800 X132.990053 Y54.852712 Z0.2 E0.018762
G1 F1800 X133.224509 Y55.281555 Z0.2 E0.018762
G1 F1800 X133.447573 Y55.716435 Z0.2 E0.018762
G1 F1800 X133.659163 Y56.157012 Z0.2 E0.018762
G1 F1800 X133.859178 Y56.60297 Z0.2 E0.018762
G1 F1800 X134.047492 Y57.053987 Z0.2 E0.018762
G1 F1800 X134.223964 Y57.509768 Z0.2 E0.018762
G1 F1800 X134.388427 Y57.970018 Z0.2 E0.018762
G1 F1800 X134.540694 Y58.434446 Z0.2 E0.018762
G1 F1800 X134.680551 Y58.90276 Z0.2 E0.018762
G1 F1800 X134.80776 Y59.374667 Z0.2 E0.018762
G1 F1800 X134.922059 Y59.849866 Z0.2 E0.018762
G1 F1800 X135.023159 Y60.328045 Z0.2 E0.018762
G1 F1800 X135.110743 Y60.808882 Z0.2 E0.018762
G1 F1800 X135.184471 Y61.292041 Z0.2 E0.018762
G1 F1800 X135.243975 Y61.777155 Z0.2 E0.018762
G1 F1800 X135.288861 Y62.263838 Z0.2 E0.018762
G1 F1800 X135.318711 Y62.751664 Z0.2 E0.018762
G1 F1800 X135.333086 Y63.240202 Z0.2 E0.018762
G1 F1800 X135.331527 Y63.728947 Z0.2 E0.018762
G1 F1800 X135.313557 Y64.217361 Z0.2 E0.018762
G1 F1800 X135.27869 Y64.704856 Z0.2 E0.018761
G1 F1800 X135.226437 Y65.190786 Z0.2 E0.018762
G1 F1800 X135.156308 Y65.674469 Z0.2 E0.018762
G1 F1800 X135.067831 Y66.155131 Z0.2 E0.018761
G1 F1800 X134.960555 Y66.631946 Z0.2 E0.018761
G1 F1800 X134.834071 Y67.104019 Z0.2 E0.018761
G1 F1800 X134.688019 Y67.570415 Z0.2 E0.018761
G1 F1800 X134.52211 Y68.030121 Z0.2 E0.018761
G1 F1800 X134.336141 Y68.482081 Z0.2 E0.018761
G1 F1800 X134.130014 Y68.925208 Z0.2 E0.018761
G1 F1800 X133.903744 Y69.358395 Z0.2 E0.018761
G1 F1800 X133.657499 Y69.780543 Z0.2 E0.018761
G1 F1800 X133.392114 Y70.190935 Z0.2 E0.018761
G1 F1800 X133.109128 Y70.589401 Z0.2 E0.018761
G1 F1800 X132.810078 Y70.975959 Z0.2 E0.018762
G1 F1800 X132.496423 Y71.350773 Z0.2 E0.018762
G1 F1800 X132.169539 Y71.714103 Z0.2 E0.018762
G1 F1800 X131.830675 Y72.066315 Z0.2 E0.018762
G1 F1800 X131.481021 Y72.407789 Z0.2 E0.018762
G1 F1800 X131.121607 Y72.738995 Z0.2 E0.018762
G1 F1800 X130.753394 Y73.060399 Z0.2 E0.018762
G1 F1800 X130.37725 Y73.372475 Z0.2 E0.018762
G1 F1800 X129.993941 Y73.675718 Z0.2 E0.018763
G1 F1800 X129.604159 Y73.970611 Z0.2 E0.018762
G1 F1800 X129.208546 Y74.257617 Z0.2 E0.018762
G1 F1800 X128.807653 Y74.537208 Z0.2 E0.018763
G1 F1800 X128.401981 Y74.809836 Z0.2 E0.018763
G1 F1800 X127.992004 Y75.07593 Z0.2 E0.018763
G1 F1800 X127.578127 Y75.335918 Z0.2 E0.018763
G1 F1800 X127.160723 Y75.590213 Z0.2 E0.018763
G1 F1800 X126.740142 Y75.839213 Z0.2 E0.018763
G1 F1800 X126.316695 Y76.083308 Z0.2 E0.018763
G1 F1800 X125.890673 Y76.322882 Z0.2 E0.018763
G1 F1800 X125.462343 Y76.55831 Z0.2 E0.018763
G1 F1800 X125.031956 Y76.789966 Z0.2 E0.018763
G1 F1800 X124.599757 Y77.018218 Z0.2 E0.018763
G1 F1800 X124.165973 Y77.24344 Z0.2 E0.018763
G1 F1800 X123.730828 Y77.46601 Z0.2 E0.018763
G1 F1800 X123.294532 Y77.686322 Z0.2 E0.018763
G1 F1800 X122.857304 Y77.90478 Z0.2 E0.018763
G1 F1800 X122.419355 Y78.121814 Z0.2 E0.018762
G1 F1800 X121.980946 Y78.337864 Z0.2 E0.018763
G1 F1800 X121.54229 Y78.55344 Z0.2 E0.018763
G1 F1800 X121.103664 Y78.769079 Z0.2 E0.018763
G1 F1800 X120.665369 Y78.985388 Z0.2 E0.018762
G1 F1800 X120.22776 Y79.203058 Z0.2 E0.018763
G1 F1800 X119.791229 Y79.422906 Z0.2 E0.018763
G1 F1800 X119.356291 Y79.645887 Z0.2 E0.018763
G1 F1800 X118.923572 Y79.873176 Z0.2 E0.018762
G1 F1800 X118.493961 Y80.106204 Z0.2 E0.018762
G1 F1800 X118.068559 Y80.346867 Z0.2 E0.018762
G1 F1800 X117.649041 Y80.597623 Z0.2 E0.018762
G1 F1800 X117.237894 Y80.861867 Z0.2 E0.01876
G1 F1800 X116.839159 Y81.144432 Z0.2 E0.018758
G1 F1800 X116.459886 Y81.452516 Z0.2 E0.018751
G1 F1800 X116.113718 Y81.79712 Z0.2 E0.018726
G1 F1800 X115.829988 Y82.19394 Z0.2 E0.018659
G1 F1800 X115.671057 Y82.653277 Z0.2 E0.018633
G1 F1800 X115.702718 Y83.137635 Z0.2 E0.018691
G1 F1800 X115.903437 Y83.581243 Z0.2 E0.018733
G1 F1800 X116.206335 Y83.963859 Z0.2 E0.01875
G1 F1800 X116.565931 Y84.294409 Z0.2 E0.018756
G1 F1800 X116.958981 Y84.584656 Z0.2 E0.018759
G1 F1800 X117.373464 Y84.843509 Z0.2 E0.01876
G1 F1800 X117.802665 Y85.077216 Z0.2 E0.018761
G1 F1800 X118.242543 Y85.290196 Z0.2 E0.018762
G1 F1800 X118.690505 Y85.485646 Z0.2 E0.018762
G1 F1800 X119.144784 Y85.665939 Z0.2 E0.018762
G1 F1800 X119.604132 Y85.832883 Z0.2 E0.018762
G1 F1800 X120.067642 Y85.987888 Z0.2 E0.018763
G1 F1800 X120.534655 Y86.132075 Z0.2 E0.018762
G1 F1800 X121.00461 Y86.26633 Z0.2 E0.018762
G1 F1800 X121.477093 Y86.391385 Z0.2 E0.018763
G1 F1800 X121.951784 Y86.507842 Z0.2 E0.018762
G1 F1800 X122.428379 Y86.616192 Z0.2 E0.018762
G1 F1800 X122.906662 Y86.716853 Z0.2 E0.018763
G1 F1800 X123.386432 Y86.81017 Z0.2 E0.018763
G1 F1800 X123.867527 Y86.896436 Z0.2 E0.018762
G1 F1800 X124.349783 Y86.975894 Z0.2 E0.018763
G1 F1800 X124.833084 Y87.04875 Z0.2 E0.018762
G1 F1800 X125.317296 Y87.115176 Z0.2 E0.018764
G1 F1800 X125.802374 Y87.175321 Z0.2 E0.018762
G1 F1800 X126.288142 Y87.229292 Z0.2 E0.018763
G1 F1800 X126.77455 Y87.277191 Z0.2 E0.018763
G1 F1800 X127.261512 Y87.319092 Z0.2 E0.018763
G1 F1800 X127.748951 Y87.355052 Z0.2 E0.018762
G1 F1800 X128.236785 Y87.385112 Z0.2 E0.018763
G1 F1800 X128.724961 Y87.409299 Z0.2 E0.018763
G1 F1800 X129.213379 Y87.427623 Z0.2 E0.018763
G1 F1800 X129.701983 Y87.440085 Z0.2 E0.018763
G1 F1800 X130.190701 Y87.446672 Z0.2 E0.018762
G1 F1800 X130.679452 Y87.44736 Z0.2 E0.018762
G1 F1800 X131.168184 Y87.442112 Z0.2 E0.018763
G1 F1800 X131.656818 Y87.430884 Z0.2 E0.018763
G1 F1800 X132.145279 Y87.413619 Z0.2 E0.018762
G1 F1800 X132.633472 Y87.390251 Z0.2 E0.018762
G1 F1800 X133.121336 Y87.360703 Z0.2 E0.018763
G1 F1800 X133.608783 Y87.324889 Z0.2 E0.018763
G1 F1800 X134.095722 Y87.282715 Z0.2 E0.018763
G1 F1800 X134.582058 Y87.234075 Z0.2 E0.018763
G1 F1800 X135.067705 Y87.178853 Z0.2 E0.018763
G1 F1800 X135.552545 Y87.116926 Z0.2 E0.018763
G1 F1800 X136.036446 Y87.048163 Z0.2 E0.018763
G1 F1800 X136.519303 Y86.972418 Z0.2 E0.018763
G1 F1800 X137.000986 Y86.889539 Z0.2 E0.018763
G1 F1800 X137.481357 Y86.799363 Z0.2 E0.018763
G1 F1800 X137.960265 Y86.701718 Z0.2 E0.018762
G1 F1800 X138.437548 Y86.596423 Z0.2 E0.018763
G1 F1800 X138.913036 Y86.483286 Z0.2 E0.018763
G1 F1800 X139.386538 Y86.362107 Z0.2 E0.018763
G1 F1800 X139.857851 Y86.232677 Z0.2 E0.018763
G1 F1800 X140.326756 Y86.094779 Z0.2 E0.018762
G1 F1800 X140.793014 Y85.948186 Z0.2 E0.018763
G1 F1800 X141.256379 Y85.792663 Z0.2 E0.018762
G1 F1800 X141.716541 Y85.627981 Z0.2 E0.018763
G1 F1800 X142.173243 Y85.453881 Z0.2 E0.018762
G1 F1800 X142.626143 Y85.27012 Z0.2 E0.018762
G1 F1800 X143.074892 Y85.076447 Z0.2 E0.018762
G1 F1800 X143.519115 Y84.872613 Z0.2 E0.018762
G1 F1800 X143.958394 Y84.658376 Z0.2 E0.018762
G1 F1800 X144.392335 Y84.433475 Z0.2 E0.018762
G1 F1800 X144.820455 Y84.197686 Z0.2 E0.018762
G1 F1800 X145.242262 Y83.950787 Z0.2 E0.018762
G1 F1800 X145.657237 Y83.692574 Z0.2 E0.018762
G1 F1800 X146.064832 Y83.422864 Z0.2 E0.018762
G1 F1800 X146.464459 Y83.14151 Z0.2 E0.018762
G1 F1800 X146.855541 Y82.848373 Z0.2 E0.018762
G1 F1800 X147.237446 Y82.543377 Z0.2 E0.018762
G1 F1800 X147.609535 Y82.226484 Z0.2 E0.018762
G1 F1800 X147.971163 Y81.897704 Z0.2 E0.018762
G1 F1800 X148.321673 Y81.55711 Z0.2 E0.018762
G1 F1800 X148.660432 Y81.204816 Z0.2 E0.018761
G1 F1800 X148.986796 Y80.841026 Z0.2 E0.018762
G1 F1800 X149.300285 Y80.46605 Z0.2 E0.018762
G1 F1800 X149.600857 Y80.08066 Z0.2 E0.018762
G1 F1800 X149.888691 Y79.68566 Z0.2 E0.018762
G1 F1800 X150.164003 Y79.281837 Z0.2 E0.018762
G1 F1800 X150.427056 Y78.869918 Z0.2 E0.018762
G1 F1800 X150.67814 Y78.450594 Z0.2 E0.018762
G1 F1800 X150.917565 Y78.024507 Z0.2 E0.018762
G1 F1800 X151.145664 Y77.592246 Z0.2 E0.018762
G1 F1800 X151.362772 Y77.154357 Z0.2 E0.018762
G1 F1800 X151.569227 Y76.711352 Z0.2 E0.018762
G1 F1800 X151.765373 Y76.263682 Z0.2 E0.018763
G1 F1800 X151.951547 Y75.811764 Z0.2 E0.018762
G1 F1800 X152.128072 Y75.356002 Z0.2 E0.018762
G1 F1800 X152.295272 Y74.896734 Z0.2 E0.018762
G1 F1800 X152.453458 Y74.434281 Z0.2 E0.018763
G1 F1800 X152.602928 Y73.968931 Z0.2 E0.018762
G1 F1800 X152.743964 Y73.500962 Z0.2 E0.018762
G1 F1800 X152.876841 Y73.030611 Z0.2 E0.018762
G1 F1800 X153.001815 Y72.558104 Z0.2 E0.018763
G1 F1800 X153.119137 Y72.083626 Z0.2 E0.018763
G1 F1800 X153.229033 Y71.60738 Z0.2 E0.018763
G1 F1800 X153.331724 Y71.129527 Z0.2 E0.018763
G1 F1800 X153.427414 Y70.650224 Z0.2 E0.018763
G1 F1800 X153.516293 Y70.169612 Z0.2 E0.018763
G1 F1800 X153.598542 Y69.687814 Z0.2 E0.018763
G1 F1800 X153.674323 Y69.204958 Z0.2 E0.018763
G1 F1800 X153.743789 Y68.721153 Z0.2 E0.018763
G1 F1800 X153.807079 Y68.236504 Z0.2 E0.018762
G1 F1800 X153.864317 Y67.751115 Z0.2 E0.018763
G1 F1800 X153.915619 Y67.265052 Z0.2 E0.018763
G1 F1800 X153.961082 Y66.778408 Z0.2 E0.018763
G1 F1800 X154.000794 Y66.291244 Z0.2 E0.018763
G1 F1800 X154.034823 Y65.803659 Z0.2 E0.018762
G1 F1800 X154.063223 Y65.315747 Z0.2 E0.018763
G1 F1800 X154.086038 Y64.827516 Z0.2 E0.018763
G1 F1800 X154.103288 Y64.339057 Z0.2 E0.018763
G1 F1800 X154.114973 Y63.850433 Z0.2 E0.018763
G1 F1800 X154.121074 Y63.361708 Z0.2 E0.018763
G1 F1800 X154.121544 Y62.872936 Z0.2 E0.018762
G1 F1800 X154.116306 Y62.384214 Z0.2 E0.018763
G1 F1800 X154.105246 Y61.895575 Z0.2 E0.018763
G1 F1800 X154.088206 Y61.407108 Z0.2 E0.018763
G1 F1800 X154.064969 Y60.918897 Z0.2 E0.018763
G1 F1800 X154.035245 Y60.431039 Z0.2 E0.018762
G1 F1800 X153.998642 Y59.943655 Z0.2 E0.018763
G1 F1800 X153.954628 Y59.456873 Z0.2 E0.018763
G1 F1800 X153.902464 Y58.970899 Z0.2 E0.018762
G1 F1800 X153.841095 Y58.486008 Z0.2 E0.018762
G1 F1800 X153.768943 Y58.002615 Z0.2 E0.018762
G1 F1800 X153.683466 Y57.52139 Z0.2 E0.018761
G1 F1800 X153.580128 Y57.04372 Z0.2 E0.018758
G1 F1800 X153.449113 Y56.572972 Z0.2 E0.018723
G1 F1800 X153.25815 Y56.124171 Z0.2 E0.01382
G1 F1800 X152.899437 Y56.09352 Z0.2 E0.018708
G1 F1800 X152.738288 Y56.55344 Z0.2 E0.018758
G1 F1800 X152.644488 Y57.032997 Z0.2 E0.018761
G1 F1800 X152.578397 Y57.517222 Z0.2 E0.018762
G1 F1800 X152.529226 Y58.003497 Z0.2 E0.018762
G1 F1800 X152.49219 Y58.490844 Z0.2 E0.018763
G1 F1800 X152.464669 Y58.97884 Z0.2 E0.018762
G1 F1800 X152.445057 Y59.467203 Z0.2 E0.018762
G1 F1800 X152.432286 Y59.955786 Z0.2 E0.018763
G1 F1800 X152.425615 Y60.444503 Z0.2 E0.018763
G1 F1800 X152.424507 Y60.933262 Z0.2 E0.018763
G1 F1800 X152.428566 Y61.422009 Z0.2 E0.018763
G1 F1800 X152.437496 Y61.910713 Z0.2 E0.018762
G1 F1800 X152.451071 Y62.399278 Z0.2 E0.018763
G1 F1800 X152.469124 Y62.887707 Z0.2 E0.018762
G1 F1800 X152.491529 Y63.375943 Z0.2 E0.018763
G1 F1800 X152.5182 Y63.863998 Z0.2 E0.018762
G1 F1800 X152.549073 Y64.351777 Z0.2 E0.018763
G1 F1800 X152.584113 Y64.83928 Z0.2 E0.018763
G1 F1800 X152.623306 Y65.32647 Z0.2 E0.018762
G1 F1800 X152.666655 Y65.813289 Z0.2 E0.018763
G1 F1800 X152.714186 Y66.299737 Z0.2 E0.018764
G1 F1800 X152.76594 Y66.785795 Z0.2 E0.018763
G1 F1800 X152.821961 Y67.271337 Z0.2 E0.018763
G1 F1800 X152.882321 Y67.75636 Z0.2 E0.018762
G1 F1800 X152.947104 Y68.240802 Z0.2 E0.018763
G1 F1800 X153.016407 Y68.724625 Z0.2 E0.018763
G1 F1800 X153.090344 Y69.207765 Z0.2 E0.018763
G1 F1800 X153.169043 Y69.690165 Z0.2 E0.018763
G1 F1800 X153.252644 Y70.171726 Z0.2 E0.018763
G1 F1800 X153.341309 Y70.65238 Z0.2 E0.018763
G1 F1800 X153.435218 Y71.132038 Z0.2 E0.018763
G1 F1800 X153.534566 Y71.610598 Z0.2 E0.018763
G1 F1800 X153.639572 Y72.087949 Z0.2 E0.018763
G1 F1800 X153.750478 Y72.563963 Z0.2 E0.018763
G1 F1800 X153.867549 Y73.038508 Z0.2 E0.018763
G1 F1800 X153.991076 Y73.511413 Z0.2 E0.018763
G1 F1800 X154.12138 Y73.982494 Z0.2 E0.018763
G1 F1800 X154.258814 Y74.451541 Z0.2 E0.018761
G1 F1800 X154.403755 Y74.918277 Z0.2 E0.018762
G1 F1800 X154.556657 Y75.382504 Z0.2 E0.018762
G1 F1800 X154.717982 Y75.843871 Z0.2 E0.018762
G1 F1800 X154.888254 Y76.30201 Z0.2 E0.018763
G1 F1800 X155.068052 Y76.756504 Z0.2 E0.018762
G1 F1800 X155.258005 Y77.206834 Z0.2 E0.018762
G1 F1800 X155.45882 Y77.652427 Z0.2 E0.018762
G1 F1800 X155.671266 Y78.09259 Z0.2 E0.018763
G1 F1800 X155.8962 Y78.526522 Z0.2 E0.018761
G1 F1800 X156.134521 Y78.953205 Z0.2 E0.018762
G1 F1800 X156.387254 Y79.371527 Z0.2 E0.018762
G1 F1800 X156.655463 Y79.780092 Z0.2 E0.018761
G1 F1800 X156.940279 Y80.177254 Z0.2 E0.01876
G1 F1800 X157.242844 Y80.561036 Z0.2 E0.018761
G1 F1800 X157.564309 Y80.929135 Z0.2 E0.01876
G1 F1800 X157.905702 Y81.278817 Z0.2 E0.018759
G1 F1800 X158.267844 Y81.606934 Z0.2 E0.018759
G1 F1800 X158.651217 Y81.909964 Z0.2 E0.018758
G1 F1800 X159.055667 Y82.184177 Z0.2 E0.018759
G1 F1800 X159.479296 Y82.427745 Z0.2 E0.018759
G1 F1800 X159.918911 Y82.641145 Z0.2 E0.01876
G1 F1800 X160.371346 Y82.825862 Z0.2 E0.01876
G1 F1800 X160.833711 Y82.984121 Z0.2 E0.018761
G1 F1800 X161.303562 Y83.11862 Z0.2 E0.018761
G1 F1800 X161.778889 Y83.232284 Z0.2 E0.018762
G1 F1800 X162.258143 Y83.328097 Z0.2 E0.018762
G1 F1800 X162.740154 Y83.408974 Z0.2 E0.018762
G1 F1800 X163.224055 Y83.477702 Z0.2 E0.018762
G1 F1800 X163.709216 Y83.536905 Z0.2 E0.018763
G1 F1800 X164.195192 Y83.589049 Z0.2 E0.018763
G1 F1800 X164.681653 Y83.636451 Z0.2 E0.018763
G1 F1800 X165.168359 Y83.6813 Z0.2 E0.018763
G1 F1800 X165.655106 Y83.725679 Z0.2 E0.018763
G1 F1800 X166.141713 Y83.771592 Z0.2 E0.018763
G1 F1800 X166.627975 Y83.820979 Z0.2 E0.018763
G1 F1800 X167.113663 Y83.875737 Z0.2 E0.018762
G1 F1800 X167.598476 Y83.937729 Z0.2 E0.018762
G1 F1800 X168.08204 Y84.008798 Z0.2 E0.018762
G1 F1800 X168.563889 Y84.090654 Z0.2 E0.018762
G1 F1800 X169.043679 Y84.183825 Z0.2 E0.018762
G1 F1800 X169.521183 Y84.288091 Z0.2 E0.018762
G1 F1800 X169.996189 Y84.403219 Z0.2 E0.018762
G1 F1800 X170.468484 Y84.52898 Z0.2 E0.018762
G1 F1800 X170.937887 Y84.665151 Z0.2 E0.018762
G1 F1800 X171.404214 Y84.81151 Z0.2 E0.018762
G1 F1800 X171.867297 Y84.967844 Z0.2 E0.018762
G1 F1800 X172.326962 Y85.133938 Z0.2 E0.018762
G1 F1800 X172.783062 Y85.309593 Z0.2 E0.018762
G1 F1800 X173.235447 Y85.49461 Z0.2 E0.018763
G1 F1800 X173.683982 Y85.6888 Z0.2 E0.018762
G1 F1800 X174.128506 Y85.89197 Z0.2 E0.018762
G1 F1800 X174.568901 Y86.103947 Z0.2 E0.018762
G1 F1800 X175.005036 Y86.324559 Z0.2 E0.018762
G1 F1800 X175.436784 Y86.55364 Z0.2 E0.018763
G1 F1800 X175.864028 Y86.791034 Z0.2 E0.018762
G1 F1800 X176.286627 Y87.036579 Z0.2 E0.018762
G1 F1800 X176.70447 Y87.290135 Z0.2 E0.018762
G1 F1800 X177.117438 Y87.551558 Z0.2 E0.018762
G1 F1800 X177.525408 Y87.820715 Z0.2 E0.018762
G1 F1800 X177.92826 Y88.097474 Z0.2 E0.018763
G1 F1800 X178.325875 Y88.381714 Z0.2 E0.018762
G1 F1800 X178.718122 Y88.673308 Z0.2 E0.018762
G1 F1800 X179.104881 Y88.972144 Z0.2 E0.018762
G1 F1800 X179.486023 Y89.27811 Z0.2 E0.018762
G1 F1800 X179.86142 Y89.5911 Z0.2 E0.018763
G1 F1800 X180.230939 Y89.91101 Z0.2 E0.018762
G1 F1800 X180.594441 Y90.237737 Z0.2 E0.018762
G1 F1800 X180.951789 Y90.571185 Z0.2 E0.018762
G1 F1800 X181.302838 Y90.911259 Z0.2 E0.018762
G1 F1800 X181.647438 Y91.257864 Z0.2 E0.018762
G1 F1800 X181.985438 Y91.61091 Z0.2 E0.018762
G1 F1800 X182.316678 Y91.970305 Z0.2 E0.018762
G1 F1800 X182.640996 Y92.33596 Z0.2 E0.018762
G1 F1800 X182.958221 Y92.707783 Z0.2 E0.018762
G1 F1800 X183.26818 Y93.085686 Z0.2 E0.018762
G1 F1800 X183.570691 Y93.469577 Z0.2 E0.018762
G1 F1800 X183.865567 Y93.859362 Z0.2 E0.018762
G1 F1800 X184.152616 Y94.254946 Z0.2 E0.018762
G1 F1800 X184.431638 Y94.656231 Z0.2 E0.018762
G1 F1800 X184.702429 Y95.063118 Z0.2 E0.018762
G1 F1800 X184.964775 Y95.4755 Z0.2 E0.018762
G1 F1800 X185.21846 Y95.893265 Z0.2 E0.018762
G1 F1800 X185.463259 Y96.316298 Z0.2 E0.018762
G1 F1800 X185.698943 Y96.744476 Z0.2 E0.018762
G1 F1800 X185.925276 Y97.177669 Z0.2 E0.018762
G1 F1800 X186.142018 Y97.615736 Z0.2 E0.018762
G1 F1800 X186.348928 Y98.058535 Z0.2 E0.018762
G1 F1800 X186.545756 Y98.505906 Z0.2 E0.018762
G1 F1800 X186.732251 Y98.957682 Z0.2 E0.018762
G1 F1800 X186.908161 Y99.413683 Z0.2 E0.018762
G1 F1800 X187.073233 Y99.873718 Z0.2 E0.018762
G1 F1800 X187.227212 Y100.337581 Z0.2 E0.018762
G1 F1800 X187.369849 Y100.805058 Z0.2 E0.018762
G1 F1800 X187.500895 Y101.275915 Z0.2 E0.018762
G1 F1800 X187.620108 Y101.749907 Z0.2 E0.018762
G1 F1800 X187.727251 Y102.226771 Z0.2 E0.018762
G1 F1800 X187.822098 Y102.706232 Z0.2 E0.018762
G1 F1800 X187.904431 Y103.187999 Z0.2 E0.018762
G1 F1800 X187.974046 Y103.671758 Z0.2 E0.018761
G1 F1800 X188.030756 Y104.157188 Z0.2 E0.018761
G1 F1800 X188.074392 Y104.643971 Z0.2 E0.018762
G1 F1800 X188.104803 Y105.131761 Z0.2 E0.018762
G1 F1800 X188.121857 Y105.620204 Z0.2 E0.018762
G1 F1800 X188.12545 Y106.108937 Z0.2 E0.018762
G1 F1800 X188.1155 Y106.597584 Z0.2 E0.018765
G1 F1800 X188.091949 Y107.08584 Z0.2 E0.018762
G1 F1800 X188.054778 Y107.573175 Z0.2 E0.018762
G1 F1800 X188.00399 Y108.059269 Z0.2 E0.018762
G1 F1800 X187.939618 Y108.54376 Z0.2 E0.018763
G1 F1800 X187.861725 Y109.026274 Z0.2 E0.018762
G1 F1800 X187.770636 Y109.506461 Z0.2 E0.018762
G1 F1800 X187.667048 Y109.984111 Z0.2 E0.018762
G1 F1800 X187.551635 Y110.459043 Z0.2 E0.018762
G1 F1800 X187.425013 Y110.931113 Z0.2 E0.018762
G1 F1800 X187.287738 Y111.400195 Z0.2 E0.018762
G1 F1800 X187.14031 Y111.866186 Z0.2 E0.018762
G1 F1800 X186.983177 Y112.328997 Z0.2 E0.018762
G1 F1800 X186.816741 Y112.788544 Z0.2 E0.018762
G1 F1800 X186.641357 Y113.244752 Z0.2 E0.018763
G1 F1800 X186.457336 Y113.697547 Z0.2 E0.018763
G1 F1800 X186.264949 Y114.146854 Z0.2 E0.018763
G1 F1800 X186.064427 Y114.592588 Z0.2 E0.018762
G1 F1800 X185.855964 Y115.034656 Z0.2 E0.018762
G1 F1800 X185.639705 Y115.472968 Z0.2 E0.018763
G1 F1800 X185.415757 Y115.90742 Z0.2 E0.018763
G1 F1800 X185.184201 Y116.337852 Z0.2 E0.018762
G1 F1800 X184.945071 Y116.764091 Z0.2 E0.018762
G1 F1800 X184.698319 Y117.185991 Z0.2 E0.018762
G1 F1800 X184.443879 Y117.603298 Z0.2 E0.018763
G1 F1800 X184.181607 Y118.015734 Z0.2 E0.018762
G1 F1800 X183.911296 Y118.422934 Z0.2 E0.018762
G1 F1800 X183.632632 Y118.824469 Z0.2 E0.018762
G1 F1800 X183.345196 Y119.21977 Z0.2 E0.018762
G1 F1800 X183.04842 Y119.608101 Z0.2 E0.018762
G1 F1800 X182.741525 Y119.988489 Z0.2 E0.018762
G1 F1800 X182.42346 Y120.35958 Z0.2 E0.018762
G1 F1800 X182.092761 Y120.719441 Z0.2 E0.018761
G1 F1800 X181.747323 Y121.065164 Z0.2 E0.01876
G1 F1800 X181.384037 Y121.392023 Z0.2 E0.018757
G1 F1800 X180.998358 Y121.692036 Z0.2 E0.018751
G1 F1800 X180.584587 Y121.951638 Z0.2 E0.018736
G1 F1800 X180.136992 Y122.146246 Z0.2 E0.018698
G1 F1800 X179.657513 Y122.232 Z0.2 E0.018648
G1 F1800 X179.178124 Y122.153482 Z0.2 E0.018668
G1 F1800 X178.760632 Y121.90412 Z0.2 E0.018718
G1 F1800 X178.43226 Y121.54365 Z0.2 E0.018745
G1 F1800 X178.178265 Y121.126612 Z0.2 E0.018755
G1 F1800 X177.978164 Y120.680915 Z0.2 E0.018759
G1 F1800 X177.817087 Y120.219569 Z0.2 E0.01876
G1 F1800 X177.68519 Y119.749006 Z0.2 E0.018761
G1 F1800 X177.575869 Y119.272659 Z0.2 E0.018762
G1 F1800 X177.484554 Y118.79253 Z0.2 E0.018762
G1 F1800 X177.407956 Y118.30981 Z0.2 E0.018762
G1 F1800 X177.343647 Y117.825316 Z0.2 E0.018762
G1 F1800 X177.289769 Y117.339537 Z0.2 E0.018763
G1 F1800 X177.244876 Y116.852824 Z0.2 E0.018762
G1 F1800 X177.207822 Y116.365477 Z0.2 E0.018763
G1 F1800 X177.177673 Y115.877645 Z0.2 E0.018763
G1 F1800 X177.153663 Y115.389465 Z0.2 E0.018762
G1 F1800 X177.135155 Y114.901071 Z0.2 E0.018762
G1 F1800 X177.121612 Y114.412499 Z0.2 E0.018763
G1 F1800 X177.112575 Y113.923818 Z0.2 E0.018764
G1 F1800 X177.107652 Y113.435055 Z0.2 E0.018763
G1 F1800 X177.106502 Y112.946292 Z0.2 E0.018762
G1 F1800 X177.108828 Y112.457546 Z0.2 E0.018763
G1 F1800 X177.114368 Y111.968816 Z0.2 E0.018763
G1 F1800 X177.122891 Y111.480125 Z0.2 E0.018763
G1 F1800 X177.134192 Y110.991492 Z0.2 E0.018763
G1 F1800 X177.148088 Y110.502905 Z0.2 E0.018763
G1 F1800 X177.164412 Y110.014413 Z0.2 E0.018762
G1 F1800 X177.183018 Y109.526016 Z0.2 E0.018762
G1 F1800 X177.203769 Y109.037697 Z0.2 E0.018763
G1 F1800 X177.226545 Y108.549465 Z0.2 E0.018763
G1 F1800 X177.251233 Y108.061323 Z0.2 E0.018762
G1 F1800 X177.277732 Y107.573284 Z0.2 E0.018763
G1 F1800 X177.305948 Y107.085317 Z0.2 E0.018763
G1 F1800 X177.335794 Y106.597465 Z0.2 E0.018763
G1 F1800 X177.367192 Y106.10971 Z0.2 E0.018762
G1 F1800 X177.400066 Y105.622063 Z0.2 E0.018762
G1 F1800 X177.434351 Y105.134508 Z0.2 E0.018763
G1 F1800 X177.469981 Y104.647046 Z0.2 E0.018763
G1 F1800 X177.506899 Y104.159678 Z0.2 E0.018763
G1 F1800 X177.545048 Y103.672404 Z0.2 E0.018762
G1 F1800 X177.584377 Y103.185241 Z0.2 E0.018763
G1 F1800 X177.624839 Y102.698155 Z0.2 E0.018765
G1 F1800 X177.666393 Y102.211108 Z0.2 E0.018763
G1 F1800 X177.708986 Y101.724202 Z0.2 E0.018762
G1 F1800 X177.752583 Y101.237399 Z0.2 E0.018762
G1 F1800 X177.797147 Y100.750679 Z0.2 E0.018762
G1 F1800 X177.842641 Y100.264042 Z0.2 E0.018763
G1 F1800 X177.889033 Y99.777488 Z0.2 E0.018763
G1 F1800 X177.936291 Y99.291014 Z0.2 E0.018763
G1 F1800 X177.984383 Y98.804622 Z0.2 E0.018763
G1 F1800 X178.033281 Y98.318309 Z0.2 E0.018763
G1 F1800 X178.082959 Y97.832074 Z0.2 E0.018763
G1 F1800 X178.133389 Y97.345917 Z0.2 E0.018762
G1 F1800 X178.184546 Y96.859844 Z0.2 E0.018763
G1 F1800 X178.236408 Y96.373839 Z0.2 E0.018765
G1 F1800 X178.288958 Y95.887843 Z0.2 E0.018762
G1 F1800 X178.342162 Y95.401989 Z0.2 E0.018763
G1 F1800 X178.396004 Y94.916204 Z0.2 E0.018763
G1 F1800 X178.450467 Y94.430486 Z0.2 E0.018763
G1 F1800 X178.505531 Y93.944834 Z0.2 E0.018763
G1 F1800 X178.561177 Y93.459248 Z0.2 E0.018763
G1 F1800 X178.617387 Y92.973727 Z0.2 E0.018763
G1 F1800 X178.674147 Y92.488268 Z0.2 E0.018763
G1 F1800 X178.731438 Y92.002872 Z0.2 E0.018763
G1 F1800 X178.789245 Y91.517537 Z0.2 E0.018763
G1 F1800 X178.847553 Y91.032262 Z0.2 E0.018762
G1 F1800 X178.906346 Y90.547065 Z0.2 E0.018762
G1 F1800 X178.965612 Y90.061918 Z0.2 E0.018762
G1 F1800 X179.025338 Y89.576822 Z0.2 E0.018763
G1 F1800 X179.08551 Y89.091778 Z0.2 E0.018763
G1 F1800 X179.146115 Y88.606785 Z0.2 E0.018763
G1 F1800 X179.207141 Y88.121844 Z0.2 E0.018763
G1 F1800 X179.268576 Y87.636955 Z0.2 E0.018765
G1 F1800 X179.330416 Y87.152049 Z0.2 E0.018763
G1 F1800 X179.392634 Y86.667261 Z0.2 E0.018763
G1 F1800 X179.455226 Y86.18252 Z0.2 E0.018763
G1 F1800 X179.518182 Y85.697826 Z0.2 E0.018763
G1 F1800 X179.581492 Y85.213177 Z0.2 E0.018763
G1 F1800 X179.645145 Y84.728574 Z0.2 E0.018763
G1 F1800 X179.709131 Y84.244015 Z0.2 E0.018763
G1 F1800 X179.77344 Y83.759498 Z0.2 E0.018763
G1 F1800 X179.838063 Y83.275023 Z0.2 E0.018763
G1 F1800 X179.902991 Y82.790589 Z0.2 E0.018763
G1 F1800 X179.968213 Y82.306194 Z0.2 E0.018763
G1 F1800 X180.033722 Y81.821838 Z0.2 E0.018763
G1 F1800 X180.099509 Y81.33752 Z0.2 E0.018763
G1 F1800 X180.165564 Y80.853237 Z0.2 E0.018763
G1 F1800 X180.231878 Y80.368991 Z0.2 E0.018763
G1 F1800 X180.298444 Y79.884779 Z0.2 E0.018763
G1 F1800 X180.365253 Y79.4006 Z0.2 E0.018763
G1 F1800 X180.432297 Y78.916453 Z0.2 E0.018763
G1 F1800 X180.499568 Y78.432339 Z0.2 E0.018763
G1 F1800 X180.567056 Y77.948254 Z0.2 E0.018763
G1 F1800 X180.634755 Y77.464199 Z0.2 E0.018763
G1 F1800 X180.702656 Y76.98017 Z0.2 E0.018763
G1 F1800 X180.770757 Y76.496169 Z0.2 E0.018763
G1 F1800 X180.83906 Y76.012198 Z0.2 E0.018763
G1 F1800 X180.907568 Y75.528256 Z0.2 E0.018763
G1 F1800 X180.976283 Y75.044343 Z0.2 E0.018763
G1 F1800 X181.045209 Y74.560461 Z0.2 E0.018763
G1 F1800 X181.114348 Y74.07661 Z0.2 E0.018763
G1 F1800 X181.183705 Y73.592787 Z0.2 E0.018763
G1 F1800 X181.253282 Y73.108999 Z0.2 E0.018763
G1 F1800 X181.323084 Y72.625243 Z0.2 E0.018763
G1 F1800 X181.393114 Y72.14152 Z0.2 E0.018763
G1 F1800 X181.463376 Y71.657831 Z0.2 E0.018763
G1 F1800 X181.533875 Y71.174176 Z0.2 E0.018763
G1 F1800 X181.604614 Y70.690556 Z0.2 E0.018763
G1 F1800 X181.6756 Y70.206972 Z0.2 E0.018763
G1 F1800 X181.746836 Y69.723425 Z0.2 E0.018763
G1 F1800 X181.818329 Y69.239916 Z0.2 E0.018763
G1 F1800 X181.890083 Y68.756446 Z0.2 E0.018763
G1 F1800 X181.962104 Y68.273016 Z0.2 E0.018763
G1 F1800 X182.034399 Y67.789626 Z0.2 E0.018763
G1 F1800 X182.106977 Y67.30626 Z0.2 E0.018763
G1 F1800 X182.179841 Y66.822937 Z0.2 E0.018763
G1 F1800 X182.253 Y66.339661 Z0.2 E0.018763
G1 F1800 X182.326459 Y65.856433 Z0.2 E0.018763
G1 F1800 X182.400228 Y65.373254 Z0.2 E0.018763
G1 F1800 X182.474314 Y64.890126 Z0.2 E0.018763
G1 F1800 X182.548727 Y64.407051 Z0.2 E0.018763
G1 F1800 X182.623477 Y63.924032 Z0.2 E0.018759
G1 F1800 X182.698556 Y63.441173 Z0.2 E0.018763
G1 F1800 X182.774009 Y62.958266 Z0.2 E0.018763
G1 F1800 X182.849832 Y62.475417 Z0.2 E0.018763
G1 F1800 X182.926035 Y61.992628 Z0.2 E0.018763
G1 F1800 X183.002633 Y61.509901 Z0.2 E0.018763
G1 F1800 X183.079639 Y61.027239 Z0.2 E0.018763
G1 F1800 X183.157068 Y60.544645 Z0.2 E0.018763
G1 F1800 X183.234936 Y60.062122 Z0.2 E0.018763
G1 F1800 X183.313261 Y59.579672 Z0.2 E0.018763
G1 F1800 X183.39206 Y59.0973 Z0.2 E0.018763
G1 F1800 X183.471354 Y58.615009 Z0.2 E0.018763
G1 F1800 X183.551164 Y58.132803 Z0.2 E0.018763
G1 F1800 X183.631513 Y57.650686 Z0.2 E0.018763
G1 F1800 X183.712427 Y57.168665 Z0.2 E0.018763
G1 F1800 X183.793933 Y56.686742 Z0.2 E0.018763
G1 F1800 X183.876062 Y56.204926 Z0.2 E0.018763
G1 F1800 X183.958847 Y55.723206 Z0.2 E0.018762
G1 F1800 X184.042318 Y55.241641 Z0.2 E0.018763
G1 F1800 X184.126523 Y54.760182 Z0.2 E0.018763
G1 F1800 X184.211503 Y54.27886 Z0.2 E0.018763
G1 F1800 X184.297307 Y53.797683 Z0.2 E0.018763
G1 F1800 X184.383988 Y53.316664 Z0.2 E0.018763
G1 F1800 X184.471609 Y52.835816 Z0.2 E0.018763
G1 F1800 X184.560238 Y52.355152 Z0.2 E0.018763
G1 F1800 X184.649954 Y51.87469 Z0.2 E0.018763
G1 F1800 X184.740846 Y51.394449 Z0.2 E0.018763
G1 F1800 X184.833016 Y50.914452 Z0.2 E0.018763
G1 F1800 X184.926585 Y50.434723 Z0.2 E0.018762
G1 F1800 X185.02169 Y49.955308 Z0.2 E0.018763
G1 F1800 X185.1185 Y49.476223 Z0.2 E0.018763
G1 F1800 X185.21721 Y48.997526 Z0.2 E0.018763
G1 F1800 X185.318063 Y48.519276 Z0.2 E0.018763
G1 F1800 X185.421354 Y48.041547 Z0.2 E0.018763
G1 F1800 X185.527459 Y47.564438 Z0.2 E0.018762
G1 F1800 X185.636858 Y47.088081 Z0.2 E0.018763
G1 F1800 X185.750198 Y46.61263 Z0.2 E0.018763
G1 F1800 X185.868357 Y46.138358 Z0.2 E0.018762
G1 F1800 X185.992605 Y45.665675 Z0.2 E0.018762
G1 F1800 X186.124916 Y45.195166 Z0.2 E0.018762
G1 F1800 X186.268609 Y44.728008 Z0.2 E0.018761
G1 F1800 X186.430179 Y44.266773 Z0.2 E0.018752
G1 F1800 X186.62636 Y43.819413 Z0.2 E0.018164
G1 F1800 X186.945974 Y43.470504 Z0.2 E0.017624
G1 F1800 X187.220613 Y43.838393 Z0.2 E0.018752
G1 F1800 X187.336057 Y44.313054 Z0.2 E0.018761
G1 F1800 X187.417663 Y44.794916 Z0.2 E0.018762
G1 F1800 X187.484224 Y45.279112 Z0.2 E0.018763
G1 F1800 X187.542508 Y45.764393 Z0.2 E0.018762
G1 F1800 X187.595827 Y46.250233 Z0.2 E0.018763
G1 F1800 X187.646093 Y46.736426 Z0.2 E0.018762
G1 F1800 X187.694513 Y47.22277 Z0.2 E0.018763
G1 F1800 X187.741921 Y47.709232 Z0.2 E0.018763
G1 F1800 X187.788916 Y48.195749 Z0.2 E0.018762
G1 F1800 X187.835942 Y48.682228 Z0.2 E0.018763
G1 F1800 X187.883353 Y49.168687 Z0.2 E0.018763
G1 F1800 X187.93143 Y49.655094 Z0.2 E0.018763
G1 F1800 X187.980401 Y50.141397 Z0.2 E0.018763
G1 F1800 X188.03046 Y50.627592 Z0.2 E0.018762
G1 F1800 X188.081774 Y51.11365 Z0.2 E0.018763
G1 F1800 X188.134488 Y51.599564 Z0.2 E0.018763
G1 F1800 X188.188731 Y52.085308 Z0.2 E0.018764
G1 F1800 X188.244623 Y52.570892 Z0.2 E0.018763
G1 F1800 X188.302265 Y53.056246 Z0.2 E0.018762
G1 F1800 X188.361756 Y53.541367 Z0.2 E0.018763
G1 F1800 X188.423192 Y54.026252 Z0.2 E0.018763
G1 F1800 X188.48666 Y54.510878 Z0.2 E0.018763
G1 F1800 X188.552243 Y54.995223 Z0.2 E0.018763
G1 F1800 X188.620022 Y55.479267 Z0.2 E0.018763
G1 F1800 X188.690077 Y55.962989 Z0.2 E0.018762
G1 F1800 X188.762482 Y56.446353 Z0.2 E0.018763
G1 F1800 X188.837315 Y56.929351 Z0.2 E0.018763
G1 F1800 X188.914651 Y57.411958 Z0.2 E0.018763
G1 F1800 X188.994566 Y57.894145 Z0.2 E0.018763
G1 F1800 X189.077133 Y58.375885 Z0.2 E0.018762
G1 F1800 X189.162426 Y58.857145 Z0.2 E0.018764
G1 F1800 X189.25053 Y59.337941 Z0.2 E0.018763
G1 F1800 X189.341507 Y59.818161 Z0.2 E0.018763
G1 F1800 X189.43544 Y60.297814 Z0.2 E0.018763
G1 F1800 X189.532408 Y60.776862 Z0.2 E0.018763
G1 F1800 X189.632491 Y61.25527 Z0.2 E0.018763
G1 F1800 X189.735769 Y61.732999 Z0.2 E0.018762
G1 F1800 X189.842324 Y62.209998 Z0.2 E0.018763
G1 F1800 X189.952243 Y62.68624 Z0.2 E0.018763
G1 F1800 X190.065612 Y63.161675 Z0.2 E0.018763
G1 F1800 X190.182523 Y63.636271 Z0.2 E0.018763
G1 F1800 X190.303058 Y64.109939 Z0.2 E0.018762
G1 F1800 X190.427312 Y64.582634 Z0.2 E0.018762
G1 F1800 X190.555382 Y65.054315 Z0.2 E0.018763
G1 F1800 X190.687368 Y65.524919 Z0.2 E0.018763
G1 F1800 X190.823368 Y65.994379 Z0.2 E0.018763
G1 F1800 X190.963486 Y66.462629 Z0.2 E0.018763
G1 F1800 X191.107826 Y66.929594 Z0.2 E0.018764
G1 F1800 X191.256509 Y67.395233 Z0.2 E0.018763
G1 F1800 X191.409623 Y67.859395 Z0.2 E0.018763
G1 F1800 X191.567294 Y68.322029 Z0.2 E0.018763
G1 F1800 X191.729638 Y68.783044 Z0.2 E0.018763
G1 F1800 X191.896776 Y69.242342 Z0.2 E0.018763
G1 F1800 X192.06883 Y69.699821 Z0.2 E0.018763
G1 F1800 X192.245927 Y70.155372 Z0.2 E0.018763
G1 F1800 X192.428194 Y70.608879 Z0.2 E0.018762
G1 F1800 X192.615757 Y71.060204 Z0.2 E0.018763
G1 F1800 X192.808762 Y71.509247 Z0.2 E0.018763
G1 F1800 X193.00734 Y71.955853 Z0.2 E0.018763
G1 F1800 X193.211628 Y72.399875 Z0.2 E0.018763
G1 F1800 X193.421767 Y72.841158 Z0.2 E0.018763
G1 F1800 X193.6379 Y73.279537 Z0.2 E0.018763
G1 F1800 X193.86017 Y73.714835 Z0.2 E0.018763
G1 F1800 X194.08872 Y74.146868 Z0.2 E0.018762
G1 F1800 X194.323695 Y74.575437 Z0.2 E0.018763
G1 F1800 X194.565241 Y75.000342 Z0.2 E0.018763
G1 F1800 X194.813501 Y75.42136 Z0.2 E0.018763
G1 F1800 X195.068614 Y75.83826 Z0.2 E0.018763
G1 F1800 X195.330718 Y76.250799 Z0.2 E0.018762
G1 F1800 X195.59995 Y76.658722 Z0.2 E0.018762
G1 F1800 X195.876437 Y77.061761 Z0.2 E0.018762
G1 F1800 X196.160299 Y77.45963 Z0.2 E0.018762
G1 F1800 X196.451661 Y77.852051 Z0.2 E0.018762
G1 F1800 X196.750625 Y78.238711 Z0.2 E0.018762
G1 F1800 X197.057287 Y78.619294 Z0.2 E0.018762
G1 F1800 X197.371728 Y78.993474 Z0.2 E0.018762
G1 F1800 X197.69402 Y79.360913 Z0.2 E0.018762
G1 F1800 X198.024214 Y79.721266 Z0.2 E0.018762
G1 F1800 X198.362343 Y80.074176 Z0.2 E0.018762
G1 F1800 X198.70843 Y80.419292 Z0.2 E0.018762
G1 F1800 X199.062465 Y80.756249 Z0.2 E0.018762
G1 F1800 X199.424419 Y81.084683 Z0.2 E0.018762
G1 F1800 X199.79424 Y81.404233 Z0.2 E0.018762
G1 F1800 X200.171849 Y81.71454 Z0.2 E0.018762
G1 F1800 X200.557141 Y82.015256 Z0.2 E0.018762
G1 F1800 X200.949983 Y82.30604 Z0.2 E0.018762
G1 F1800 X201.350213 Y82.586565 Z0.2 E0.018762
G1 F1800 X201.757645 Y82.856523 Z0.2 E0.018761
G1 F1800 X202.172049 Y83.115616 Z0.2 E0.018762
G1 F1800 X202.593207 Y83.363596 Z0.2 E0.018762
G1 F1800 X203.020856 Y83.600222 Z0.2 E0.018763
G1 F1800 X203.454722 Y83.825292 Z0.2 E0.018762
G1 F1800 X203.894463 Y84.038611 Z0.2 E0.018762
G1 F1800 X204.339775 Y84.240042 Z0.2 E0.018762
G1 F1800 X204.790312 Y84.429475 Z0.2 E0.018762
G1 F1800 X205.245745 Y84.60684 Z0.2 E0.018763
G1 F1800 X205.705703 Y84.772182 Z0.2 E0.018762
G1 F1800 X206.169603 Y84.926066 Z0.2 E0.018762
G1 F1800 X206.636917 Y85.069239 Z0.2 E0.018762
G1 F1800 X207.107193 Y85.20238 Z0.2 E0.018762
G1 F1800 X207.580031 Y85.326108 Z0.2 E0.018762
G1 F1800 X208.055098 Y85.440985 Z0.2 E0.018763
G1 F1800 X208.532106 Y85.547524 Z0.2 E0.018763
G1 F1800 X209.010805 Y85.646192 Z0.2 E0.018763
G1 F1800 X209.490987 Y85.737418 Z0.2 E0.018763
G1 F1800 X209.972456 Y85.821587 Z0.2 E0.018763
G1 F1800 X210.455047 Y85.899054 Z0.2 E0.018763
G1 F1800 X210.938614 Y85.970143 Z0.2 E0.018762
G1 F1800 X211.423006 Y86.035147 Z0.2 E0.018763
G1 F1800 X211.908171 Y86.094345 Z0.2 E0.018763
G1 F1800 X212.394001 Y86.147983 Z0.2 E0.018762
G1 F1800 X212.880354 Y86.196283 Z0.2 E0.018763
G1 F1800 X213.367208 Y86.239458 Z0.2 E0.018763
G1 F1800 X213.854474 Y86.277697 Z0.2 E0.018763
G1 F1800 X214.34209 Y86.311177 Z0.2 E0.018763
G1 F1800 X214.83 Y86.34006 Z0.2 E0.018763
G1 F1800 X215.318158 Y86.364501 Z0.2 E0.018763
G1 F1800 X215.806511 Y86.384648 Z0.2 E0.018763
G1 F1800 X216.295023 Y86.400654 Z0.2 E0.018762
G1 F1800 X216.78362 Y86.412691 Z0.2 E0.018763
G1 F1800 X217.272315 Y86.421005 Z0.2 E0.018763
G1 F1800 X217.761072 Y86.426034 Z0.2 E0.018762
G1 F1800 X218.249813 Y86.428969 Z0.2 E0.01876
G1 F1800 X218.738427 Y86.438476 Z0.2 E0.014884
G1 F1800 X218.355627 Y86.500022 Z0.2 E0.018762
G1 F1800 X217.867489 Y86.524392 Z0.2 E0.018763
G1 F1800 X217.378934 Y86.538706 Z0.2 E0.018762
G1 F1800 X216.890227 Y86.545812 Z0.2 E0.018762
G1 F1800 X216.40147 Y86.546842 Z0.2 E0.018763
G1 F1800 X215.912729 Y86.542375 Z0.2 E0.018763
G1 F1800 X215.424051 Y86.532739 Z0.2 E0.018763
G1 F1800 X214.935508 Y86.518128 Z0.2 E0.018762
G1 F1800 X214.447139 Y86.498649 Z0.2 E0.018762
G1 F1800 X213.958992 Y86.474351 Z0.2 E0.018764
G1 F1800 X213.471069 Y86.44524 Z0.2 E0.018762
G1 F1800 X212.9835 Y86.411295 Z0.2 E0.018763
G1 F1800 X212.496284 Y86.372461 Z0.2 E0.018763
G1 F1800 X212.009487 Y86.328661 Z0.2 E0.018763
G1 F1800 X211.523157 Y86.279799 Z0.2 E0.018762
G1 F1800 X211.037394 Y86.22576 Z0.2 E0.018763
G1 F1800 X210.552249 Y86.16641 Z0.2 E0.018763
G1 F1800 X210.067803 Y86.101593 Z0.2 E0.018763
G1 F1800 X209.584147 Y86.031139 Z0.2 E0.018763
G1 F1800 X209.101362 Y85.954856 Z0.2 E0.018763
G1 F1800 X208.619581 Y85.872536 Z0.2 E0.018762
G1 F1800 X208.138924 Y85.783949 Z0.2 E0.018762
G1 F1800 X207.659507 Y85.688842 Z0.2 E0.018763
G1 F1800 X207.181486 Y85.586939 Z0.2 E0.018764
G1 F1800 X206.705006 Y85.477936 Z0.2 E0.018763
G1 F1800 X206.230311 Y85.361521 Z0.2 E0.018762
G1 F1800 X205.757591 Y85.237335 Z0.2 E0.018762
G1 F1800 X205.287088 Y85.104997 Z0.2 E0.018762
G1 F1800 X204.819096 Y84.964098 Z0.2 E0.018763
G1 F1800 X204.353894 Y84.814179 Z0.2 E0.018763
G1 F1800 X203.891861 Y84.654765 Z0.2 E0.018762
G1 F1800 X203.433409 Y84.485336 Z0.2 E0.018762
G1 F1800 X202.979019 Y84.305338 Z0.2 E0.018763
G1 F1800 X202.529193 Y84.114159 Z0.2 E0.018763
G1 F1800 X202.084577 Y83.911172 Z0.2 E0.018762
G1 F1800 X201.645881 Y83.695705 Z0.2 E0.018761
G1 F1800 X201.213944 Y83.467065 Z0.2 E0.018763
G1 F1800 X200.789632 Y83.224482 Z0.2 E0.018762
G1 F1800 X200.37406 Y82.967234 Z0.2 E0.018762
G1 F1800 X199.968449 Y82.694577 Z0.2 E0.01876
G1 F1800 X199.574188 Y82.405799 Z0.2 E0.018761
G1 F1800 X199.192787 Y82.100207 Z0.2 E0.018761
G1 F1800 X198.825907 Y81.777339 Z0.2 E0.018761
G1 F1800 X198.474619 Y81.437565 Z0.2 E0.018761
G1 F1800 X198.139623 Y81.081727 Z0.2 E0.018761
G1 F1800 X197.821477 Y80.710736 Z0.2 E0.018761
G1 F1800 X197.520629 Y80.325584 Z0.2 E0.018761
G1 F1800 X197.237398 Y79.9273 Z0.2 E0.018761
G1 F1800 X196.97198 Y79.516925 Z0.2 E0.018761
G1 F1800 X196.724463 Y79.095504 Z0.2 E0.018761
G1 F1800 X196.494846 Y78.664077 Z0.2 E0.018761
G1 F1800 X196.283029 Y78.223631 Z0.2 E0.018762
G1 F1800 X196.088852 Y77.775126 Z0.2 E0.018762
G1 F1800 X195.912095 Y77.319472 Z0.2 E0.018762
G1 F1800 X195.7525 Y76.857527 Z0.2 E0.018762
G1 F1800 X195.609772 Y76.390093 Z0.2 E0.018762
G1 F1800 X195.483603 Y75.917914 Z0.2 E0.018762
G1 F1800 X195.373675 Y75.441696 Z0.2 E0.018762
G1 F1800 X195.279666 Y74.96208 Z0.2 E0.018762
G1 F1800 X195.20126 Y74.479664 Z0.2 E0.018762
G1 F1800 X195.138155 Y73.995007 Z0.2 E0.018762
G1 F1800 X195.090065 Y73.508632 Z0.2 E0.018762
G1 F1800 X195.056721 Y73.021023 Z0.2 E0.018762
G1 F1800 X195.037881 Y72.532637 Z0.2 E0.018762
G1 F1800 X195.033327 Y72.04391 Z0.2 E0.018762
G1 F1800 X195.042868 Y71.555253 Z0.2 E0.018762
G1 F1800 X195.066344 Y71.067068 Z0.2 E0.018762
G1 F1800 X195.103626 Y70.579742 Z0.2 E0.018762
G1 F1800 X195.154618 Y70.093657 Z0.2 E0.018762
G1 F1800 X195.219255 Y69.609199 Z0.2 E0.018762
G1 F1800 X195.297511 Y69.126754 Z0.2 E0.018762
G1 F1800 X195.389391 Y68.646722 Z0.2 E0.018762
G1 F1800 X195.494947 Y68.169499 Z0.2 E0.018762
G1 F1800 X195.614259 Y67.69553 Z0.2 E0.018762
G1 F1800 X195.747453 Y67.225278 Z0.2 E0.018761
G1 F1800 X195.894689 Y66.759254 Z0.2 E0.018762
G1 F1800 X196.05619 Y66.297962 Z0.2 E0.018762
G1 F1800 X196.23221 Y65.841999 Z0.2 E0.018762
G1 F1800 X196.423043 Y65.392045 Z0.2 E0.018761
G1 F1800 X196.629026 Y64.948849 Z0.2 E0.018762
G1 F1800 X196.850569 Y64.513206 Z0.2 E0.018762
G1 F1800 X197.088099 Y64.086072 Z0.2 E0.018762
G1 F1800 X197.342092 Y63.668517 Z0.2 E0.018761
G1 F1800 X197.613041 Y63.261783 Z0.2 E0.018761
G1 F1800 X197.901485 Y62.867255 Z0.2 E0.018761
G1 F1800 X198.207947 Y62.486545 Z0.2 E0.01876
G1 F1800 X198.532899 Y62.121523 Z0.2 E0.01876
G1 F1800 X198.876775 Y61.774275 Z0.2 E0.01876
G1 F1800 X199.239874 Y61.447175 Z0.2 E0.018759
G1 F1800 X199.622253 Y61.142901 Z0.2 E0.01876
G1 F1800 X200.02376 Y60.864313 Z0.2 E0.018759
G1 F1800 X200.443756 Y60.614523 Z0.2 E0.018757
G1 F1800 X200.881126 Y60.39668 Z0.2 E0.018758
G1 F1800 X201.334123 Y60.213473 Z0.2 E0.018758
G1 F1800 X201.799869 Y60.065626 Z0.2 E0.018758
G1 F1800 X202.275282 Y59.952657 Z0.2 E0.018759
G1 F1800 X202.757481 Y59.873467 Z0.2 E0.01876
G1 F1800 X203.243918 Y59.826498 Z0.2 E0.01876
G1 F1800 X203.732328 Y59.809912 Z0.2 E0.01876
G1 F1800 X204.220887 Y59.821721 Z0.2 E0.018761
G1 F1800 X204.708106 Y59.85991 Z0.2 E0.018761
G1 F1800 X205.192796 Y59.922519 Z0.2 E0.018761
G1 F1800 X205.674043 Y60.007692 Z0.2 E0.018761
G1 F1800 X206.151129 Y60.113708 Z0.2 E0.018762
G1 F1800 X206.623537 Y60.239002 Z0.2 E0.018761
G1 F1800 X207.090824 Y60.382141 Z0.2 E0.018762
G1 F1800 X207.55273 Y60.541864 Z0.2 E0.018763
G1 F1800 X208.009026 Y60.717033 Z0.2 E0.018762
G1 F1800 X208.459494 Y60.906619 Z0.2 E0.018762
G1 F1800 X208.904039 Y61.109737 Z0.2 E0.018762
G1 F1800 X209.342543 Y61.325586 Z0.2 E0.018762
G1 F1800 X209.774914 Y61.553462 Z0.2 E0.018762
G1 F1800 X210.201081 Y61.792752 Z0.2 E0.018762
G1 F1800 X210.620965 Y62.042909 Z0.2 E0.018762
G1 F1800 X211.034478 Y62.303455 Z0.2 E0.018762
G1 F1800 X211.441539 Y62.573976 Z0.2 E0.018763
G1 F1800 X211.842056 Y62.85412 Z0.2 E0.018762
G1 F1800 X212.235891 Y63.143561 Z0.2 E0.018762
G1 F1800 X212.62292 Y63.44204 Z0.2 E0.018762
G1 F1800 X213.002985 Y63.749338 Z0.2 E0.018762
G1 F1800 X213.375903 Y64.065272 Z0.2 E0.018762
G1 F1800 X213.74146 Y64.389698 Z0.2 E0.018762
G1 F1800 X214.099418 Y64.722486 Z0.2 E0.018762
G1 F1800 X214.449583 Y65.063468 Z0.2 E0.018762
G1 F1800 X214.791782 Y65.412441 Z0.2 E0.018762
G1 F1800 X215.125864 Y65.769192 Z0.2 E0.018762
G1 F1800 X215.451693 Y66.133486 Z0.2 E0.018762
G1 F1800 X215.769163 Y66.505098 Z0.2 E0.018762
G1 F1800 X216.078175 Y66.883771 Z0.2 E0.018762
G1 F1800 X216.378654 Y67.269251 Z0.2 E0.018763
G1 F1800 X216.670552 Y67.661287 Z0.2 E0.018762
G1 F1800 X216.953807 Y68.059575 Z0.2 E0.018762
G1 F1800 X217.228427 Y68.463882 Z0.2 E0.018762
G1 F1800 X217.494404 Y68.873928 Z0.2 E0.018762
G1 F1800 X217.751753 Y69.289445 Z0.2 E0.018762
G1 F1800 X218.000508 Y69.710163 Z0.2 E0.018762
G1 F1800 X218.240717 Y70.135821 Z0.2 E0.018763
G1 F1800 X218.472443 Y70.566163 Z0.2 E0.018762
G1 F1800 X218.695745 Y71.000908 Z0.2 E0.018762
G1 F1800 X218.910724 Y71.439834 Z0.2 E0.018762
G1 F1800 X219.117476 Y71.882702 Z0.2 E0.018762
G1 F1800 X219.316104 Y72.329277 Z0.2 E0.018762
G1 F1800 X219.50672 Y72.779334 Z0.2 E0.018763
G1 F1800 X219.689453 Y73.232675 Z0.2 E0.018762
G1 F1800 X219.864408 Y73.689048 Z0.2 E0.018762
G1 F1800 X220.031728 Y74.148277 Z0.2 E0.018763
G1 F1800 X220.191544 Y74.61017 Z0.2 E0.018762
G1 F1800 X220.343992 Y75.074535 Z0.2 E0.018762
G1 F1800 X220.489217 Y75.541216 Z0.2 E0.018762
G1 F1800 X220.627359 Y76.010048 Z0.2 E0.018764
G1 F1800 X220.758567 Y76.480899 Z0.2 E0.018763
G1 F1800 X220.882967 Y76.953564 Z0.2 E0.018763
G1 F1800 X221.00071 Y77.427931 Z0.2 E0.018763
G1 F1800 X221.111937 Y77.903869 Z0.2 E0.018762
G1 F1800 X221.216787 Y78.381238 Z0.2 E0.018762
G1 F1800 X221.315402 Y78.859942 Z0.2 E0.018763
G1 F1800 X221.407919 Y79.339867 Z0.2 E0.018763
G1 F1800 X221.494474 Y79.820905 Z0.2 E0.018764
G1 F1800 X221.575203 Y80.302988 Z0.2 E0.018763
G1 F1800 X221.650227 Y80.785959 Z0.2 E0.018763
G1 F1800 X221.71968 Y81.269762 Z0.2 E0.018762
G1 F1800 X221.783685 Y81.754299 Z0.2 E0.018762
G1 F1800 X221.842369 Y82.239518 Z0.2 E0.018762
G1 F1800 X221.89585 Y82.725343 Z0.2 E0.018763
G1 F1800 X221.944246 Y83.211704 Z0.2 E0.018763
G1 F1800 X221.98767 Y83.698549 Z0.2 E0.018763
G1 F1800 X222.026233 Y84.185789 Z0.2 E0.018763
G1 F1800 X222.060043 Y84.673382 Z0.2 E0.018763
G1 F1800 X222.089206 Y85.161275 Z0.2 E0.018762
G1 F1800 X222.113823 Y85.649405 Z0.2 E0.018762
G1 F1800 X222.133995 Y86.137746 Z0.2 E0.018763
G1 F1800 X222.149818 Y86.626251 Z0.2 E0.018763
G1 F1800 X222.161387 Y87.114877 Z0.2 E0.018763
G1 F1800 X222.168791 Y87.603586 Z0.2 E0.018764
G1 F1800 X222.17212 Y88.092383 Z0.2 E0.018763
G1 F1800 X222.171459 Y88.581147 Z0.2 E0.018762
G1 F1800 X222.16689 Y89.069875 Z0.2 E0.018762
G1 F1800 X222.158495 Y89.558558 Z0.2 E0.018762
G1 F1800 X222.146352 Y90.047166 Z0.2 E0.018763
G1 F1800 X222.130536 Y90.535671 Z0.2 E0.018763
G1 F1800 X222.111121 Y91.024049 Z0.2 E0.018763
G1 F1800 X222.088177 Y91.512274 Z0.2 E0.018763
G1 F1800 X222.061773 Y92.000325 Z0.2 E0.018764
G1 F1800 X222.031973 Y92.488216 Z0.2 E0.018763
G1 F1800 X221.998846 Y92.975853 Z0.2 E0.018763
G1 F1800 X221.962453 Y93.463259 Z0.2 E0.018763
G1 F1800 X221.922853 Y93.950416 Z0.2 E0.018763
G1 F1800 X221.880104 Y94.437308 Z0.2 E0.018763
G1 F1800 X221.834265 Y94.923919 Z0.2 E0.018763
G1 F1800 X221.785388 Y95.410234 Z0.2 E0.018763
G1 F1800 X221.733526 Y95.89624 Z0.2 E0.018763
G1 F1800 X221.678732 Y96.381924 Z0.2 E0.018763
G1 F1800 X221.621054 Y96.867274 Z0.2 E0.018763
G1 F1800 X221.560537 Y97.352296 Z0.2 E0.018762
G1 F1800 X221.497233 Y97.836936 Z0.2 E0.018763
G1 F1800 X221.431182 Y98.321218 Z0.2 E0.018763
G1 F1800 X221.362429 Y98.805124 Z0.2 E0.018763
G1 F1800 X221.291015 Y99.288645 Z0.2 E0.018763
G1 F1800 X221.216979 Y99.771771 Z0.2 E0.018763
G1 F1800 X221.14036 Y100.254494 Z0.2 E0.018763
G1 F1800 X221.061197 Y100.736807 Z0.2 E0.018763
G1 F1800 X220.979523 Y101.218701 Z0.2 E0.018763
G1 F1800 X220.895375 Y101.700169 Z0.2 E0.018763
G1 F1800 X220.808784 Y102.181203 Z0.2 E0.018763
G1 F1800 X220.719784 Y102.661797 Z0.2 E0.018763
G1 F1800 X220.628405 Y103.141944 Z0.2 E0.018763
G1 F1800 X220.534675 Y103.621639 Z0.2 E0.018763
G1 F1800 X220.438623 Y104.10088 Z0.2 E0.018763
G1 F1800 X220.340275 Y104.579655 Z0.2 E0.018763
G1 F1800 X220.239659 Y105.057959 Z0.2 E0.018763
G1 F1800 X220.136799 Y105.535785 Z0.2 E0.018763
G1 F1800 X220.031718 Y106.013127 Z0.2 E0.018763
G1 F1800 X219.924439 Y106.48998 Z0.2 E0.018763
G1 F1800 X219.814982 Y106.966337 Z0.2 E0.018763
G1 F1800 X219.703368 Y107.442193 Z0.2 E0.018763
G1 F1800 X219.589616 Y107.917541 Z0.2 E0.018763
G1 F1800 X219.473744 Y108.392376 Z0.2 E0.018763
G1 F1800 X219.355768 Y108.866691 Z0.2 E0.01876
G1 F1800 X219.235718 Y109.340421 Z0.2 E0.018763
G1 F1800 X219.113579 Y109.81368 Z0.2 E0.018763
G1 F1800 X218.989378 Y110.286401 Z0.2 E0.018763
G1 F1800 X218.863127 Y110.75858 Z0.2 E0.018763
G1 F1800 X218.734837 Y111.230208 Z0.2 E0.018763
G1 F1800 X218.604517 Y111.70128 Z0.2 E0.018763
G1 F1800 X218.472174 Y112.171787 Z0.2 E0.018763
G1 F1800 X218.337815 Y112.641723 Z0.2 E0.018763
G1 F1800 X218.201446 Y113.111079 Z0.2 E0.018763
G1 F1800 X218.063069 Y113.579847 Z0.2 E0.018763
G1 F1800 X217.922683 Y114.048035 Z0.2 E0.018763
G1 F1800 X217.780292 Y114.515613 Z0.2 E0.018763
G1 F1800 X217.635897 Y114.982572 Z0.2 E0.018763
G1 F1800 X217.489495 Y115.448899 Z0.2 E0.018761
G1 F1800 X217.341092 Y115.914546 Z0.2 E0.018763
G1 F1800 X217.190655 Y116.379585 Z0.2 E0.018763
G1 F1800 X217.038188 Y116.843961 Z0.2 E0.018763
G1 F1800 X216.883678 Y117.307662 Z0.2 E0.018763
G1 F1800 X216.727112 Y117.770673 Z0.2 E0.018763
G1 F1800 X216.568472 Y118.232978 Z0.2 E0.018763
G1 F1800 X216.407738 Y118.694558 Z0.2 E0.018763
G1 F1800 X216.244886 Y119.155396 Z0.2 E0.018763
G1 F1800 X216.079889 Y119.615469 Z0.2 E0.018763
G1 F1800 X215.912715 Y120.074757 Z0.2 E0.018763
G1 F1800 X215.743327 Y120.533232 Z0.2 E0.018763
G1 F1800 X215.571684 Y120.990867 Z0.2 E0.018763
G1 F1800 X215.397737 Y121.447632 Z0.2 E0.018763
G1 F1800 X215.221432 Y121.903489 Z0.2 E0.018763
G1 F1800 X215.042704 Y122.358406 Z0.2 E0.018763
G1 F1800 X214.861481 Y122.812335 Z0.2 E0.018763
G1 F1800 X214.67768 Y123.265225 Z0.2 E0.018763
G1 F1800 X214.491205 Y123.717022 Z0.2 E0.018763
G1 F1800 X214.301943 Y124.167657 Z0.2 E0.018763
G1 F1800 X214.109763 Y124.617056 Z0.2 E0.018763
G1 F1800 X213.914511 Y125.065129 Z0.2 E0.018763
G1 F1800 X213.716004 Y125.511769 Z0.2 E0.018763
G1 F1800 X213.514025 Y125.956848 Z0.2 E0.018762
G1 F1800 X213.308311 Y126.400202 Z0.2 E0.018763
G1 F1800 X213.098527 Y126.841661 Z0.2 E0.018763
G1 F1800 X212.884272 Y127.280967 Z0.2 E0.018763
G1 F1800 X212.665025 Y127.717801 Z0.2 E0.018763
G1 F1800 X212.440109 Y128.15174 Z0.2 E0.018762
G1 F1800 X212.208609 Y128.582181 Z0.2 E0.018763
G1 F1800 X211.969203 Y129.008309 Z0.2 E0.018762
G1 F1800 X211.719972 Y129.428749 Z0.2 E0.018761
G1 F1800 X211.457783 Y129.841194 Z0.2 E0.018761
G1 F1800 X211.176886 Y130.241111 Z0.2 E0.018752
G1 F1800 X210.864441 Y130.616591 Z0.2 E0.018636
G1 F1800 X210.480089 Y130.913145 Z0.2 E0.016613
G1 F1800 X210.083954 Y130.738911 Z0.2 E0.018685
G1 F1800 X209.962375 Y130.267598 Z0.2 E0.018754
G1 F1800 X209.928206 Y129.780245 Z0.2 E0.018761
G1 F1800 X209.930325 Y129.291538 Z0.2 E0.018762
G1 F1800 X209.953209 Y128.803333 Z0.2 E0.018762
G1 F1800 X209.989869 Y128.315973 Z0.2 E0.018763
G1 F1800 X210.036488 Y127.829416 Z0.2 E0.018762
G1 F1800 X210.090706 Y127.343686 Z0.2 E0.018763
G1 F1800 X210.150964 Y126.858653 Z0.2 E0.018763
G1 F1800 X210.216162 Y126.374241 Z0.2 E0.018762
G1 F1800 X210.285484 Y125.890427 Z0.2 E0.018763
G1 F1800 X210.35832 Y125.40712 Z0.2 E0.018763
G1 F1800 X210.434189 Y124.924271 Z0.2 E0.018763
G1 F1800 X210.512704 Y124.441855 Z0.2 E0.018762
G1 F1800 X210.593554 Y123.959836 Z0.2 E0.018763
G1 F1800 X210.676486 Y123.478159 Z0.2 E0.018763
G1 F1800 X210.761282 Y122.996806 Z0.2 E0.018763
G1 F1800 X210.847762 Y122.515736 Z0.2 E0.018763
G1 F1800 X210.935764 Y122.034962 Z0.2 E0.018763
G1 F1800 X211.025157 Y121.554442 Z0.2 E0.018762
G1 F1800 X211.115821 Y121.074171 Z0.2 E0.018763
G1 F1800 X211.207657 Y120.594114 Z0.2 E0.018763
G1 F1800 X211.300573 Y120.114262 Z0.2 E0.018763
G1 F1800 X211.394487 Y119.634603 Z0.2 E0.018763
G1 F1800 X211.489332 Y119.155107 Z0.2 E0.018763
G1 F1800 X211.585034 Y118.675808 Z0.2 E0.018763
G1 F1800 X211.681539 Y118.196667 Z0.2 E0.018763
G1 F1800 X211.778796 Y117.717676 Z0.2 E0.018763
G1 F1800 X211.876755 Y117.238828 Z0.2 E0.018762
G1 F1800 X211.975371 Y116.760124 Z0.2 E0.018763
G1 F1800 X212.074606 Y116.281543 Z0.2 E0.018763
G1 F1800 X212.174424 Y115.80308 Z0.2 E0.018763
G1 F1800 X212.274791 Y115.32473 Z0.2 E0.018763
G1 F1800 X212.375672 Y114.846493 Z0.2 E0.018764
G1 F1800 X212.47705 Y114.368321 Z0.2 E0.018762
G1 F1800 X212.578879 Y113.890287 Z0.2 E0.018763
G1 F1800 X212.681144 Y113.412343 Z0.2 E0.018763
G1 F1800 X212.783821 Y112.934487 Z0.2 E0.018763
G1 F1800 X212.886889 Y112.456713 Z0.2 E0.018763
G1 F1800 X212.990326 Y111.979019 Z0.2 E0.018763
G1 F1800 X213.094113 Y111.5014 Z0.2 E0.018762
G1 F1800 X213.19823 Y111.023866 Z0.2 E0.018762
G1 F1800 X213.302662 Y110.546396 Z0.2 E0.018763
G1 F1800 X213.407395 Y110.068988 Z0.2 E0.018763
G1 F1800 X213.512411 Y109.59164 Z0.2 E0.018763
G1 F1800 X213.617696 Y109.11435 Z0.2 E0.018763
G1 F1800 X213.723238 Y108.637116 Z0.2 E0.018763
G1 F1800 X213.829021 Y108.159935 Z0.2 E0.018762
G1 F1800 X213.935034 Y107.68281 Z0.2 E0.018763
G1 F1800 X214.041265 Y107.205729 Z0.2 E0.018765
G1 F1800 X214.147716 Y106.728639 Z0.2 E0.018763
G1 F1800 X214.25435 Y106.25165 Z0.2 E0.018763
G1 F1800 X214.36117 Y105.774702 Z0.2 E0.018763
G1 F1800 X214.468167 Y105.297793 Z0.2 E0.018763
G1 F1800 X214.575329 Y104.82092 Z0.2 E0.018763
G1 F1800 X214.682649 Y104.344083 Z0.2 E0.018762
G1 F1800 X214.790114 Y103.867297 Z0.2 E0.018762
G1 F1800 X214.89772 Y103.390538 Z0.2 E0.018762
G1 F1800 X215.005459 Y102.913805 Z0.2 E0.018762
G1 F1800 X215.113323 Y102.437098 Z0.2 E0.018762
G1 F1800 X215.221303 Y101.960415 Z0.2 E0.018763
G1 F1800 X215.329394 Y101.483756 Z0.2 E0.018763
G1 F1800 X215.437587 Y101.007118 Z0.2 E0.018763
G1 F1800 X215.545875 Y100.530501 Z0.2 E0.018763
G1 F1800 X215.654252 Y100.053904 Z0.2 E0.018763
G1 F1800 X215.762712 Y99.577324 Z0.2 E0.018763
G1 F1800 X215.871247 Y99.100762 Z0.2 E0.018763
G1 F1800 X215.979852 Y98.624215 Z0.2 E0.018763
G1 F1800 X216.088521 Y98.147683 Z0.2 E0.018762
G1 F1800 X216.197245 Y97.671175 Z0.2 E0.018763
G1 F1800 X216.306023 Y97.194673 Z0.2 E0.018763
G1 F1800 X216.414848 Y96.718178 Z0.2 E0.018763
G1 F1800 X216.523715 Y96.24169 Z0.2 E0.018766
G1 F1800 X216.632638 Y95.76512 Z0.2 E0.018762
G1 F1800 X216.74157 Y95.288655 Z0.2 E0.018762
G1 F1800 X216.850527 Y94.812195 Z0.2 E0.018763
G1 F1800 X216.959505 Y94.335738 Z0.2 E0.018763
G1 F1800 X217.068498 Y93.859283 Z0.2 E0.018763
G1 F1800 X217.177502 Y93.38283 Z0.2 E0.018763
G1 F1800 X217.286511 Y92.906378 Z0.2 E0.018763
G1 F1800 X217.395522 Y92.429926 Z0.2 E0.018763
G1 F1800 X217.504529 Y91.953472 Z0.2 E0.018763
G1 F1800 X217.613527 Y91.477016 Z0.2 E0.018763
G1 F1800 X217.722513 Y91.000556 Z0.2 E0.018763
G1 F1800 X217.831481 Y90.524093 Z0.2 E0.018763
G1 F1800 X217.940427 Y90.047624 Z0.2 E0.018763
G1 F1800 X218.049346 Y89.571149 Z0.2 E0.018763
G1 F1800 X218.158234 Y89.094666 Z0.2 E0.018763
G1 F1800 X218.267086 Y88.618176 Z0.2 E0.018762
G1 F1800 X218.375896 Y88.141692 Z0.2 E0.018762
G1 F1800 X218.484662 Y87.665194 Z0.2 E0.018762
G1 F1800 X218.59338 Y87.188681 Z0.2 E0.018762
G1 F1800 X218.702045 Y86.712154 Z0.2 E0.018763
G1 F1800 X218.810654 Y86.235612 Z0.2 E0.018763
G1 F1800 X218.919201 Y85.759055 Z0.2 E0.018763
G1 F1800 X219.027683 Y85.282481 Z0.2 E0.018763
G1 F1800 X219.136094 Y84.805891 Z0.2 E0.018763
G1 F1800 X219.244431 Y84.329284 Z0.2 E0.018763
G1 F1800 X219.352689 Y83.852658 Z0.2 E0.018763
G1 F1800 X219.460864 Y83.376013 Z0.2 E0.018763
G1 F1800 X219.56895 Y82.899348 Z0.2 E0.018763
G1 F1800 X219.676945 Y82.422662 Z0.2 E0.018763
G1 F1800 X219.784843 Y81.945955 Z0.2 E0.018763
G1 F1800 X219.89264 Y81.469224 Z0.2 E0.018763
G1 F1800 X220.000331 Y80.99247 Z0.2 E0.018766
G1 F1800 X220.107932 Y80.515599 Z0.2 E0.018763
G1 F1800 X220.215399 Y80.038793 Z0.2 E0.018763
G1 F1800 X220.322746 Y79.56196 Z0.2 E0.018763
G1 F1800 X220.429969 Y79.085098 Z0.2 E0.018763
G1 F1800 X220.537064 Y78.608207 Z0.2 E0.018763
G1 F1800 X220.644025 Y78.131285 Z0.2 E0.018763
G1 F1800 X220.750847 Y77.654332 Z0.2 E0.018763
G1 F1800 X220.857527 Y77.177347 Z0.2 E0.018763
G1 F1800 X220.964058 Y76.700328 Z0.2 E0.018763
G1 F1800 X221.070436 Y76.223275 Z0.2 E0.018763
G1 F1800 X221.176655 Y75.746186 Z0.2 E0.018763
G1 F1800 X221.282711 Y75.26906 Z0.2 E0.018763
G1 F1800 X221.388598 Y74.791896 Z0.2 E0.018763
G1 F1800 X221.49431 Y74.314693 Z0.2 E0.018763
G1 F1800 X221.599843 Y73.83745 Z0.2 E0.018763
G1 F1800 X221.70519 Y73.360166 Z0.2 E0.018763
G1 F1800 X221.810345 Y72.882839 Z0.2 E0.018763
G1 F1800 X221.915304 Y72.405468 Z0.2 E0.018763
G1 F1800 X222.020059 Y71.928053 Z0.2 E0.018763
G1 F1800 X222.124605 Y71.450592 Z0.2 E0.018763
G1 F1800 X222.228936 Y70.973083 Z0.2 E0.018763
G1 F1800 X222.333045 Y70.495526 Z0.2 E0.018763
G1 F1800 X222.436925 Y70.017919 Z0.2 E0.018763
G1 F1800 X222.54057 Y69.540261 Z0.2 E0.018763
G1 F1800 X222.643973 Y69.06255 Z0.2 E0.018763
G1 F1800 X222.747126 Y68.584786 Z0.2 E0.018763
G1 F1800 X222.850024 Y68.106966 Z0.2 E0.018763
G1 F1800 X222.952657 Y67.62909 Z0.2 E0.018763
G1 F1800 X223.055018 Y67.151156 Z0.2 E0.018763
G1 F1800 X223.1571 Y66.673162 Z0.2 E0.018763
G1 F1800 X223.258894 Y66.195107 Z0.2 E0.018763
G1 F1800 X223.360392 Y65.71699 Z0.2 E0.018763
G1 F1800 X223.461585 Y65.238809 Z0.2 E0.018763
G1 F1800 X223.562465 Y64.760563 Z0.2 E0.018763
G1 F1800 X223.663021 Y64.282249 Z0.2 E0.018763
G1 F1800 X223.763245 Y63.803866 Z0.2 E0.018763
G1 F1800 X223.863126 Y63.325413 Z0.2 E0.018763
G1 F1800 X223.962654 Y62.846887 Z0.2 E0.018756
G1 F1800 X224.061783 Y62.368461 Z0.2 E0.018763
G1 F1800 X224.160574 Y61.889783 Z0.2 E0.018763
G1 F1800 X224.258979 Y61.411026 Z0.2 E0.018763
G1 F1800 X224.356987 Y60.932187 Z0.2 E0.018763
G1 F1800 X224.454586 Y60.453265 Z0.2 E0.018763
G1 F1800 X224.551762 Y59.974256 Z0.2 E0.018763
G1 F1800 X224.648502 Y59.49516 Z0.2 E0.018763
G1 F1800 X224.744793 Y59.015973 Z0.2 E0.018763
G1 F1800 X224.840619 Y58.536692 Z0.2 E0.018763
G1 F1800 X224.935966 Y58.057317 Z0.2 E0.018763
G1 F1800 X225.030818 Y57.577843 Z0.2 E0.018763
G1 F1800 X225.125159 Y57.098268 Z0.2 E0.018763
G1 F1800 X225.218971 Y56.618589 Z0.2 E0.018763
G1 F1800 X225.312235 Y56.138804 Z0.2 E0.018763
G1 F1800 X225.404934 Y55.658909 Z0.2 E0.018763
G1 F1800 X225.497046 Y55.178902 Z0.2 E0.018763
G1 F1800 X225.588552 Y54.698778 Z0.2 E0.018763
G1 F1800 X225.679429 Y54.218535 Z0.2 E0.018763
G1 F1800 X225.769656 Y53.738151 Z0.2 E0.018763
G1 F1800 X225.859206 Y53.257645 Z0.2 E0.018763
G1 F1800 X225.948051 Y52.777013 Z0.2 E0.018763
G1 F1800 X226.036166 Y52.296252 Z0.2 E0.018761
G1 F1800 X226.123511 Y51.815403 Z0.2 E0.018763
G1 F1800 X226.210075 Y51.334364 Z0.2 E0.018763
G1 F1800 X226.295815 Y50.853177 Z0.2 E0.018763
G1 F1800 X226.380698 Y50.371838 Z0.2 E0.018763
G1 F1800 X226.464684 Y49.890342 Z0.2 E0.018763
G1 F1800 X226.547735 Y49.408683 Z0.2 E0.018763
G1 F1800 X226.629808 Y48.926857 Z0.2 E0.018763
G1 F1800 X226.710858 Y48.444858 Z0.2 E0.018763
G1 F1800 X226.790834 Y47.96268 Z0.2 E0.018763
G1 F1800 X226.869685 Y47.480316 Z0.2 E0.018763
G1 F1800 X226.947353 Y46.997761 Z0.2 E0.018763
G1 F1800 X227.023777 Y46.515007 Z0.2 E0.018763
G1 F1800 X227.098892 Y46.032032 Z0.2 E0.018762
G1 F1800 X227.172616 Y45.548882 Z0.2 E0.018762
;===== A1 minimal end G-code =====
M400               ; wait for all moves to finish
M83
G92 E0
G1 E-2 F300        ; retract to reduce oozing
M104 S0            ; nozzle heater off
M140 S0            ; bed heater off
M106 P1 S0         ; part fan off
G91
G1 Z10 F1200       ; lift nozzle 10 mm (reduce if the print is near max height 256)
G90
G1 X128 F18000     ; move head to the middle
G1 Y250 F3000      ; slide bed forward to present the print
M400
M18 X Y Z          ; motors off
;===== end =====

