;===== A1 minimal start G-code (classroom quick start) =====
;===== Prerequisites:
;=====   1. Filament already loaded from the printer screen
;=====   2. Bed leveling done at least once via screen Calibration
;=====      (this code reuses the stored mesh, no G29)
G392 S0            ; stock: detection toggle, kept as-is
M975 S1            ; vibration compensation on
G90                ; absolute coordinates
M83                ; RELATIVE extrusion for the purge/prime-line below
M220 S100          ; reset speed override
M221 S100          ; reset flow override

;--- start heating bed and nozzle in parallel ---
M1002 gcode_claim_action : 2
M140 S65           ; <-- CHANGE bed temp here
M104 S140          ; nozzle to 140C only - safe for bed-contact Z homing
M109 S140          ; wait for 140C (if nozzle is still hot from last print, let it cool below 140 first)

;--- home ---
M1002 gcode_claim_action : 13
G28                ; home all axes (A1 homes Z by pressing nozzle on the bed)

;--- short purge into the chute, then wipe ---
M211 X0 Y0 Z0      ; soft endstops off (chute is at negative X)
G1 Z10 F1200
G1 X-28.5 F18000
G1 X-48.2 F3000    ; park over the purge chute
M190 S65           ; <-- CHANGE bed temp here (wait)
M109 S220          ; <-- CHANGE nozzle print temp here (wait)
M106 P1 S178       ; fan on so the purge solidifies and drops off
G1 E10 F200        ; purge 10 mm (relative E)
G1 E-1 F300        ; small retract
M400
G1 X-28.5 F18000   ; wipe and shake
G1 X-48.2 F3000
G1 X-28.5 F18000
M400
M106 P1 S0

;--- prime line along the left edge of the bed ---
G1 X3.0 Y20 F18000 ; travel to start point (still at Z10)
G1 Z0.3 F1200      ; drop to first-layer height
G1 E1 F300         ; undo the retract above
G1 Y180 E10 F1500  ; draw first line  (160 mm needs ~E8, E10 is a bit generous on purpose)
G1 X3.4 F18000     ; shift over 0.4 mm
G1 Y20 E10 F1500   ; draw second line back
G1 Z1 F1200        ; lift off the line
G1 X10 F18000      ; quick move away to break the string

M83                ; RELATIVE extrusion mode - matches the generated print files
G92 E0             ; reset E, print body starts from here
;===== end of start G-code =====

G0 F18000 X121.405144 Y181.575126 Z0.2
G1 F1800 X121.405144 Y181.575126 Z0.2 E0.011516
G1 F1800 X121.539863 Y181.307076 Z0.2 E0.011516
G1 F1800 X121.674582 Y181.039026 Z0.2 E0.011516
G1 F1800 X121.809302 Y180.770977 Z0.2 E0.011516
G1 F1800 X121.944021 Y180.502927 Z0.2 E0.011516
G1 F1800 X122.07874 Y180.234877 Z0.2 E0.011516
G1 F1800 X122.21346 Y179.966827 Z0.2 E0.011516
G1 F1800 X122.348179 Y179.698777 Z0.2 E0.011516
G1 F1800 X122.482898 Y179.430728 Z0.2 E0.011516
G1 F1800 X122.617618 Y179.162678 Z0.2 E0.011516
G1 F1800 X122.752337 Y178.894628 Z0.2 E0.011516
G1 F1800 X122.887056 Y178.626578 Z0.2 E0.011516
G1 F1800 X123.021776 Y178.358528 Z0.2 E0.011516
G1 F1800 X123.156495 Y178.090479 Z0.2 E0.011516
G1 F1800 X123.291214 Y177.822429 Z0.2 E0.011516
G1 F1800 X123.425934 Y177.554379 Z0.2 E0.011516
G1 F1800 X123.560653 Y177.286329 Z0.2 E0.011516
G1 F1800 X123.695372 Y177.018279 Z0.2 E0.011516
G1 F1800 X123.830092 Y176.750229 Z0.2 E0.011516
G1 F1800 X123.964811 Y176.48218 Z0.2 E0.011516
G1 F1800 X124.09953 Y176.21413 Z0.2 E0.011516
G1 F1800 X124.23425 Y175.94608 Z0.2 E0.011516
G1 F1800 X124.368969 Y175.67803 Z0.2 E0.011516
G1 F1800 X124.503688 Y175.40998 Z0.2 E0.011516
G1 F1800 X124.638408 Y175.141931 Z0.2 E0.011516
G1 F1800 X124.773127 Y174.873881 Z0.2 E0.011516
G1 F1800 X124.907846 Y174.605831 Z0.2 E0.011516
G1 F1800 X125.042566 Y174.337781 Z0.2 E0.011516
G1 F1800 X125.177285 Y174.069731 Z0.2 E0.011516
G1 F1800 X125.312004 Y173.801682 Z0.2 E0.011516
G1 F1800 X125.446724 Y173.533632 Z0.2 E0.011516
G1 F1800 X125.581443 Y173.265582 Z0.2 E0.011516
G1 F1800 X125.716162 Y172.997532 Z0.2 E0.011516
G1 F1800 X125.850882 Y172.729482 Z0.2 E0.011516
G1 F1800 X125.985601 Y172.461432 Z0.2 E0.011516
G1 F1800 X126.12032 Y172.193383 Z0.2 E0.011516
G1 F1800 X126.25504 Y171.925333 Z0.2 E0.011516
G1 F1800 X126.389759 Y171.657283 Z0.2 E0.011516
G1 F1800 X126.524478 Y171.389233 Z0.2 E0.011516
G1 F1800 X126.659198 Y171.121183 Z0.2 E0.011516
G1 F1800 X126.793917 Y170.853134 Z0.2 E0.011516
G1 F1800 X126.928636 Y170.585084 Z0.2 E0.011516
G1 F1800 X127.063356 Y170.317034 Z0.2 E0.011516
G1 F1800 X127.198075 Y170.048984 Z0.2 E0.011516
G1 F1800 X127.332794 Y169.780934 Z0.2 E0.011516
G1 F1800 X127.467514 Y169.512885 Z0.2 E0.011516
G1 F1800 X127.602233 Y169.244835 Z0.2 E0.011516
G1 F1800 X127.736952 Y168.976785 Z0.2 E0.011516
G1 F1800 X127.871672 Y168.708735 Z0.2 E0.011516
G1 F1800 X128.006391 Y168.440685 Z0.2 E0.011516
G1 F1800 X128.14111 Y168.172636 Z0.2 E0.011516
G1 F1800 X128.27583 Y167.904586 Z0.2 E0.011516
G1 F1800 X128.410549 Y167.636536 Z0.2 E0.011516
G1 F1800 X128.545268 Y167.368486 Z0.2 E0.011516
G1 F1800 X128.679988 Y167.100436 Z0.2 E0.011516
G1 F1800 X128.814707 Y166.832386 Z0.2 E0.011516
G1 F1800 X128.949426 Y166.564337 Z0.2 E0.011516
G1 F1800 X129.084146 Y166.296287 Z0.2 E0.011516
G1 F1800 X129.218865 Y166.028237 Z0.2 E0.011516
G1 F1800 X129.353584 Y165.760187 Z0.2 E0.011516
G1 F1800 X129.488304 Y165.492137 Z0.2 E0.011516
G1 F1800 X129.623023 Y165.224088 Z0.2 E0.011516
G1 F1800 X129.757742 Y164.956038 Z0.2 E0.011516
G1 F1800 X129.892462 Y164.687988 Z0.2 E0.011516
G1 F1800 X130.027181 Y164.419938 Z0.2 E0.011516
G1 F1800 X130.1619 Y164.151888 Z0.2 E0.011516
G1 F1800 X130.29662 Y163.883839 Z0.2 E0.011516
G1 F1800 X130.431339 Y163.615789 Z0.2 E0.011516
G1 F1800 X130.566058 Y163.347739 Z0.2 E0.011516
G1 F1800 X130.700778 Y163.079689 Z0.2 E0.011516
G1 F1800 X130.835497 Y162.811639 Z0.2 E0.011516
G1 F1800 X130.970216 Y162.54359 Z0.2 E0.011516
G1 F1800 X131.104936 Y162.27554 Z0.2 E0.011516
G1 F1800 X131.239655 Y162.00749 Z0.2 E0.011516
G1 F1800 X131.374374 Y161.73944 Z0.2 E0.011516
G1 F1800 X131.509094 Y161.47139 Z0.2 E0.011516
G1 F1800 X131.643813 Y161.20334 Z0.2 E0.011516
G1 F1800 X131.778532 Y160.935291 Z0.2 E0.011516
G1 F1800 X131.913252 Y160.667241 Z0.2 E0.011516
G1 F1800 X132.047971 Y160.399191 Z0.2 E0.011516
G1 F1800 X132.18269 Y160.131141 Z0.2 E0.011516
G1 F1800 X132.31741 Y159.863091 Z0.2 E0.011516
G1 F1800 X132.452129 Y159.595042 Z0.2 E0.011516
G1 F1800 X132.586848 Y159.326992 Z0.2 E0.011516
G1 F1800 X132.721568 Y159.058942 Z0.2 E0.011516
G1 F1800 X132.856287 Y158.790892 Z0.2 E0.011516
G1 F1800 X132.991006 Y158.522842 Z0.2 E0.011516
G1 F1800 X133.125726 Y158.254793 Z0.2 E0.011516
G1 F1800 X133.260445 Y157.986743 Z0.2 E0.011516
G1 F1800 X133.395164 Y157.718693 Z0.2 E0.011516
G1 F1800 X133.529884 Y157.450643 Z0.2 E0.011516
G1 F1800 X133.664603 Y157.182593 Z0.2 E0.011516
G1 F1800 X133.799322 Y156.914543 Z0.2 E0.011516
G1 F1800 X133.934042 Y156.646494 Z0.2 E0.011516
G1 F1800 X134.068761 Y156.378444 Z0.2 E0.011516
G1 F1800 X134.20348 Y156.110394 Z0.2 E0.011516
G1 F1800 X134.3382 Y155.842344 Z0.2 E0.011516
G1 F1800 X134.472919 Y155.574294 Z0.2 E0.011516
G1 F1800 X134.607638 Y155.306245 Z0.2 E0.011516
G1 F1800 X134.742358 Y155.038195 Z0.2 E0.011516
G1 F1800 X134.877077 Y154.770145 Z0.2 E0.011516
G1 F1800 X135.011796 Y154.502095 Z0.2 E0.011516
G1 F1800 X135.146516 Y154.234045 Z0.2 E0.011516
G1 F1800 X135.281235 Y153.965996 Z0.2 E0.011516
G1 F1800 X135.415954 Y153.697946 Z0.2 E0.011516
G1 F1800 X135.550674 Y153.429896 Z0.2 E0.011516
G1 F1800 X135.685393 Y153.161846 Z0.2 E0.011516
G1 F1800 X135.820112 Y152.893796 Z0.2 E0.011516
G1 F1800 X135.954832 Y152.625747 Z0.2 E0.011516
G1 F1800 X136.089551 Y152.357697 Z0.2 E0.011516
G1 F1800 X136.22427 Y152.089647 Z0.2 E0.011516
G1 F1800 X136.35899 Y151.821597 Z0.2 E0.011516
G1 F1800 X136.493709 Y151.553547 Z0.2 E0.011516
G1 F1800 X136.628428 Y151.285497 Z0.2 E0.011516
G1 F1800 X136.763148 Y151.017448 Z0.2 E0.011516
G1 F1800 X136.897867 Y150.749398 Z0.2 E0.011516
G1 F1800 X137.032586 Y150.481348 Z0.2 E0.011516
G1 F1800 X137.167306 Y150.213298 Z0.2 E0.011516
G1 F1800 X137.302025 Y149.945248 Z0.2 E0.011516
G1 F1800 X137.436744 Y149.677199 Z0.2 E0.011516
G1 F1800 X137.571464 Y149.409149 Z0.2 E0.011516
G1 F1800 X137.706183 Y149.141099 Z0.2 E0.011516
G1 F1800 X137.840902 Y148.873049 Z0.2 E0.011516
G1 F1800 X137.975622 Y148.604999 Z0.2 E0.011516
G1 F1800 X138.110341 Y148.33695 Z0.2 E0.011516
G1 F1800 X138.24506 Y148.0689 Z0.2 E0.011516
G1 F1800 X138.37978 Y147.80085 Z0.2 E0.011516
G1 F1800 X138.514499 Y147.5328 Z0.2 E0.011516
G1 F1800 X138.649218 Y147.26475 Z0.2 E0.011516
G1 F1800 X138.783938 Y146.996701 Z0.2 E0.011516
G1 F1800 X138.918657 Y146.728651 Z0.2 E0.011516
G1 F1800 X139.053376 Y146.460601 Z0.2 E0.011516
G1 F1800 X139.188096 Y146.192551 Z0.2 E0.011516
G1 F1800 X139.322815 Y145.924501 Z0.2 E0.011516
G1 F1800 X139.457534 Y145.656451 Z0.2 E0.011516
G1 F1800 X139.592254 Y145.388402 Z0.2 E0.011516
G1 F1800 X139.726973 Y145.120352 Z0.2 E0.011516
G1 F1800 X139.861692 Y144.852302 Z0.2 E0.011516
G1 F1800 X139.996412 Y144.584252 Z0.2 E0.011516
G1 F1800 X140.131131 Y144.316202 Z0.2 E0.011516
G1 F1800 X140.26585 Y144.048153 Z0.2 E0.011516
G1 F1800 X140.40057 Y143.780103 Z0.2 E0.011516
G1 F1800 X140.535289 Y143.512053 Z0.2 E0.011516
G1 F1800 X140.670008 Y143.244003 Z0.2 E0.011516
G1 F1800 X140.804728 Y142.975953 Z0.2 E0.011516
G1 F1800 X140.939447 Y142.707904 Z0.2 E0.011516
G1 F1800 X141.074166 Y142.439854 Z0.2 E0.011516
G1 F1800 X141.208886 Y142.171804 Z0.2 E0.011516
G1 F1800 X141.343605 Y141.903754 Z0.2 E0.011516
G1 F1800 X141.478324 Y141.635704 Z0.2 E0.011516
G1 F1800 X141.613044 Y141.367654 Z0.2 E0.011516
G1 F1800 X141.747763 Y141.099605 Z0.2 E0.011516
G1 F1800 X141.882482 Y140.831555 Z0.2 E0.011516
G1 F1800 X142.017202 Y140.563505 Z0.2 E0.011516
G1 F1800 X142.151921 Y140.295455 Z0.2 E0.011516
G1 F1800 X142.28664 Y140.027405 Z0.2 E0.011516
G1 F1800 X142.42136 Y139.759356 Z0.2 E0.011516
G1 F1800 X142.556079 Y139.491306 Z0.2 E0.011516
G1 F1800 X142.690798 Y139.223256 Z0.2 E0.011516
G1 F1800 X142.825518 Y138.955206 Z0.2 E0.011516
G1 F1800 X142.960237 Y138.687156 Z0.2 E0.011516
G1 F1800 X143.094956 Y138.419107 Z0.2 E0.011516
G1 F1800 X143.229676 Y138.151057 Z0.2 E0.011516
G1 F1800 X143.364395 Y137.883007 Z0.2 E0.011516
G1 F1800 X143.499114 Y137.614957 Z0.2 E0.011516
G1 F1800 X143.633834 Y137.346907 Z0.2 E0.011516
G1 F1800 X143.768553 Y137.078858 Z0.2 E0.011516
G1 F1800 X143.903272 Y136.810808 Z0.2 E0.011516
G1 F1800 X144.037992 Y136.542758 Z0.2 E0.011516
G1 F1800 X144.172711 Y136.274708 Z0.2 E0.011516
G1 F1800 X144.30743 Y136.006658 Z0.2 E0.011516
G1 F1800 X144.44215 Y135.738608 Z0.2 E0.011516
G1 F1800 X144.576869 Y135.470559 Z0.2 E0.011516
G1 F1800 X144.711588 Y135.202509 Z0.2 E0.011516
G1 F1800 X144.846308 Y134.934459 Z0.2 E0.011516
G1 F1800 X144.981027 Y134.666409 Z0.2 E0.011516
G1 F1800 X145.115746 Y134.398359 Z0.2 E0.011516
G1 F1800 X145.250466 Y134.13031 Z0.2 E0.011516
G1 F1800 X145.385185 Y133.86226 Z0.2 E0.011516
G1 F1800 X145.519904 Y133.59421 Z0.2 E0.011516
G1 F1800 X145.654624 Y133.32616 Z0.2 E0.011516
G1 F1800 X145.789343 Y133.05811 Z0.2 E0.011516
G1 F1800 X145.924062 Y132.790061 Z0.2 E0.011516
G1 F1800 X146.058782 Y132.522011 Z0.2 E0.011516
G1 F1800 X146.193501 Y132.253961 Z0.2 E0.011516
G1 F1800 X146.32822 Y131.985911 Z0.2 E0.011516
G1 F1800 X146.46294 Y131.717861 Z0.2 E0.011516
G1 F1800 X146.597659 Y131.449811 Z0.2 E0.011516
G1 F1800 X146.732379 Y131.181762 Z0.2 E0.011516
G1 F1800 X146.867098 Y130.913712 Z0.2 E0.011516
G1 F1800 X147.001817 Y130.645662 Z0.2 E0.011516
G1 F1800 X147.136537 Y130.377612 Z0.2 E0.011516
G1 F1800 X147.271256 Y130.109562 Z0.2 E0.011516
G1 F1800 X147.405975 Y129.841513 Z0.2 E0.011516
G1 F1800 X147.540695 Y129.573463 Z0.2 E0.011516
G1 F1800 X147.675414 Y129.305413 Z0.2 E0.011516
G1 F1800 X147.810133 Y129.037363 Z0.2 E0.011516
G1 F1800 X147.944853 Y128.769313 Z0.2 E0.011516
G1 F1800 X148.079572 Y128.501264 Z0.2 E0.011516
G1 F1800 X148.214291 Y128.233214 Z0.2 E0.011516
G1 F1800 X148.349011 Y127.965164 Z0.2 E0.011516
G1 F1800 X148.48373 Y127.697114 Z0.2 E0.011516
G1 F1800 X148.618449 Y127.429064 Z0.2 E0.011516
G1 F1800 X148.753169 Y127.161015 Z0.2 E0.011516
G1 F1800 X148.887888 Y126.892965 Z0.2 E0.011516
G1 F1800 X149.022607 Y126.624915 Z0.2 E0.011516
G1 F1800 X149.157327 Y126.356865 Z0.2 E0.011516
G1 F1800 X149.292046 Y126.088815 Z0.2 E0.011516
G1 F1800 X149.426765 Y125.820765 Z0.2 E0.011516
G1 F1800 X149.561485 Y125.552716 Z0.2 E0.011516
G1 F1800 X149.696204 Y125.284666 Z0.2 E0.011516
G1 F1800 X149.830923 Y125.016616 Z0.2 E0.011516
G1 F1800 X149.965643 Y124.748566 Z0.2 E0.011516
G1 F1800 X150.100362 Y124.480516 Z0.2 E0.011516
G1 F1800 X150.235081 Y124.212467 Z0.2 E0.011516
G1 F1800 X150.369801 Y123.944417 Z0.2 E0.011516
G1 F1800 X150.50452 Y123.676367 Z0.2 E0.011516
G1 F1800 X150.639239 Y123.408317 Z0.2 E0.011516
G1 F1800 X150.773959 Y123.140267 Z0.2 E0.011516
G1 F1800 X150.908678 Y122.872218 Z0.2 E0.011516
G1 F1800 X151.043397 Y122.604168 Z0.2 E0.011516
G1 F1800 X151.178117 Y122.336118 Z0.2 E0.011516
G1 F1800 X151.312836 Y122.068068 Z0.2 E0.011516
G1 F1800 X151.447555 Y121.800018 Z0.2 E0.011516
G1 F1800 X151.582275 Y121.531969 Z0.2 E0.011516
G1 F1800 X151.716994 Y121.263919 Z0.2 E0.011516
G1 F1800 X151.851713 Y120.995869 Z0.2 E0.011516
G1 F1800 X151.986433 Y120.727819 Z0.2 E0.011516
G1 F1800 X152.121152 Y120.459769 Z0.2 E0.011516
G1 F1800 X152.255871 Y120.191719 Z0.2 E0.011516
G1 F1800 X152.390591 Y119.92367 Z0.2 E0.011516
G1 F1800 X152.52531 Y119.65562 Z0.2 E0.011516
G1 F1800 X152.660029 Y119.38757 Z0.2 E0.011516
G1 F1800 X152.794749 Y119.11952 Z0.2 E0.011516
G1 F1800 X152.929468 Y118.85147 Z0.2 E0.011516
G1 F1800 X153.064187 Y118.583421 Z0.2 E0.011516
G1 F1800 X153.198907 Y118.315371 Z0.2 E0.011516
G1 F1800 X153.333626 Y118.047321 Z0.2 E0.011516
G1 F1800 X153.468345 Y117.779271 Z0.2 E0.011516
G1 F1800 X153.603065 Y117.511221 Z0.2 E0.011516
G1 F1800 X153.737784 Y117.243172 Z0.2 E0.011516
G1 F1800 X153.872503 Y116.975122 Z0.2 E0.011516
G1 F1800 X154.007223 Y116.707072 Z0.2 E0.011516
G1 F1800 X154.141942 Y116.439022 Z0.2 E0.011516
G1 F1800 X154.276661 Y116.170972 Z0.2 E0.011516
G1 F1800 X154.411381 Y115.902922 Z0.2 E0.011516
G1 F1800 X154.5461 Y115.634873 Z0.2 E0.011516
G1 F1800 X154.680819 Y115.366823 Z0.2 E0.011516
G1 F1800 X154.815539 Y115.098773 Z0.2 E0.011516
G1 F1800 X154.950258 Y114.830723 Z0.2 E0.011516
G1 F1800 X155.084977 Y114.562673 Z0.2 E0.011516
G1 F1800 X155.219697 Y114.294624 Z0.2 E0.011516
G1 F1800 X155.354416 Y114.026574 Z0.2 E0.011516
G1 F1800 X155.489135 Y113.758524 Z0.2 E0.011516
G1 F1800 X155.623855 Y113.490474 Z0.2 E0.011516
G1 F1800 X155.758574 Y113.222424 Z0.2 E0.011516
G1 F1800 X155.893293 Y112.954375 Z0.2 E0.011516
G1 F1800 X156.028013 Y112.686325 Z0.2 E0.011516
G1 F1800 X156.162732 Y112.418275 Z0.2 E0.011516
G1 F1800 X156.297451 Y112.150225 Z0.2 E0.011516
G1 F1800 X156.432171 Y111.882175 Z0.2 E0.011516
G1 F1800 X156.56689 Y111.614126 Z0.2 E0.011516
G1 F1800 X156.701609 Y111.346076 Z0.2 E0.011516
G1 F1800 X156.836329 Y111.078026 Z0.2 E0.011516
G1 F1800 X156.971048 Y110.809976 Z0.2 E0.011516
G1 F1800 X157.105767 Y110.541926 Z0.2 E0.011516
G1 F1800 X157.240487 Y110.273876 Z0.2 E0.011516
G1 F1800 X157.375206 Y110.005827 Z0.2 E0.011516
G1 F1800 X157.509925 Y109.737777 Z0.2 E0.011516
G1 F1800 X157.644645 Y109.469727 Z0.2 E0.011516
G1 F1800 X157.779364 Y109.201677 Z0.2 E0.011516
G1 F1800 X157.914083 Y108.933627 Z0.2 E0.011516
G1 F1800 X158.048803 Y108.665578 Z0.2 E0.011516
G1 F1800 X158.183522 Y108.397528 Z0.2 E0.011516
G1 F1800 X158.318241 Y108.129478 Z0.2 E0.011516
G1 F1800 X158.452961 Y107.861428 Z0.2 E0.011516
G1 F1800 X158.58768 Y107.593378 Z0.2 E0.011516
G1 F1800 X158.722399 Y107.325329 Z0.2 E0.011516
G1 F1800 X158.857119 Y107.057279 Z0.2 E0.011516
G1 F1800 X158.991838 Y106.789229 Z0.2 E0.011516
G1 F1800 X159.126557 Y106.521179 Z0.2 E0.011516
G1 F1800 X159.261277 Y106.253129 Z0.2 E0.011516
G1 F1800 X159.395996 Y105.98508 Z0.2 E0.011516
G1 F1800 X159.530715 Y105.71703 Z0.2 E0.011516
G1 F1800 X159.665435 Y105.44898 Z0.2 E0.011516
G1 F1800 X159.800154 Y105.18093 Z0.2 E0.011516
G1 F1800 X159.934873 Y104.91288 Z0.2 E0.011516
G1 F1800 X160.069593 Y104.64483 Z0.2 E0.011516
G1 F1800 X160.204312 Y104.376781 Z0.2 E0.011516
G1 F1800 X160.339031 Y104.108731 Z0.2 E0.011516
G1 F1800 X160.473751 Y103.840681 Z0.2 E0.011516
G1 F1800 X160.60847 Y103.572631 Z0.2 E0.011516
G1 F1800 X160.743189 Y103.304581 Z0.2 E0.011516
G1 F1800 X160.877909 Y103.036532 Z0.2 E0.011516
G1 F1800 X161.012628 Y102.768482 Z0.2 E0.011516
G1 F1800 X161.147347 Y102.500432 Z0.2 E0.011516
G1 F1800 X161.282067 Y102.232382 Z0.2 E0.011516
G1 F1800 X161.416786 Y101.964332 Z0.2 E0.011516
G1 F1800 X161.551505 Y101.696283 Z0.2 E0.011516
G1 F1800 X161.686225 Y101.428233 Z0.2 E0.011516
G1 F1800 X161.820944 Y101.160183 Z0.2 E0.011516
G1 F1800 X161.955663 Y100.892133 Z0.2 E0.011516
G1 F1800 X162.090383 Y100.624083 Z0.2 E0.011516
G1 F1800 X162.225102 Y100.356033 Z0.2 E0.011516
G1 F1800 X162.359821 Y100.087984 Z0.2 E0.011516
G1 F1800 X162.494541 Y99.819934 Z0.2 E0.011516
G1 F1800 X162.62926 Y99.551884 Z0.2 E0.011516
G1 F1800 X162.763979 Y99.283834 Z0.2 E0.011516
G1 F1800 X162.898699 Y99.015784 Z0.2 E0.011516
G1 F1800 X163.033418 Y98.747735 Z0.2 E0.011516
G1 F1800 X163.168137 Y98.479685 Z0.2 E0.011516
G1 F1800 X163.302857 Y98.211635 Z0.2 E0.011516
G1 F1800 X163.437576 Y97.943585 Z0.2 E0.011516
G1 F1800 X163.572295 Y97.675535 Z0.2 E0.011516
G1 F1800 X163.707015 Y97.407486 Z0.2 E0.011516
G1 F1800 X163.841734 Y97.139436 Z0.2 E0.011516
G1 F1800 X163.976453 Y96.871386 Z0.2 E0.011516
G1 F1800 X164.111173 Y96.603336 Z0.2 E0.011516
G1 F1800 X164.245892 Y96.335286 Z0.2 E0.011516
G1 F1800 X164.380611 Y96.067237 Z0.2 E0.011516
G1 F1800 X164.515331 Y95.799187 Z0.2 E0.011516
G1 F1800 X164.65005 Y95.531137 Z0.2 E0.011516
G1 F1800 X164.784769 Y95.263087 Z0.2 E0.011516
G1 F1800 X164.919489 Y94.995037 Z0.2 E0.011516
G1 F1800 X165.054208 Y94.726987 Z0.2 E0.011516
G1 F1800 X165.188927 Y94.458938 Z0.2 E0.011516
G1 F1800 X165.323647 Y94.190888 Z0.2 E0.011516
G1 F1800 X165.458366 Y93.922838 Z0.2 E0.011516
G1 F1800 X165.593085 Y93.654788 Z0.2 E0.011516
G1 F1800 X165.727805 Y93.386738 Z0.2 E0.011516
G1 F1800 X165.862524 Y93.118689 Z0.2 E0.011516
G1 F1800 X165.997243 Y92.850639 Z0.2 E0.011516
G1 F1800 X166.131963 Y92.582589 Z0.2 E0.011516
G1 F1800 X166.266682 Y92.314539 Z0.2 E0.011516
G1 F1800 X166.401401 Y92.046489 Z0.2 E0.011516
G1 F1800 X166.536121 Y91.77844 Z0.2 E0.011516
G1 F1800 X166.67084 Y91.51039 Z0.2 E0.011516
G1 F1800 X166.805559 Y91.24234 Z0.2 E0.011516
G1 F1800 X166.940279 Y90.97429 Z0.2 E0.011516
G1 F1800 X167.074998 Y90.70624 Z0.2 E0.011516
G1 F1800 X167.209717 Y90.438191 Z0.2 E0.011516
G1 F1800 X167.344437 Y90.170141 Z0.2 E0.011516
G1 F1800 X167.479156 Y89.902091 Z0.2 E0.011516
G1 F1800 X167.613875 Y89.634041 Z0.2 E0.011516
G1 F1800 X167.748595 Y89.365991 Z0.2 E0.011516
G1 F1800 X167.883314 Y89.097941 Z0.2 E0.011516
G1 F1800 X168.018033 Y88.829892 Z0.2 E0.011516
G1 F1800 X168.152753 Y88.561842 Z0.2 E0.011516
G1 F1800 X168.287472 Y88.293792 Z0.2 E0.011516
G1 F1800 X168.422191 Y88.025742 Z0.2 E0.011516
G1 F1800 X168.556911 Y87.757692 Z0.2 E0.011516
G1 F1800 X168.69163 Y87.489643 Z0.2 E0.011516
G1 F1800 X168.826349 Y87.221593 Z0.2 E0.011516
G1 F1800 X168.961069 Y86.953543 Z0.2 E0.011516
G1 F1800 X169.095788 Y86.685493 Z0.2 E0.011516
G1 F1800 X169.230507 Y86.417443 Z0.2 E0.011516
G1 F1800 X169.365227 Y86.149394 Z0.2 E0.011516
G1 F1800 X169.499946 Y85.881344 Z0.2 E0.011516
G1 F1800 X169.634665 Y85.613294 Z0.2 E0.011516
G1 F1800 X169.769385 Y85.345244 Z0.2 E0.011516
G1 F1800 X169.904104 Y85.077194 Z0.2 E0.011516
G1 F1800 X170.038823 Y84.809144 Z0.2 E0.011516
G1 F1800 X170.173543 Y84.541095 Z0.2 E0.011516
G1 F1800 X170.308262 Y84.273045 Z0.2 E0.011516
G1 F1800 X170.442981 Y84.004995 Z0.2 E0.011516
G1 F1800 X170.577701 Y83.736945 Z0.2 E0.011516
G1 F1800 X170.71242 Y83.468895 Z0.2 E0.011516
G1 F1800 X170.847139 Y83.200846 Z0.2 E0.011516
G1 F1800 X170.981859 Y82.932796 Z0.2 E0.011516
G1 F1800 X171.116578 Y82.664746 Z0.2 E0.011516
G1 F1800 X171.251297 Y82.396696 Z0.2 E0.011516
G1 F1800 X171.386017 Y82.128646 Z0.2 E0.011516
G1 F1800 X171.520736 Y81.860597 Z0.2 E0.011516
G1 F1800 X171.655455 Y81.592547 Z0.2 E0.011516
G1 F1800 X171.790175 Y81.324497 Z0.2 E0.011516
G1 F1800 X171.924894 Y81.056447 Z0.2 E0.011516
G1 F1800 X172.059613 Y80.788397 Z0.2 E0.011516
G1 F1800 X172.194333 Y80.520348 Z0.2 E0.011516
G1 F1800 X172.329052 Y80.252298 Z0.2 E0.011516
G1 F1800 X172.463771 Y79.984248 Z0.2 E0.011516
G1 F1800 X172.598491 Y79.716198 Z0.2 E0.011516
G1 F1800 X172.73321 Y79.448148 Z0.2 E0.011516
G1 F1800 X172.867929 Y79.180098 Z0.2 E0.011516
G1 F1800 X173.002649 Y78.912049 Z0.2 E0.011516
G1 F1800 X173.137368 Y78.643999 Z0.2 E0.011516
G1 F1800 X173.272087 Y78.375949 Z0.2 E0.011516
G1 F1800 X173.406807 Y78.107899 Z0.2 E0.011516
G1 F1800 X173.541526 Y77.839849 Z0.2 E0.011516
G1 F1800 X173.676245 Y77.5718 Z0.2 E0.011516
G1 F1800 X173.810965 Y77.30375 Z0.2 E0.011516
G1 F1800 X173.945684 Y77.0357 Z0.2 E0.011516
G1 F1800 X174.080403 Y76.76765 Z0.2 E0.011516
G1 F1800 X174.215123 Y76.4996 Z0.2 E0.011516
G1 F1800 X174.349842 Y76.231551 Z0.2 E0.011516
G1 F1800 X174.484561 Y75.963501 Z0.2 E0.011516
G1 F1800 X174.619281 Y75.695451 Z0.2 E0.011516
G1 F1800 X174.754 Y75.427401 Z0.2 E0.011516
G1 F1800 X174.888719 Y75.159351 Z0.2 E0.011516
G1 F1800 X175.023439 Y74.891302 Z0.2 E0.011516
G1 F1800 X175.158158 Y74.623252 Z0.2 E0.011516
G1 F1800 X175.292877 Y74.355202 Z0.2 E0.011516
G1 F1800 X175.427597 Y74.087152 Z0.2 E0.011516
G1 F1800 X175.562316 Y73.819102 Z0.2 E0.011516
G1 F1800 X175.697035 Y73.551052 Z0.2 E0.011516
G1 F1800 X175.831755 Y73.283003 Z0.2 E0.011516
G1 F1800 X175.966474 Y73.014953 Z0.2 E0.011516
G1 F1800 X176.101193 Y72.746903 Z0.2 E0.011516
G1 F1800 X176.235913 Y72.478853 Z0.2 E0.011516
G1 F1800 X176.370632 Y72.210803 Z0.2 E0.011516
G1 F1800 X176.505351 Y71.942754 Z0.2 E0.011516
G1 F1800 X176.640071 Y71.674704 Z0.2 E0.011516
G1 F1800 X176.77479 Y71.406654 Z0.2 E0.011516
G1 F1800 X176.909509 Y71.138604 Z0.2 E0.011516
G1 F1800 X177.044229 Y70.870554 Z0.2 E0.011516
G1 F1800 X177.178948 Y70.602505 Z0.2 E0.011516
G1 F1800 X177.313667 Y70.334455 Z0.2 E0.011516
G1 F1800 X177.448387 Y70.066405 Z0.2 E0.011516
G1 F1800 X177.583106 Y69.798355 Z0.2 E0.011516
G1 F1800 X177.717825 Y69.530305 Z0.2 E0.011516
G1 F1800 X177.852545 Y69.262255 Z0.2 E0.011516
G1 F1800 X177.987264 Y68.994206 Z0.2 E0.011516
G1 F1800 X178.121983 Y68.726156 Z0.2 E0.011516
G1 F1800 X178.256703 Y68.458106 Z0.2 E0.011516
G1 F1800 X178.391422 Y68.190056 Z0.2 E0.011516
G1 F1800 X178.526142 Y67.922006 Z0.2 E0.011516
G1 F1800 X178.660861 Y67.653957 Z0.2 E0.011516
G1 F1800 X178.79558 Y67.385907 Z0.2 E0.011516
G1 F1800 X178.9303 Y67.117857 Z0.2 E0.011516
G1 F1800 X179.065019 Y66.849807 Z0.2 E0.011516
G1 F1800 X179.199738 Y66.581757 Z0.2 E0.011516
G1 F1800 X179.334458 Y66.313708 Z0.2 E0.011516
G1 F1800 X179.469177 Y66.045658 Z0.2 E0.011516
G1 F1800 X179.603896 Y65.777608 Z0.2 E0.011516
G1 F1800 X179.738616 Y65.509558 Z0.2 E0.011516
G1 F1800 X179.873335 Y65.241508 Z0.2 E0.011516
G1 F1800 X180.008054 Y64.973459 Z0.2 E0.011516
G1 F1800 X180.142774 Y64.705409 Z0.2 E0.011516
G1 F1800 X180.277493 Y64.437359 Z0.2 E0.011516
G1 F1800 X180.412212 Y64.169309 Z0.2 E0.011516
G1 F1800 X180.546932 Y63.901259 Z0.2 E0.011516
G1 F1800 X180.681651 Y63.633209 Z0.2 E0.011516
G1 F1800 X180.81637 Y63.36516 Z0.2 E0.011516
G1 F1800 X180.95109 Y63.09711 Z0.2 E0.011516
G1 F1800 X181.085809 Y62.82906 Z0.2 E0.011516
G1 F1800 X181.220528 Y62.56101 Z0.2 E0.011516
G1 F1800 X181.355248 Y62.29296 Z0.2 E0.011516
G1 F1800 X181.489967 Y62.024911 Z0.2 E0.011516
G1 F1800 X181.624686 Y61.756861 Z0.2 E0.011516
G1 F1800 X181.759406 Y61.488811 Z0.2 E0.011516
G1 F1800 X181.894125 Y61.220761 Z0.2 E0.011516
G1 F1800 X182.028844 Y60.952711 Z0.2 E0.011516
G1 F1800 X182.163564 Y60.684662 Z0.2 E0.011516
G1 F1800 X182.298283 Y60.416612 Z0.2 E0.011516
G1 F1800 X182.433002 Y60.148562 Z0.2 E0.011516
G1 F1800 X182.567722 Y59.880512 Z0.2 E0.011516
G1 F1800 X182.702441 Y59.612462 Z0.2 E0.011516
G1 F1800 X182.83716 Y59.344413 Z0.2 E0.011516
G1 F1800 X182.97188 Y59.076363 Z0.2 E0.011516
G1 F1800 X183.106599 Y58.808313 Z0.2 E0.011516
G1 F1800 X183.241318 Y58.540263 Z0.2 E0.011516
G1 F1800 X183.376038 Y58.272213 Z0.2 E0.011516
G1 F1800 X183.510757 Y58.004163 Z0.2 E0.011516
G1 F1800 X183.645476 Y57.736114 Z0.2 E0.011516
G1 F1800 X183.780196 Y57.468064 Z0.2 E0.011516
G1 F1800 X183.914915 Y57.200014 Z0.2 E0.011516
G1 F1800 X184.049634 Y56.931964 Z0.2 E0.011516
G1 F1800 X184.184354 Y56.663914 Z0.2 E0.011516
G1 F1800 X184.319073 Y56.395865 Z0.2 E0.011516
G1 F1800 X184.453792 Y56.127815 Z0.2 E0.011516
G1 F1800 X184.588512 Y55.859765 Z0.2 E0.011516
G1 F1800 X184.723231 Y55.591715 Z0.2 E0.011516
G1 F1800 X184.85795 Y55.323665 Z0.2 E0.011516
G1 F1800 X184.99267 Y55.055616 Z0.2 E0.01129
G1 F1800 X184.755441 Y55.229472 Z0.2 E0.011516
G1 F1800 X184.514314 Y55.407959 Z0.2 E0.011516
G1 F1800 X184.273188 Y55.586447 Z0.2 E0.011516
G1 F1800 X184.032061 Y55.764935 Z0.2 E0.011516
G1 F1800 X183.790934 Y55.943422 Z0.2 E0.011516
G1 F1800 X183.549807 Y56.12191 Z0.2 E0.011516
G1 F1800 X183.30868 Y56.300398 Z0.2 E0.011516
G1 F1800 X183.067554 Y56.478886 Z0.2 E0.011516
G1 F1800 X182.826427 Y56.657373 Z0.2 E0.011516
G1 F1800 X182.5853 Y56.835861 Z0.2 E0.011516
G1 F1800 X182.344173 Y57.014349 Z0.2 E0.011516
G1 F1800 X182.103046 Y57.192837 Z0.2 E0.011516
G1 F1800 X181.86192 Y57.371324 Z0.2 E0.011516
G1 F1800 X181.620793 Y57.549812 Z0.2 E0.011516
G1 F1800 X181.379666 Y57.7283 Z0.2 E0.011516
G1 F1800 X181.138539 Y57.906787 Z0.2 E0.011516
G1 F1800 X180.897412 Y58.085275 Z0.2 E0.011516
G1 F1800 X180.656286 Y58.263763 Z0.2 E0.011516
G1 F1800 X180.415159 Y58.442251 Z0.2 E0.011516
G1 F1800 X180.174032 Y58.620738 Z0.2 E0.011516
G1 F1800 X179.932905 Y58.799226 Z0.2 E0.011516
G1 F1800 X179.691778 Y58.977714 Z0.2 E0.011516
G1 F1800 X179.450652 Y59.156201 Z0.2 E0.011516
G1 F1800 X179.209525 Y59.334689 Z0.2 E0.011516
G1 F1800 X178.968398 Y59.513177 Z0.2 E0.011516
G1 F1800 X178.727271 Y59.691665 Z0.2 E0.011516
G1 F1800 X178.486144 Y59.870152 Z0.2 E0.011516
G1 F1800 X178.245018 Y60.04864 Z0.2 E0.011516
G1 F1800 X178.003891 Y60.227128 Z0.2 E0.011516
G1 F1800 X177.762764 Y60.405615 Z0.2 E0.011516
G1 F1800 X177.521637 Y60.584103 Z0.2 E0.011516
G1 F1800 X177.28051 Y60.762591 Z0.2 E0.011516
G1 F1800 X177.039383 Y60.941079 Z0.2 E0.011516
G1 F1800 X176.798257 Y61.119566 Z0.2 E0.011516
G1 F1800 X176.55713 Y61.298054 Z0.2 E0.011516
G1 F1800 X176.316003 Y61.476542 Z0.2 E0.011516
G1 F1800 X176.074876 Y61.655029 Z0.2 E0.011516
G1 F1800 X175.833749 Y61.833517 Z0.2 E0.011516
G1 F1800 X175.592623 Y62.012005 Z0.2 E0.011516
G1 F1800 X175.351496 Y62.190493 Z0.2 E0.011516
G1 F1800 X175.110369 Y62.36898 Z0.2 E0.011516
G1 F1800 X174.869242 Y62.547468 Z0.2 E0.011516
G1 F1800 X174.628115 Y62.725956 Z0.2 E0.011516
G1 F1800 X174.386989 Y62.904443 Z0.2 E0.011516
G1 F1800 X174.145862 Y63.082931 Z0.2 E0.011516
G1 F1800 X173.904735 Y63.261419 Z0.2 E0.011516
G1 F1800 X173.663608 Y63.439907 Z0.2 E0.011516
G1 F1800 X173.422481 Y63.618394 Z0.2 E0.011516
G1 F1800 X173.181355 Y63.796882 Z0.2 E0.011516
G1 F1800 X172.940228 Y63.97537 Z0.2 E0.011516
G1 F1800 X172.699101 Y64.153857 Z0.2 E0.011516
G1 F1800 X172.457974 Y64.332345 Z0.2 E0.011516
G1 F1800 X172.216847 Y64.510833 Z0.2 E0.011516
G1 F1800 X171.975721 Y64.689321 Z0.2 E0.011516
G1 F1800 X171.734594 Y64.867808 Z0.2 E0.011516
G1 F1800 X171.493467 Y65.046296 Z0.2 E0.011516
G1 F1800 X171.25234 Y65.224784 Z0.2 E0.011516
G1 F1800 X171.011213 Y65.403271 Z0.2 E0.011516
G1 F1800 X170.770087 Y65.581759 Z0.2 E0.011516
G1 F1800 X170.52896 Y65.760247 Z0.2 E0.011516
G1 F1800 X170.287833 Y65.938735 Z0.2 E0.011516
G1 F1800 X170.046706 Y66.117222 Z0.2 E0.011516
G1 F1800 X169.805579 Y66.29571 Z0.2 E0.011516
G1 F1800 X169.564453 Y66.474198 Z0.2 E0.011516
G1 F1800 X169.323326 Y66.652686 Z0.2 E0.011516
G1 F1800 X169.082199 Y66.831173 Z0.2 E0.011516
G1 F1800 X168.841072 Y67.009661 Z0.2 E0.011516
G1 F1800 X168.599945 Y67.188149 Z0.2 E0.011516
G1 F1800 X168.358819 Y67.366636 Z0.2 E0.011516
G1 F1800 X168.117692 Y67.545124 Z0.2 E0.011516
G1 F1800 X167.876565 Y67.723612 Z0.2 E0.011516
G1 F1800 X167.635438 Y67.9021 Z0.2 E0.011516
G1 F1800 X167.394311 Y68.080587 Z0.2 E0.011516
G1 F1800 X167.153185 Y68.259075 Z0.2 E0.011516
G1 F1800 X166.912058 Y68.437563 Z0.2 E0.011516
G1 F1800 X166.670931 Y68.61605 Z0.2 E0.011516
G1 F1800 X166.429804 Y68.794538 Z0.2 E0.011516
G1 F1800 X166.188677 Y68.973026 Z0.2 E0.011516
G1 F1800 X165.947551 Y69.151514 Z0.2 E0.011516
G1 F1800 X165.706424 Y69.330001 Z0.2 E0.011516
G1 F1800 X165.465297 Y69.508489 Z0.2 E0.011516
G1 F1800 X165.22417 Y69.686977 Z0.2 E0.011516
G1 F1800 X164.983043 Y69.865464 Z0.2 E0.011516
G1 F1800 X164.741917 Y70.043952 Z0.2 E0.011516
G1 F1800 X164.50079 Y70.22244 Z0.2 E0.011516
G1 F1800 X164.259663 Y70.400928 Z0.2 E0.011516
G1 F1800 X164.018536 Y70.579415 Z0.2 E0.011516
G1 F1800 X163.777409 Y70.757903 Z0.2 E0.011516
G1 F1800 X163.536283 Y70.936391 Z0.2 E0.011516
G1 F1800 X163.295156 Y71.114878 Z0.2 E0.011516
G1 F1800 X163.054029 Y71.293366 Z0.2 E0.011516
G1 F1800 X162.812902 Y71.471854 Z0.2 E0.011516
G1 F1800 X162.571775 Y71.650342 Z0.2 E0.011516
G1 F1800 X162.330649 Y71.828829 Z0.2 E0.011516
G1 F1800 X162.089522 Y72.007317 Z0.2 E0.011516
G1 F1800 X161.848395 Y72.185805 Z0.2 E0.011516
G1 F1800 X161.607268 Y72.364292 Z0.2 E0.011516
G1 F1800 X161.366141 Y72.54278 Z0.2 E0.011516
G1 F1800 X161.125015 Y72.721268 Z0.2 E0.011516
G1 F1800 X160.883888 Y72.899756 Z0.2 E0.011516
G1 F1800 X160.642761 Y73.078243 Z0.2 E0.011516
G1 F1800 X160.401634 Y73.256731 Z0.2 E0.011516
G1 F1800 X160.160507 Y73.435219 Z0.2 E0.011516
G1 F1800 X159.919381 Y73.613706 Z0.2 E0.011516
G1 F1800 X159.678254 Y73.792194 Z0.2 E0.011516
G1 F1800 X159.437127 Y73.970682 Z0.2 E0.011516
G1 F1800 X159.196 Y74.14917 Z0.2 E0.011516
G1 F1800 X158.954873 Y74.327657 Z0.2 E0.011516
G1 F1800 X158.713746 Y74.506145 Z0.2 E0.011516
G1 F1800 X158.47262 Y74.684633 Z0.2 E0.011516
G1 F1800 X158.231493 Y74.86312 Z0.2 E0.011516
G1 F1800 X157.990366 Y75.041608 Z0.2 E0.011516
G1 F1800 X157.749239 Y75.220096 Z0.2 E0.011516
G1 F1800 X157.508112 Y75.398584 Z0.2 E0.011516
G1 F1800 X157.266986 Y75.577071 Z0.2 E0.011516
G1 F1800 X157.025859 Y75.755559 Z0.2 E0.011516
G1 F1800 X156.784732 Y75.934047 Z0.2 E0.011516
G1 F1800 X156.543605 Y76.112535 Z0.2 E0.011516
G1 F1800 X156.302478 Y76.291022 Z0.2 E0.011516
G1 F1800 X156.061352 Y76.46951 Z0.2 E0.011516
G1 F1800 X155.820225 Y76.647998 Z0.2 E0.011516
G1 F1800 X155.579098 Y76.826485 Z0.2 E0.011516
G1 F1800 X155.337971 Y77.004973 Z0.2 E0.011516
G1 F1800 X155.096844 Y77.183461 Z0.2 E0.011516
G1 F1800 X154.855718 Y77.361949 Z0.2 E0.011516
G1 F1800 X154.614591 Y77.540436 Z0.2 E0.011516
G1 F1800 X154.373464 Y77.718924 Z0.2 E0.011516
G1 F1800 X154.132337 Y77.897412 Z0.2 E0.011516
G1 F1800 X153.89121 Y78.075899 Z0.2 E0.011516
G1 F1800 X153.650084 Y78.254387 Z0.2 E0.011516
G1 F1800 X153.408957 Y78.432875 Z0.2 E0.011516
G1 F1800 X153.16783 Y78.611363 Z0.2 E0.011516
G1 F1800 X152.926703 Y78.78985 Z0.2 E0.011516
G1 F1800 X152.685576 Y78.968338 Z0.2 E0.011516
G1 F1800 X152.44445 Y79.146826 Z0.2 E0.011516
G1 F1800 X152.203323 Y79.325313 Z0.2 E0.011516
G1 F1800 X151.962196 Y79.503801 Z0.2 E0.011516
G1 F1800 X151.721069 Y79.682289 Z0.2 E0.011516
G1 F1800 X151.479942 Y79.860777 Z0.2 E0.011516
G1 F1800 X151.238816 Y80.039264 Z0.2 E0.011516
G1 F1800 X150.997689 Y80.217752 Z0.2 E0.011516
G1 F1800 X150.756562 Y80.39624 Z0.2 E0.011516
G1 F1800 X150.515435 Y80.574727 Z0.2 E0.011516
G1 F1800 X150.274308 Y80.753215 Z0.2 E0.011516
G1 F1800 X150.033182 Y80.931703 Z0.2 E0.011516
G1 F1800 X149.792055 Y81.110191 Z0.2 E0.011516
G1 F1800 X149.550928 Y81.288678 Z0.2 E0.011516
G1 F1800 X149.309801 Y81.467166 Z0.2 E0.011516
G1 F1800 X149.068674 Y81.645654 Z0.2 E0.011516
G1 F1800 X148.827548 Y81.824141 Z0.2 E0.011516
G1 F1800 X148.586421 Y82.002629 Z0.2 E0.011516
G1 F1800 X148.345294 Y82.181117 Z0.2 E0.011516
G1 F1800 X148.104167 Y82.359605 Z0.2 E0.011516
G1 F1800 X147.86304 Y82.538092 Z0.2 E0.011516
G1 F1800 X147.621914 Y82.71658 Z0.2 E0.011516
G1 F1800 X147.380787 Y82.895068 Z0.2 E0.011516
G1 F1800 X147.13966 Y83.073555 Z0.2 E0.011516
G1 F1800 X146.898533 Y83.252043 Z0.2 E0.011516
G1 F1800 X146.657406 Y83.430531 Z0.2 E0.011516
G1 F1800 X146.41628 Y83.609019 Z0.2 E0.011516
G1 F1800 X146.175153 Y83.787506 Z0.2 E0.011516
G1 F1800 X145.934026 Y83.965994 Z0.2 E0.011516
G1 F1800 X145.692899 Y84.144482 Z0.2 E0.011516
G1 F1800 X145.451772 Y84.322969 Z0.2 E0.011516
G1 F1800 X145.210646 Y84.501457 Z0.2 E0.011516
G1 F1800 X144.969519 Y84.679945 Z0.2 E0.011516
G1 F1800 X144.728392 Y84.858433 Z0.2 E0.011516
G1 F1800 X144.487265 Y85.03692 Z0.2 E0.011516
G1 F1800 X144.246138 Y85.215408 Z0.2 E0.011516
G1 F1800 X144.005012 Y85.393896 Z0.2 E0.011516
G1 F1800 X143.763885 Y85.572384 Z0.2 E0.011516
G1 F1800 X143.522758 Y85.750871 Z0.2 E0.011516
G1 F1800 X143.281631 Y85.929359 Z0.2 E0.011516
G1 F1800 X143.040504 Y86.107847 Z0.2 E0.011516
G1 F1800 X142.799378 Y86.286334 Z0.2 E0.011516
G1 F1800 X142.558251 Y86.464822 Z0.2 E0.011516
G1 F1800 X142.317124 Y86.64331 Z0.2 E0.011516
G1 F1800 X142.075997 Y86.821798 Z0.2 E0.011516
G1 F1800 X141.83487 Y87.000285 Z0.2 E0.011516
G1 F1800 X141.593744 Y87.178773 Z0.2 E0.011516
G1 F1800 X141.352617 Y87.357261 Z0.2 E0.011516
G1 F1800 X141.11149 Y87.535748 Z0.2 E0.011516
G1 F1800 X140.870363 Y87.714236 Z0.2 E0.011516
G1 F1800 X140.629236 Y87.892724 Z0.2 E0.011516
G1 F1800 X140.38811 Y88.071212 Z0.2 E0.011516
G1 F1800 X140.146983 Y88.249699 Z0.2 E0.011516
G1 F1800 X139.905856 Y88.428187 Z0.2 E0.011516
G1 F1800 X139.664729 Y88.606675 Z0.2 E0.011516
G1 F1800 X139.423602 Y88.785162 Z0.2 E0.011516
G1 F1800 X139.182475 Y88.96365 Z0.2 E0.011516
G1 F1800 X138.941349 Y89.142138 Z0.2 E0.011516
G1 F1800 X138.700222 Y89.320626 Z0.2 E0.011516
G1 F1800 X138.459095 Y89.499113 Z0.2 E0.011516
G1 F1800 X138.217968 Y89.677601 Z0.2 E0.011516
G1 F1800 X137.976841 Y89.856089 Z0.2 E0.011516
G1 F1800 X137.735715 Y90.034576 Z0.2 E0.011516
G1 F1800 X137.494588 Y90.213064 Z0.2 E0.011516
G1 F1800 X137.253461 Y90.391552 Z0.2 E0.011516
G1 F1800 X137.012334 Y90.57004 Z0.2 E0.011516
G1 F1800 X136.771207 Y90.748527 Z0.2 E0.011516
G1 F1800 X136.530081 Y90.927015 Z0.2 E0.011516
G1 F1800 X136.288954 Y91.105503 Z0.2 E0.011516
G1 F1800 X136.047827 Y91.28399 Z0.2 E0.011516
G1 F1800 X135.8067 Y91.462478 Z0.2 E0.011516
G1 F1800 X135.565573 Y91.640966 Z0.2 E0.011516
G1 F1800 X135.324447 Y91.819454 Z0.2 E0.011516
G1 F1800 X135.08332 Y91.997941 Z0.2 E0.011516
G1 F1800 X134.842193 Y92.176429 Z0.2 E0.011516
G1 F1800 X134.601066 Y92.354917 Z0.2 E0.011516
G1 F1800 X134.359939 Y92.533404 Z0.2 E0.011516
G1 F1800 X134.118813 Y92.711892 Z0.2 E0.011516
G1 F1800 X133.877686 Y92.89038 Z0.2 E0.011516
G1 F1800 X133.636559 Y93.068868 Z0.2 E0.011516
G1 F1800 X133.395432 Y93.247355 Z0.2 E0.011516
G1 F1800 X133.154305 Y93.425843 Z0.2 E0.011516
G1 F1800 X132.913179 Y93.604331 Z0.2 E0.011516
G1 F1800 X132.672052 Y93.782818 Z0.2 E0.011516
G1 F1800 X132.430925 Y93.961306 Z0.2 E0.011516
G1 F1800 X132.189798 Y94.139794 Z0.2 E0.011516
G1 F1800 X131.948671 Y94.318282 Z0.2 E0.011516
G1 F1800 X131.707545 Y94.496769 Z0.2 E0.011516
G1 F1800 X131.466418 Y94.675257 Z0.2 E0.011516
G1 F1800 X131.225291 Y94.853745 Z0.2 E0.011516
G1 F1800 X130.984164 Y95.032233 Z0.2 E0.011516
G1 F1800 X130.743037 Y95.21072 Z0.2 E0.011516
G1 F1800 X130.501911 Y95.389208 Z0.2 E0.011516
G1 F1800 X130.260784 Y95.567696 Z0.2 E0.011516
G1 F1800 X130.019657 Y95.746183 Z0.2 E0.011516
G1 F1800 X129.77853 Y95.924671 Z0.2 E0.011516
G1 F1800 X129.537403 Y96.103159 Z0.2 E0.011516
G1 F1800 X129.296277 Y96.281647 Z0.2 E0.011516
G1 F1800 X129.05515 Y96.460134 Z0.2 E0.011516
G1 F1800 X128.814023 Y96.638622 Z0.2 E0.011516
G1 F1800 X128.572896 Y96.81711 Z0.2 E0.011516
G1 F1800 X128.331769 Y96.995597 Z0.2 E0.011516
G1 F1800 X128.090643 Y97.174085 Z0.2 E0.011516
G1 F1800 X127.849516 Y97.352573 Z0.2 E0.011516
G1 F1800 X127.608389 Y97.531061 Z0.2 E0.011516
G1 F1800 X127.367262 Y97.709548 Z0.2 E0.011516
G1 F1800 X127.126135 Y97.888036 Z0.2 E0.011516
G1 F1800 X126.885009 Y98.066524 Z0.2 E0.011516
G1 F1800 X126.643882 Y98.245011 Z0.2 E0.011516
G1 F1800 X126.402755 Y98.423499 Z0.2 E0.011516
G1 F1800 X126.161628 Y98.601987 Z0.2 E0.011516
G1 F1800 X125.920501 Y98.780475 Z0.2 E0.011516
G1 F1800 X125.679375 Y98.958962 Z0.2 E0.011516
G1 F1800 X125.438248 Y99.13745 Z0.2 E0.011516
G1 F1800 X125.197121 Y99.315938 Z0.2 E0.011516
G1 F1800 X124.955994 Y99.494425 Z0.2 E0.011516
G1 F1800 X124.714867 Y99.672913 Z0.2 E0.011516
G1 F1800 X124.473741 Y99.851401 Z0.2 E0.011516
G1 F1800 X124.232614 Y100.029889 Z0.2 E0.011516
G1 F1800 X123.991487 Y100.208376 Z0.2 E0.011516
G1 F1800 X123.75036 Y100.386864 Z0.2 E0.011516
G1 F1800 X123.509233 Y100.565352 Z0.2 E0.011516
G1 F1800 X123.268107 Y100.743839 Z0.2 E0.011516
G1 F1800 X123.02698 Y100.922327 Z0.2 E0.011516
G1 F1800 X122.785853 Y101.100815 Z0.2 E0.011516
G1 F1800 X122.544726 Y101.279303 Z0.2 E0.011516
G1 F1800 X122.303599 Y101.45779 Z0.2 E0.011516
G1 F1800 X122.062473 Y101.636278 Z0.2 E0.011516
G1 F1800 X121.821346 Y101.814766 Z0.2 E0.011516
G1 F1800 X121.580219 Y101.993253 Z0.2 E0.011516
G1 F1800 X121.339092 Y102.171741 Z0.2 E0.011516
G1 F1800 X121.097965 Y102.350229 Z0.2 E0.011516
G1 F1800 X120.856839 Y102.528717 Z0.2 E0.011516
G1 F1800 X120.615712 Y102.707204 Z0.2 E0.011516
G1 F1800 X120.374585 Y102.885692 Z0.2 E0.011516
G1 F1800 X120.133458 Y103.06418 Z0.2 E0.011516
G1 F1800 X119.892331 Y103.242667 Z0.2 E0.011516
G1 F1800 X119.651204 Y103.421155 Z0.2 E0.011516
G1 F1800 X119.410078 Y103.599643 Z0.2 E0.011516
G1 F1800 X119.168951 Y103.778131 Z0.2 E0.011516
G1 F1800 X118.927824 Y103.956618 Z0.2 E0.011516
G1 F1800 X118.686697 Y104.135106 Z0.2 E0.011516
G1 F1800 X118.44557 Y104.313594 Z0.2 E0.011516
G1 F1800 X118.204444 Y104.492082 Z0.2 E0.011516
G1 F1800 X117.963317 Y104.670569 Z0.2 E0.011516
G1 F1800 X117.72219 Y104.849057 Z0.2 E0.011516
G1 F1800 X117.481063 Y105.027545 Z0.2 E0.011516
G1 F1800 X117.239936 Y105.206032 Z0.2 E0.011516
G1 F1800 X116.99881 Y105.38452 Z0.2 E0.011516
G1 F1800 X116.757683 Y105.563008 Z0.2 E0.011516
G1 F1800 X116.516556 Y105.741496 Z0.2 E0.011516
G1 F1800 X116.275429 Y105.919983 Z0.2 E0.011516
G1 F1800 X116.034302 Y106.098471 Z0.2 E0.011516
G1 F1800 X115.793176 Y106.276959 Z0.2 E0.011516
G1 F1800 X115.552049 Y106.455446 Z0.2 E0.011516
G1 F1800 X115.310922 Y106.633934 Z0.2 E0.011516
G1 F1800 X115.069795 Y106.812422 Z0.2 E0.011516
G1 F1800 X114.828668 Y106.99091 Z0.2 E0.011516
G1 F1800 X114.587542 Y107.169397 Z0.2 E0.011516
G1 F1800 X114.346415 Y107.347885 Z0.2 E0.011516
G1 F1800 X114.105288 Y107.526373 Z0.2 E0.011516
G1 F1800 X113.864161 Y107.70486 Z0.2 E0.011516
G1 F1800 X113.623034 Y107.883348 Z0.2 E0.011516
G1 F1800 X113.381908 Y108.061836 Z0.2 E0.011516
G1 F1800 X113.140781 Y108.240324 Z0.2 E0.011516
G1 F1800 X112.899654 Y108.418811 Z0.2 E0.011516
G1 F1800 X112.658527 Y108.597299 Z0.2 E0.011516
G1 F1800 X112.4174 Y108.775787 Z0.2 E0.011516
G1 F1800 X112.176274 Y108.954274 Z0.2 E0.011516
G1 F1800 X111.935147 Y109.132762 Z0.2 E0.011516
G1 F1800 X111.69402 Y109.31125 Z0.2 E0.011516
G1 F1800 X111.452893 Y109.489738 Z0.2 E0.011516
G1 F1800 X111.211766 Y109.668225 Z0.2 E0.011516
G1 F1800 X110.97064 Y109.846713 Z0.2 E0.011516
G1 F1800 X110.729513 Y110.025201 Z0.2 E0.011516
G1 F1800 X110.488386 Y110.203688 Z0.2 E0.011516
G1 F1800 X110.247259 Y110.382176 Z0.2 E0.011516
G1 F1800 X110.006132 Y110.560664 Z0.2 E0.011516
G1 F1800 X109.765006 Y110.739152 Z0.2 E0.011516
G1 F1800 X109.523879 Y110.917639 Z0.2 E0.011516
G1 F1800 X109.282752 Y111.096127 Z0.2 E0.011516
G1 F1800 X109.041625 Y111.274615 Z0.2 E0.011516
G1 F1800 X108.800498 Y111.453102 Z0.2 E0.011516
G1 F1800 X108.559372 Y111.63159 Z0.2 E0.011516
G1 F1800 X108.318245 Y111.810078 Z0.2 E0.011516
G1 F1800 X108.077118 Y111.988566 Z0.2 E0.011516
G1 F1800 X107.835991 Y112.167053 Z0.2 E0.011516
G1 F1800 X107.594864 Y112.345541 Z0.2 E0.011516
G1 F1800 X107.353738 Y112.524029 Z0.2 E0.011516
G1 F1800 X107.112611 Y112.702516 Z0.2 E0.011516
G1 F1800 X106.871484 Y112.881004 Z0.2 E0.011516
G1 F1800 X106.630357 Y113.059492 Z0.2 E0.011516
G1 F1800 X106.38923 Y113.23798 Z0.2 E0.011516
G1 F1800 X106.148104 Y113.416467 Z0.2 E0.011516
G1 F1800 X105.906977 Y113.594955 Z0.2 E0.011516
G1 F1800 X105.66585 Y113.773443 Z0.2 E0.011516
G1 F1800 X105.424723 Y113.95193 Z0.2 E0.011516
G1 F1800 X105.183596 Y114.130418 Z0.2 E0.011516
G1 F1800 X104.94247 Y114.308906 Z0.2 E0.011516
G1 F1800 X104.701343 Y114.487394 Z0.2 E0.011516
G1 F1800 X104.460216 Y114.665881 Z0.2 E0.011516
G1 F1800 X104.219089 Y114.844369 Z0.2 E0.011516
G1 F1800 X103.977962 Y115.022857 Z0.2 E0.011516
G1 F1800 X103.736836 Y115.201345 Z0.2 E0.011516
G1 F1800 X103.495709 Y115.379832 Z0.2 E0.011516
G1 F1800 X103.254582 Y115.55832 Z0.2 E0.011516
G1 F1800 X103.013455 Y115.736808 Z0.2 E0.011516
G1 F1800 X102.772328 Y115.915295 Z0.2 E0.011516
G1 F1800 X102.531202 Y116.093783 Z0.2 E0.011516
G1 F1800 X102.290075 Y116.272271 Z0.2 E0.011516
G1 F1800 X102.048948 Y116.450759 Z0.2 E0.011516
G1 F1800 X101.807821 Y116.629246 Z0.2 E0.011516
G1 F1800 X101.566694 Y116.807734 Z0.2 E0.011516
G1 F1800 X101.325567 Y116.986222 Z0.2 E0.011516
G1 F1800 X101.084441 Y117.164709 Z0.2 E0.011516
G1 F1800 X100.843314 Y117.343197 Z0.2 E0.011516
G1 F1800 X100.602187 Y117.521685 Z0.2 E0.011516
G1 F1800 X100.36106 Y117.700173 Z0.2 E0.011516
G1 F1800 X100.119933 Y117.87866 Z0.2 E0.011516
G1 F1800 X99.878807 Y118.057148 Z0.2 E0.011516
G1 F1800 X99.63768 Y118.235636 Z0.2 E0.011516
G1 F1800 X99.396553 Y118.414123 Z0.2 E0.011516
G1 F1800 X99.155426 Y118.592611 Z0.2 E0.011516
G1 F1800 X98.914299 Y118.771099 Z0.2 E0.011516
G1 F1800 X98.673173 Y118.949587 Z0.2 E0.011516
G1 F1800 X98.432046 Y119.128074 Z0.2 E0.011516
G1 F1800 X98.190919 Y119.306562 Z0.2 E0.011516
G1 F1800 X97.949792 Y119.48505 Z0.2 E0.011516
G1 F1800 X97.708665 Y119.663537 Z0.2 E0.011516
G1 F1800 X97.467539 Y119.842025 Z0.2 E0.011516
G1 F1800 X97.226412 Y120.020513 Z0.2 E0.011516
G1 F1800 X96.985285 Y120.199001 Z0.2 E0.011516
G1 F1800 X96.744158 Y120.377488 Z0.2 E0.011516
G1 F1800 X96.503031 Y120.555976 Z0.2 E0.011516
G1 F1800 X96.261905 Y120.734464 Z0.2 E0.011516
G1 F1800 X96.020778 Y120.912951 Z0.2 E0.011516
G1 F1800 X95.779651 Y121.091439 Z0.2 E0.011516
G1 F1800 X95.538524 Y121.269927 Z0.2 E0.011516
G1 F1800 X95.297397 Y121.448415 Z0.2 E0.011516
G1 F1800 X95.056271 Y121.626902 Z0.2 E0.011516
G1 F1800 X94.815144 Y121.80539 Z0.2 E0.011516
G1 F1800 X94.574017 Y121.983878 Z0.2 E0.011516
G1 F1800 X94.33289 Y122.162365 Z0.2 E0.011516
G1 F1800 X94.091763 Y122.340853 Z0.2 E0.011516
G1 F1800 X93.850637 Y122.519341 Z0.2 E0.011516
G1 F1800 X93.60951 Y122.697829 Z0.2 E0.011516
G1 F1800 X93.368383 Y122.876316 Z0.2 E0.011516
G1 F1800 X93.127256 Y123.054804 Z0.2 E0.011516
G1 F1800 X92.886129 Y123.233292 Z0.2 E0.011516
G1 F1800 X92.645003 Y123.411779 Z0.2 E0.011516
G1 F1800 X92.403876 Y123.590267 Z0.2 E0.011516
G1 F1800 X92.162749 Y123.768755 Z0.2 E0.011516
G1 F1800 X91.921622 Y123.947243 Z0.2 E0.011516
G1 F1800 X91.680495 Y124.12573 Z0.2 E0.011516
G1 F1800 X91.439369 Y124.304218 Z0.2 E0.011516
G1 F1800 X91.198242 Y124.482706 Z0.2 E0.011516
G1 F1800 X90.957115 Y124.661194 Z0.2 E0.011516
G1 F1800 X90.715988 Y124.839681 Z0.2 E0.011516
G1 F1800 X90.474861 Y125.018169 Z0.2 E0.011516
G1 F1800 X90.233735 Y125.196657 Z0.2 E0.011516
G1 F1800 X89.992608 Y125.375144 Z0.2 E0.011516
G1 F1800 X89.751481 Y125.553632 Z0.2 E0.011516
G1 F1800 X89.510354 Y125.73212 Z0.2 E0.011516
G1 F1800 X89.269227 Y125.910608 Z0.2 E0.011516
G1 F1800 X89.028101 Y126.089095 Z0.2 E0.011516
G1 F1800 X88.786974 Y126.267583 Z0.2 E0.011516
G1 F1800 X88.545847 Y126.446071 Z0.2 E0.011516
G1 F1800 X88.30472 Y126.624558 Z0.2 E0.011516
G1 F1800 X88.063593 Y126.803046 Z0.2 E0.011516
G1 F1800 X87.822467 Y126.981534 Z0.2 E0.011516
G1 F1800 X87.58134 Y127.160022 Z0.2 E0.011516
G1 F1800 X87.340213 Y127.338509 Z0.2 E0.011516
G1 F1800 X87.099086 Y127.516997 Z0.2 E0.011516
G1 F1800 X86.857959 Y127.695485 Z0.2 E0.011516
G1 F1800 X86.616833 Y127.873972 Z0.2 E0.011516
G1 F1800 X86.375706 Y128.05246 Z0.2 E0.011516
G1 F1800 X86.134579 Y128.230948 Z0.2 E0.011516
G1 F1800 X85.893452 Y128.409436 Z0.2 E0.011516
G1 F1800 X85.652325 Y128.587923 Z0.2 E0.011516
G1 F1800 X85.411199 Y128.766411 Z0.2 E0.011516
G1 F1800 X85.170072 Y128.944899 Z0.2 E0.011516
G1 F1800 X84.928945 Y129.123386 Z0.2 E0.011516
G1 F1800 X84.687818 Y129.301874 Z0.2 E0.011516
G1 F1800 X84.446691 Y129.480362 Z0.2 E0.011516
G1 F1800 X84.205565 Y129.65885 Z0.2 E0.011516
G1 F1800 X83.964438 Y129.837337 Z0.2 E0.011516
G1 F1800 X83.723311 Y130.015825 Z0.2 E0.011516
G1 F1800 X83.482184 Y130.194313 Z0.2 E0.011516
G1 F1800 X83.241057 Y130.3728 Z0.2 E0.011516
G1 F1800 X82.999931 Y130.551288 Z0.2 E0.011516
G1 F1800 X82.758804 Y130.729776 Z0.2 E0.011516
G1 F1800 X82.517677 Y130.908264 Z0.2 E0.011516
G1 F1800 X82.27655 Y131.086751 Z0.2 E0.011516
G1 F1800 X82.035423 Y131.265239 Z0.2 E0.011516
G1 F1800 X81.794296 Y131.443727 Z0.2 E0.011516
G1 F1800 X81.55317 Y131.622214 Z0.2 E0.011516
G1 F1800 X81.312043 Y131.800702 Z0.2 E0.011516
G1 F1800 X81.070916 Y131.97919 Z0.2 E0.011516
G1 F1800 X80.829789 Y132.157678 Z0.2 E0.011516
G1 F1800 X80.588662 Y132.336165 Z0.2 E0.011516
G1 F1800 X80.347536 Y132.514653 Z0.2 E0.011516
G1 F1800 X80.106409 Y132.693141 Z0.2 E0.011516
G1 F1800 X79.865282 Y132.871628 Z0.2 E0.011516
G1 F1800 X79.624155 Y133.050116 Z0.2 E0.011516
G1 F1800 X79.383028 Y133.228604 Z0.2 E0.011516
G1 F1800 X79.141902 Y133.407092 Z0.2 E0.011516
G1 F1800 X78.900775 Y133.585579 Z0.2 E0.011516
G1 F1800 X78.659648 Y133.764067 Z0.2 E0.011516
G1 F1800 X78.418521 Y133.942555 Z0.2 E0.011516
G1 F1800 X78.177394 Y134.121043 Z0.2 E0.011516
G1 F1800 X77.936268 Y134.29953 Z0.2 E0.011516
G1 F1800 X77.695141 Y134.478018 Z0.2 E0.011516
G1 F1800 X77.454014 Y134.656506 Z0.2 E0.011516
G1 F1800 X77.212887 Y134.834993 Z0.2 E0.011516
G1 F1800 X76.97176 Y135.013481 Z0.2 E0.011516
G1 F1800 X76.730634 Y135.191969 Z0.2 E0.011516
G1 F1800 X76.489507 Y135.370457 Z0.2 E0.011516
G1 F1800 X76.24838 Y135.548944 Z0.2 E0.011516
G1 F1800 X76.007253 Y135.727432 Z0.2 E0.011516
G1 F1800 X75.766126 Y135.90592 Z0.2 E0.011516
G1 F1800 X75.525 Y136.084407 Z0.2 E0.011516
G1 F1800 X75.283873 Y136.262895 Z0.2 E0.011516
G1 F1800 X75.042746 Y136.441383 Z0.2 E0.011516
G1 F1800 X74.801619 Y136.619871 Z0.2 E0.011516
G1 F1800 X74.560492 Y136.798358 Z0.2 E0.011516
G1 F1800 X74.319366 Y136.976846 Z0.2 E0.011516
G1 F1800 X74.078239 Y137.155334 Z0.2 E0.011516
G1 F1800 X73.837112 Y137.333821 Z0.2 E0.011516
G1 F1800 X73.595985 Y137.512309 Z0.2 E0.011516
G1 F1800 X73.354858 Y137.690797 Z0.2 E0.011516
G1 F1800 X73.113732 Y137.869285 Z0.2 E0.011516
G1 F1800 X72.872605 Y138.047772 Z0.2 E0.011516
G1 F1800 X72.631478 Y138.22626 Z0.2 E0.011516
G1 F1800 X72.390351 Y138.404748 Z0.2 E0.011516
G1 F1800 X72.149224 Y138.583235 Z0.2 E0.011516
G1 F1800 X71.908098 Y138.761723 Z0.2 E0.011516
G1 F1800 X71.666971 Y138.940211 Z0.2 E0.011516
G1 F1800 X71.425844 Y139.118699 Z0.2 E0.011516
G1 F1800 X71.184717 Y139.297186 Z0.2 E0.011516
G1 F1800 X70.94359 Y139.475674 Z0.2 E0.011516
G1 F1800 X70.702464 Y139.654162 Z0.2 E0.011516
G1 F1800 X70.461337 Y139.832649 Z0.2 E0.011516
G1 F1800 X70.22021 Y140.011137 Z0.2 E0.011516
G1 F1800 X69.979083 Y140.189625 Z0.2 E0.011516
G1 F1800 X69.737956 Y140.368113 Z0.2 E0.011516
G1 F1800 X69.49683 Y140.5466 Z0.2 E0.011516
G1 F1800 X69.255703 Y140.725088 Z0.2 E0.011516
G1 F1800 X69.014576 Y140.903576 Z0.2 E0.011516
G1 F1800 X68.773449 Y141.082063 Z0.2 E0.011516
G1 F1800 X68.532322 Y141.260551 Z0.2 E0.011516
G1 F1800 X68.291196 Y141.439039 Z0.2 E0.011516
G1 F1800 X68.050069 Y141.617527 Z0.2 E0.011516
G1 F1800 X67.808942 Y141.796014 Z0.2 E0.005121
G1 F1800 X67.751235 Y141.916298 Z0.2 E0.011516
G1 F1800 X68.051158 Y141.923095 Z0.2 E0.011516
G1 F1800 X68.351081 Y141.929892 Z0.2 E0.011516
G1 F1800 X68.651004 Y141.936689 Z0.2 E0.011516
G1 F1800 X68.950927 Y141.943486 Z0.2 E0.011516
G1 F1800 X69.25085 Y141.950283 Z0.2 E0.011516
G1 F1800 X69.550773 Y141.95708 Z0.2 E0.011516
G1 F1800 X69.850696 Y141.963878 Z0.2 E0.011516
G1 F1800 X70.150619 Y141.970675 Z0.2 E0.011516
G1 F1800 X70.450542 Y141.977472 Z0.2 E0.011516
G1 F1800 X70.750465 Y141.984269 Z0.2 E0.011516
G1 F1800 X71.050388 Y141.991066 Z0.2 E0.011516
G1 F1800 X71.350311 Y141.997863 Z0.2 E0.011516
G1 F1800 X71.650234 Y142.00466 Z0.2 E0.011516
G1 F1800 X71.950157 Y142.011457 Z0.2 E0.011516
G1 F1800 X72.25008 Y142.018255 Z0.2 E0.011516
G1 F1800 X72.550003 Y142.025052 Z0.2 E0.011516
G1 F1800 X72.849926 Y142.031849 Z0.2 E0.011516
G1 F1800 X73.149849 Y142.038646 Z0.2 E0.011516
G1 F1800 X73.449772 Y142.045443 Z0.2 E0.011516
G1 F1800 X73.749695 Y142.05224 Z0.2 E0.011516
G1 F1800 X74.049618 Y142.059037 Z0.2 E0.011516
G1 F1800 X74.349541 Y142.065834 Z0.2 E0.011516
G1 F1800 X74.649464 Y142.072632 Z0.2 E0.011516
G1 F1800 X74.949387 Y142.079429 Z0.2 E0.011516
G1 F1800 X75.24931 Y142.086226 Z0.2 E0.011516
G1 F1800 X75.549233 Y142.093023 Z0.2 E0.011516
G1 F1800 X75.849156 Y142.09982 Z0.2 E0.011516
G1 F1800 X76.149079 Y142.106617 Z0.2 E0.011516
G1 F1800 X76.449002 Y142.113414 Z0.2 E0.011516
G1 F1800 X76.748925 Y142.120211 Z0.2 E0.011516
G1 F1800 X77.048848 Y142.127008 Z0.2 E0.011516
G1 F1800 X77.348771 Y142.133806 Z0.2 E0.011516
G1 F1800 X77.648694 Y142.140603 Z0.2 E0.011516
G1 F1800 X77.948617 Y142.1474 Z0.2 E0.011516
G1 F1800 X78.24854 Y142.154197 Z0.2 E0.011516
G1 F1800 X78.548463 Y142.160994 Z0.2 E0.011516
G1 F1800 X78.848386 Y142.167791 Z0.2 E0.011516
G1 F1800 X79.148309 Y142.174588 Z0.2 E0.011516
G1 F1800 X79.448232 Y142.181385 Z0.2 E0.011516
G1 F1800 X79.748154 Y142.188183 Z0.2 E0.011516
G1 F1800 X80.048077 Y142.19498 Z0.2 E0.011516
G1 F1800 X80.348 Y142.201777 Z0.2 E0.011516
G1 F1800 X80.647923 Y142.208574 Z0.2 E0.011516
G1 F1800 X80.947846 Y142.215371 Z0.2 E0.011516
G1 F1800 X81.247769 Y142.222168 Z0.2 E0.011516
G1 F1800 X81.547692 Y142.228965 Z0.2 E0.011516
G1 F1800 X81.847615 Y142.235762 Z0.2 E0.011516
G1 F1800 X82.147538 Y142.24256 Z0.2 E0.011516
G1 F1800 X82.447461 Y142.249357 Z0.2 E0.011516
G1 F1800 X82.747384 Y142.256154 Z0.2 E0.011516
G1 F1800 X83.047307 Y142.262951 Z0.2 E0.011516
G1 F1800 X83.34723 Y142.269748 Z0.2 E0.011516
G1 F1800 X83.647153 Y142.276545 Z0.2 E0.011516
G1 F1800 X83.947076 Y142.283342 Z0.2 E0.011516
G1 F1800 X84.246999 Y142.290139 Z0.2 E0.011516
G1 F1800 X84.546922 Y142.296937 Z0.2 E0.011516
G1 F1800 X84.846845 Y142.303734 Z0.2 E0.011516
G1 F1800 X85.146768 Y142.310531 Z0.2 E0.011516
G1 F1800 X85.446691 Y142.317328 Z0.2 E0.011516
G1 F1800 X85.746614 Y142.324125 Z0.2 E0.011516
G1 F1800 X86.046537 Y142.330922 Z0.2 E0.011516
G1 F1800 X86.34646 Y142.337719 Z0.2 E0.011516
G1 F1800 X86.646383 Y142.344516 Z0.2 E0.011516
G1 F1800 X86.946306 Y142.351313 Z0.2 E0.011516
G1 F1800 X87.246229 Y142.358111 Z0.2 E0.011516
G1 F1800 X87.546152 Y142.364908 Z0.2 E0.011516
G1 F1800 X87.846075 Y142.371705 Z0.2 E0.011516
G1 F1800 X88.145998 Y142.378502 Z0.2 E0.011516
G1 F1800 X88.445921 Y142.385299 Z0.2 E0.011516
G1 F1800 X88.745844 Y142.392096 Z0.2 E0.011516
G1 F1800 X89.045767 Y142.398893 Z0.2 E0.011516
G1 F1800 X89.34569 Y142.40569 Z0.2 E0.011516
G1 F1800 X89.645613 Y142.412488 Z0.2 E0.011516
G1 F1800 X89.945536 Y142.419285 Z0.2 E0.011516
G1 F1800 X90.245459 Y142.426082 Z0.2 E0.011516
G1 F1800 X90.545382 Y142.432879 Z0.2 E0.011516
G1 F1800 X90.845305 Y142.439676 Z0.2 E0.011516
G1 F1800 X91.145228 Y142.446473 Z0.2 E0.011516
G1 F1800 X91.445151 Y142.45327 Z0.2 E0.011516
G1 F1800 X91.745074 Y142.460067 Z0.2 E0.011516
G1 F1800 X92.044997 Y142.466865 Z0.2 E0.011516
G1 F1800 X92.34492 Y142.473662 Z0.2 E0.011516
G1 F1800 X92.644843 Y142.480459 Z0.2 E0.011516
G1 F1800 X92.944766 Y142.487256 Z0.2 E0.011516
G1 F1800 X93.244689 Y142.494053 Z0.2 E0.011516
G1 F1800 X93.544612 Y142.50085 Z0.2 E0.011516
G1 F1800 X93.844535 Y142.507647 Z0.2 E0.011516
G1 F1800 X94.144458 Y142.514444 Z0.2 E0.011516
G1 F1800 X94.444381 Y142.521242 Z0.2 E0.011516
G1 F1800 X94.744304 Y142.528039 Z0.2 E0.011516
G1 F1800 X95.044227 Y142.534836 Z0.2 E0.011516
G1 F1800 X95.34415 Y142.541633 Z0.2 E0.011516
G1 F1800 X95.644073 Y142.54843 Z0.2 E0.011516
G1 F1800 X95.943996 Y142.555227 Z0.2 E0.011516
G1 F1800 X96.243919 Y142.562024 Z0.2 E0.011516
G1 F1800 X96.543842 Y142.568821 Z0.2 E0.011516
G1 F1800 X96.843765 Y142.575618 Z0.2 E0.011516
G1 F1800 X97.143688 Y142.582416 Z0.2 E0.011516
G1 F1800 X97.443611 Y142.589213 Z0.2 E0.011516
G1 F1800 X97.743534 Y142.59601 Z0.2 E0.011516
G1 F1800 X98.043457 Y142.602807 Z0.2 E0.011516
G1 F1800 X98.34338 Y142.609604 Z0.2 E0.011516
G1 F1800 X98.643303 Y142.616401 Z0.2 E0.011516
G1 F1800 X98.943226 Y142.623198 Z0.2 E0.011516
G1 F1800 X99.243149 Y142.629995 Z0.2 E0.011516
G1 F1800 X99.543072 Y142.636793 Z0.2 E0.011516
G1 F1800 X99.842995 Y142.64359 Z0.2 E0.011516
G1 F1800 X100.142918 Y142.650387 Z0.2 E0.011516
G1 F1800 X100.442841 Y142.657184 Z0.2 E0.011516
G1 F1800 X100.742764 Y142.663981 Z0.2 E0.011516
G1 F1800 X101.042687 Y142.670778 Z0.2 E0.011516
G1 F1800 X101.34261 Y142.677575 Z0.2 E0.011516
G1 F1800 X101.642533 Y142.684372 Z0.2 E0.011516
G1 F1800 X101.942456 Y142.69117 Z0.2 E0.011516
G1 F1800 X102.242379 Y142.697967 Z0.2 E0.011516
G1 F1800 X102.542302 Y142.704764 Z0.2 E0.011516
G1 F1800 X102.842225 Y142.711561 Z0.2 E0.011516
G1 F1800 X103.142148 Y142.718358 Z0.2 E0.011516
G1 F1800 X103.442071 Y142.725155 Z0.2 E0.011516
G1 F1800 X103.741994 Y142.731952 Z0.2 E0.011516
G1 F1800 X104.041917 Y142.738749 Z0.2 E0.011516
G1 F1800 X104.34184 Y142.745547 Z0.2 E0.011516
G1 F1800 X104.641763 Y142.752344 Z0.2 E0.011516
G1 F1800 X104.941686 Y142.759141 Z0.2 E0.011516
G1 F1800 X105.241609 Y142.765938 Z0.2 E0.011516
G1 F1800 X105.541532 Y142.772735 Z0.2 E0.011516
G1 F1800 X105.841455 Y142.779532 Z0.2 E0.011516
G1 F1800 X106.141377 Y142.786329 Z0.2 E0.011516
G1 F1800 X106.4413 Y142.793126 Z0.2 E0.011516
G1 F1800 X106.741223 Y142.799924 Z0.2 E0.011516
G1 F1800 X107.041146 Y142.806721 Z0.2 E0.011516
G1 F1800 X107.341069 Y142.813518 Z0.2 E0.011516
G1 F1800 X107.640992 Y142.820315 Z0.2 E0.011516
G1 F1800 X107.940915 Y142.827112 Z0.2 E0.011516
G1 F1800 X108.240838 Y142.833909 Z0.2 E0.011516
G1 F1800 X108.540761 Y142.840706 Z0.2 E0.011516
G1 F1800 X108.840684 Y142.847503 Z0.2 E0.011516
G1 F1800 X109.140607 Y142.8543 Z0.2 E0.011516
G1 F1800 X109.44053 Y142.861098 Z0.2 E0.011516
G1 F1800 X109.740453 Y142.867895 Z0.2 E0.011516
G1 F1800 X110.040376 Y142.874692 Z0.2 E0.011516
G1 F1800 X110.340299 Y142.881489 Z0.2 E0.011516
G1 F1800 X110.640222 Y142.888286 Z0.2 E0.011516
G1 F1800 X110.940145 Y142.895083 Z0.2 E0.011516
G1 F1800 X111.240068 Y142.90188 Z0.2 E0.011516
G1 F1800 X111.539991 Y142.908677 Z0.2 E0.011516
G1 F1800 X111.839914 Y142.915475 Z0.2 E0.011516
G1 F1800 X112.139837 Y142.922272 Z0.2 E0.011516
G1 F1800 X112.43976 Y142.929069 Z0.2 E0.011516
G1 F1800 X112.739683 Y142.935866 Z0.2 E0.011516
G1 F1800 X113.039606 Y142.942663 Z0.2 E0.011516
G1 F1800 X113.339529 Y142.94946 Z0.2 E0.011516
G1 F1800 X113.639452 Y142.956257 Z0.2 E0.011516
G1 F1800 X113.939375 Y142.963054 Z0.2 E0.011516
G1 F1800 X114.239298 Y142.969852 Z0.2 E0.011516
G1 F1800 X114.539221 Y142.976649 Z0.2 E0.011516
G1 F1800 X114.839144 Y142.983446 Z0.2 E0.011516
G1 F1800 X115.139067 Y142.990243 Z0.2 E0.011516
G1 F1800 X115.43899 Y142.99704 Z0.2 E0.011516
G1 F1800 X115.738913 Y143.003837 Z0.2 E0.011516
G1 F1800 X116.038836 Y143.010634 Z0.2 E0.011516
G1 F1800 X116.338759 Y143.017431 Z0.2 E0.011516
G1 F1800 X116.638682 Y143.024229 Z0.2 E0.011516
G1 F1800 X116.938605 Y143.031026 Z0.2 E0.011516
G1 F1800 X117.238528 Y143.037823 Z0.2 E0.011516
G1 F1800 X117.538451 Y143.04462 Z0.2 E0.011516
G1 F1800 X117.838374 Y143.051417 Z0.2 E0.011516
G1 F1800 X118.138297 Y143.058214 Z0.2 E0.011516
G1 F1800 X118.43822 Y143.065011 Z0.2 E0.011516
G1 F1800 X118.738143 Y143.071808 Z0.2 E0.011516
G1 F1800 X119.038066 Y143.078605 Z0.2 E0.011516
G1 F1800 X119.337989 Y143.085403 Z0.2 E0.011516
G1 F1800 X119.637912 Y143.0922 Z0.2 E0.011516
G1 F1800 X119.937835 Y143.098997 Z0.2 E0.011516
G1 F1800 X120.237758 Y143.105794 Z0.2 E0.011516
G1 F1800 X120.537681 Y143.112591 Z0.2 E0.011516
G1 F1800 X120.837604 Y143.119388 Z0.2 E0.011516
G1 F1800 X121.137527 Y143.126185 Z0.2 E0.011516
G1 F1800 X121.43745 Y143.132982 Z0.2 E0.011516
G1 F1800 X121.737373 Y143.13978 Z0.2 E0.011516
G1 F1800 X122.037296 Y143.146577 Z0.2 E0.011516
G1 F1800 X122.337219 Y143.153374 Z0.2 E0.011516
G1 F1800 X122.637142 Y143.160171 Z0.2 E0.011516
G1 F1800 X122.937065 Y143.166968 Z0.2 E0.011516
G1 F1800 X123.236988 Y143.173765 Z0.2 E0.011516
G1 F1800 X123.536911 Y143.180562 Z0.2 E0.011516
G1 F1800 X123.836834 Y143.187359 Z0.2 E0.011516
G1 F1800 X124.136757 Y143.194157 Z0.2 E0.011516
G1 F1800 X124.43668 Y143.200954 Z0.2 E0.011516
G1 F1800 X124.736603 Y143.207751 Z0.2 E0.011516
G1 F1800 X125.036526 Y143.214548 Z0.2 E0.011516
G1 F1800 X125.336449 Y143.221345 Z0.2 E0.011516
G1 F1800 X125.636372 Y143.228142 Z0.2 E0.011516
G1 F1800 X125.936295 Y143.234939 Z0.2 E0.011516
G1 F1800 X126.236218 Y143.241736 Z0.2 E0.011516
G1 F1800 X126.536141 Y143.248534 Z0.2 E0.011516
G1 F1800 X126.836064 Y143.255331 Z0.2 E0.011516
G1 F1800 X127.135987 Y143.262128 Z0.2 E0.011516
G1 F1800 X127.43591 Y143.268925 Z0.2 E0.011516
G1 F1800 X127.735833 Y143.275722 Z0.2 E0.011516
G1 F1800 X128.035756 Y143.282519 Z0.2 E0.011516
G1 F1800 X128.335679 Y143.289316 Z0.2 E0.011516
G1 F1800 X128.635602 Y143.296113 Z0.2 E0.011516
G1 F1800 X128.935525 Y143.302911 Z0.2 E0.011516
G1 F1800 X129.235448 Y143.309708 Z0.2 E0.011516
G1 F1800 X129.535371 Y143.316505 Z0.2 E0.011516
G1 F1800 X129.835294 Y143.323302 Z0.2 E0.011516
G1 F1800 X130.135217 Y143.330099 Z0.2 E0.011516
G1 F1800 X130.43514 Y143.336896 Z0.2 E0.011516
G1 F1800 X130.735063 Y143.343693 Z0.2 E0.011516
G1 F1800 X131.034986 Y143.35049 Z0.2 E0.011516
G1 F1800 X131.334909 Y143.357287 Z0.2 E0.011516
G1 F1800 X131.634832 Y143.364085 Z0.2 E0.011516
G1 F1800 X131.934755 Y143.370882 Z0.2 E0.011516
G1 F1800 X132.234678 Y143.377679 Z0.2 E0.011516
G1 F1800 X132.5346 Y143.384476 Z0.2 E0.011516
G1 F1800 X132.834523 Y143.391273 Z0.2 E0.011516
G1 F1800 X133.134446 Y143.39807 Z0.2 E0.011516
G1 F1800 X133.434369 Y143.404867 Z0.2 E0.011516
G1 F1800 X133.734292 Y143.411664 Z0.2 E0.011516
G1 F1800 X134.034215 Y143.418462 Z0.2 E0.011516
G1 F1800 X134.334138 Y143.425259 Z0.2 E0.011516
G1 F1800 X134.634061 Y143.432056 Z0.2 E0.011516
G1 F1800 X134.933984 Y143.438853 Z0.2 E0.011516
G1 F1800 X135.233907 Y143.44565 Z0.2 E0.011516
G1 F1800 X135.53383 Y143.452447 Z0.2 E0.011516
G1 F1800 X135.833753 Y143.459244 Z0.2 E0.011516
G1 F1800 X136.133676 Y143.466041 Z0.2 E0.011516
G1 F1800 X136.433599 Y143.472839 Z0.2 E0.011516
G1 F1800 X136.733522 Y143.479636 Z0.2 E0.011516
G1 F1800 X137.033445 Y143.486433 Z0.2 E0.011516
G1 F1800 X137.333368 Y143.49323 Z0.2 E0.011516
G1 F1800 X137.633291 Y143.500027 Z0.2 E0.011516
G1 F1800 X137.933214 Y143.506824 Z0.2 E0.011516
G1 F1800 X138.233137 Y143.513621 Z0.2 E0.011516
G1 F1800 X138.53306 Y143.520418 Z0.2 E0.011516
G1 F1800 X138.832983 Y143.527216 Z0.2 E0.011516
G1 F1800 X139.132906 Y143.534013 Z0.2 E0.011516
G1 F1800 X139.432829 Y143.54081 Z0.2 E0.011516
G1 F1800 X139.732752 Y143.547607 Z0.2 E0.011516
G1 F1800 X140.032675 Y143.554404 Z0.2 E0.011516
G1 F1800 X140.332598 Y143.561201 Z0.2 E0.011516
G1 F1800 X140.632521 Y143.567998 Z0.2 E0.011516
G1 F1800 X140.932444 Y143.574795 Z0.2 E0.011516
G1 F1800 X141.232367 Y143.581592 Z0.2 E0.011516
G1 F1800 X141.53229 Y143.58839 Z0.2 E0.011516
G1 F1800 X141.832213 Y143.595187 Z0.2 E0.011516
G1 F1800 X142.132136 Y143.601984 Z0.2 E0.011516
G1 F1800 X142.432059 Y143.608781 Z0.2 E0.011516
G1 F1800 X142.731982 Y143.615578 Z0.2 E0.011516
G1 F1800 X143.031905 Y143.622375 Z0.2 E0.011516
G1 F1800 X143.331828 Y143.629172 Z0.2 E0.011516
G1 F1800 X143.631751 Y143.635969 Z0.2 E0.011516
G1 F1800 X143.931674 Y143.642767 Z0.2 E0.011516
G1 F1800 X144.231597 Y143.649564 Z0.2 E0.011516
G1 F1800 X144.53152 Y143.656361 Z0.2 E0.011516
G1 F1800 X144.831443 Y143.663158 Z0.2 E0.011516
G1 F1800 X145.131366 Y143.669955 Z0.2 E0.011516
G1 F1800 X145.431289 Y143.676752 Z0.2 E0.011516
G1 F1800 X145.731212 Y143.683549 Z0.2 E0.011516
G1 F1800 X146.031135 Y143.690346 Z0.2 E0.011516
G1 F1800 X146.331058 Y143.697144 Z0.2 E0.011516
G1 F1800 X146.630981 Y143.703941 Z0.2 E0.011516
G1 F1800 X146.930904 Y143.710738 Z0.2 E0.011516
G1 F1800 X147.230827 Y143.717535 Z0.2 E0.011516
G1 F1800 X147.53075 Y143.724332 Z0.2 E0.011516
G1 F1800 X147.830673 Y143.731129 Z0.2 E0.011516
G1 F1800 X148.130596 Y143.737926 Z0.2 E0.011516
G1 F1800 X148.430519 Y143.744723 Z0.2 E0.011516
G1 F1800 X148.730442 Y143.751521 Z0.2 E0.011516
G1 F1800 X149.030365 Y143.758318 Z0.2 E0.011516
G1 F1800 X149.330288 Y143.765115 Z0.2 E0.011516
G1 F1800 X149.630211 Y143.771912 Z0.2 E0.011516
G1 F1800 X149.930134 Y143.778709 Z0.2 E0.011516
G1 F1800 X150.230057 Y143.785506 Z0.2 E0.011516
G1 F1800 X150.52998 Y143.792303 Z0.2 E0.011516
G1 F1800 X150.829903 Y143.7991 Z0.2 E0.011516
G1 F1800 X151.129826 Y143.805897 Z0.2 E0.011516
G1 F1800 X151.429749 Y143.812695 Z0.2 E0.011516
G1 F1800 X151.729672 Y143.819492 Z0.2 E0.011516
G1 F1800 X152.029595 Y143.826289 Z0.2 E0.011516
G1 F1800 X152.329518 Y143.833086 Z0.2 E0.011516
G1 F1800 X152.629441 Y143.839883 Z0.2 E0.011516
G1 F1800 X152.929364 Y143.84668 Z0.2 E0.011516
G1 F1800 X153.229287 Y143.853477 Z0.2 E0.011516
G1 F1800 X153.52921 Y143.860274 Z0.2 E0.011516
G1 F1800 X153.829133 Y143.867072 Z0.2 E0.011516
G1 F1800 X154.129056 Y143.873869 Z0.2 E0.011516
G1 F1800 X154.428979 Y143.880666 Z0.2 E0.011516
G1 F1800 X154.728902 Y143.887463 Z0.2 E0.011516
G1 F1800 X155.028825 Y143.89426 Z0.2 E0.011516
G1 F1800 X155.328748 Y143.901057 Z0.2 E0.011516
G1 F1800 X155.628671 Y143.907854 Z0.2 E0.011516
G1 F1800 X155.928594 Y143.914651 Z0.2 E0.011516
G1 F1800 X156.228517 Y143.921449 Z0.2 E0.011516
G1 F1800 X156.52844 Y143.928246 Z0.2 E0.011516
G1 F1800 X156.828363 Y143.935043 Z0.2 E0.011516
G1 F1800 X157.128286 Y143.94184 Z0.2 E0.011516
G1 F1800 X157.428209 Y143.948637 Z0.2 E0.011516
G1 F1800 X157.728132 Y143.955434 Z0.2 E0.011516
G1 F1800 X158.028055 Y143.962231 Z0.2 E0.011516
G1 F1800 X158.327978 Y143.969028 Z0.2 E0.011516
G1 F1800 X158.627901 Y143.975826 Z0.2 E0.011516
G1 F1800 X158.927824 Y143.982623 Z0.2 E0.011516
G1 F1800 X159.227746 Y143.98942 Z0.2 E0.011516
G1 F1800 X159.527669 Y143.996217 Z0.2 E0.011516
G1 F1800 X159.827592 Y144.003014 Z0.2 E0.011516
G1 F1800 X160.127515 Y144.009811 Z0.2 E0.011516
G1 F1800 X160.427438 Y144.016608 Z0.2 E0.011516
G1 F1800 X160.727361 Y144.023405 Z0.2 E0.011516
G1 F1800 X161.027284 Y144.030203 Z0.2 E0.011516
G1 F1800 X161.327207 Y144.037 Z0.2 E0.011516
G1 F1800 X161.62713 Y144.043797 Z0.2 E0.011516
G1 F1800 X161.927053 Y144.050594 Z0.2 E0.011516
G1 F1800 X162.226976 Y144.057391 Z0.2 E0.011516
G1 F1800 X162.526899 Y144.064188 Z0.2 E0.011516
G1 F1800 X162.826822 Y144.070985 Z0.2 E0.011516
G1 F1800 X163.126745 Y144.077782 Z0.2 E0.011516
G1 F1800 X163.426668 Y144.084579 Z0.2 E0.011516
G1 F1800 X163.726591 Y144.091377 Z0.2 E0.011516
G1 F1800 X164.026514 Y144.098174 Z0.2 E0.011516
G1 F1800 X164.326437 Y144.104971 Z0.2 E0.011516
G1 F1800 X164.62636 Y144.111768 Z0.2 E0.011516
G1 F1800 X164.926283 Y144.118565 Z0.2 E0.011516
G1 F1800 X165.226206 Y144.125362 Z0.2 E0.011516
G1 F1800 X165.526129 Y144.132159 Z0.2 E0.011516
G1 F1800 X165.826052 Y144.138956 Z0.2 E0.011516
G1 F1800 X166.125975 Y144.145754 Z0.2 E0.011516
G1 F1800 X166.425898 Y144.152551 Z0.2 E0.011516
G1 F1800 X166.725821 Y144.159348 Z0.2 E0.011516
G1 F1800 X167.025744 Y144.166145 Z0.2 E0.011516
G1 F1800 X167.325667 Y144.172942 Z0.2 E0.011516
G1 F1800 X167.62559 Y144.179739 Z0.2 E0.011516
G1 F1800 X167.925513 Y144.186536 Z0.2 E0.011516
G1 F1800 X168.225436 Y144.193333 Z0.2 E0.011516
G1 F1800 X168.525359 Y144.200131 Z0.2 E0.011516
G1 F1800 X168.825282 Y144.206928 Z0.2 E0.011516
G1 F1800 X169.125205 Y144.213725 Z0.2 E0.011516
G1 F1800 X169.425128 Y144.220522 Z0.2 E0.011516
G1 F1800 X169.725051 Y144.227319 Z0.2 E0.011516
G1 F1800 X170.024974 Y144.234116 Z0.2 E0.011516
G1 F1800 X170.324897 Y144.240913 Z0.2 E0.011516
G1 F1800 X170.62482 Y144.24771 Z0.2 E0.011516
G1 F1800 X170.924743 Y144.254508 Z0.2 E0.011516
G1 F1800 X171.224666 Y144.261305 Z0.2 E0.011516
G1 F1800 X171.524589 Y144.268102 Z0.2 E0.011516
G1 F1800 X171.824512 Y144.274899 Z0.2 E0.011516
G1 F1800 X172.124435 Y144.281696 Z0.2 E0.011516
G1 F1800 X172.424358 Y144.288493 Z0.2 E0.011516
G1 F1800 X172.724281 Y144.29529 Z0.2 E0.011516
G1 F1800 X173.024204 Y144.302087 Z0.2 E0.011516
G1 F1800 X173.324127 Y144.308884 Z0.2 E0.011516
G1 F1800 X173.62405 Y144.315682 Z0.2 E0.011516
G1 F1800 X173.923973 Y144.322479 Z0.2 E0.011516
G1 F1800 X174.223896 Y144.329276 Z0.2 E0.011516
G1 F1800 X174.523819 Y144.336073 Z0.2 E0.011516
G1 F1800 X174.823742 Y144.34287 Z0.2 E0.011516
G1 F1800 X175.123665 Y144.349667 Z0.2 E0.011516
G1 F1800 X175.423588 Y144.356464 Z0.2 E0.011516
G1 F1800 X175.723511 Y144.363261 Z0.2 E0.011516
G1 F1800 X176.023434 Y144.370059 Z0.2 E0.011516
G1 F1800 X176.323357 Y144.376856 Z0.2 E0.011516
G1 F1800 X176.62328 Y144.383653 Z0.2 E0.011516
G1 F1800 X176.923203 Y144.39045 Z0.2 E0.011516
G1 F1800 X177.223126 Y144.397247 Z0.2 E0.011516
G1 F1800 X177.523049 Y144.404044 Z0.2 E0.011516
G1 F1800 X177.822972 Y144.410841 Z0.2 E0.011516
G1 F1800 X178.122895 Y144.417638 Z0.2 E0.011516
G1 F1800 X178.422818 Y144.424436 Z0.2 E0.011516
G1 F1800 X178.722741 Y144.431233 Z0.2 E0.011516
G1 F1800 X179.022664 Y144.43803 Z0.2 E0.011516
G1 F1800 X179.322587 Y144.444827 Z0.2 E0.011516
G1 F1800 X179.62251 Y144.451624 Z0.2 E0.011516
G1 F1800 X179.922433 Y144.458421 Z0.2 E0.011516
G1 F1800 X180.222356 Y144.465218 Z0.2 E0.011516
G1 F1800 X180.522279 Y144.472015 Z0.2 E0.011516
G1 F1800 X180.822202 Y144.478813 Z0.2 E0.011516
G1 F1800 X181.122125 Y144.48561 Z0.2 E0.011516
G1 F1800 X181.422048 Y144.492407 Z0.2 E0.011516
G1 F1800 X181.721971 Y144.499204 Z0.2 E0.011516
G1 F1800 X182.021894 Y144.506001 Z0.2 E0.011516
G1 F1800 X182.321817 Y144.512798 Z0.2 E0.011516
G1 F1800 X182.62174 Y144.519595 Z0.2 E0.011516
G1 F1800 X182.921663 Y144.526392 Z0.2 E0.011516
G1 F1800 X183.221586 Y144.53319 Z0.2 E0.004045
G1 F1800 X183.228753 Y144.428063 Z0.2 E0.011516
G1 F1800 X183.00079 Y144.233042 Z0.2 E0.011516
G1 F1800 X182.772828 Y144.038022 Z0.2 E0.011516
G1 F1800 X182.544865 Y143.843002 Z0.2 E0.011516
G1 F1800 X182.316902 Y143.647981 Z0.2 E0.011516
G1 F1800 X182.088939 Y143.452961 Z0.2 E0.011516
G1 F1800 X181.860976 Y143.257941 Z0.2 E0.011516
G1 F1800 X181.633013 Y143.062921 Z0.2 E0.011516
G1 F1800 X181.40505 Y142.8679 Z0.2 E0.011516
G1 F1800 X181.177087 Y142.67288 Z0.2 E0.011516
G1 F1800 X180.949124 Y142.47786 Z0.2 E0.011516
G1 F1800 X180.721161 Y142.282839 Z0.2 E0.011516
G1 F1800 X180.493199 Y142.087819 Z0.2 E0.011516
G1 F1800 X180.265236 Y141.892799 Z0.2 E0.011516
G1 F1800 X180.037273 Y141.697779 Z0.2 E0.011516
G1 F1800 X179.80931 Y141.502758 Z0.2 E0.011516
G1 F1800 X179.581347 Y141.307738 Z0.2 E0.011516
G1 F1800 X179.353384 Y141.112718 Z0.2 E0.011516
G1 F1800 X179.125421 Y140.917697 Z0.2 E0.011516
G1 F1800 X178.897458 Y140.722677 Z0.2 E0.011516
G1 F1800 X178.669495 Y140.527657 Z0.2 E0.011516
G1 F1800 X178.441532 Y140.332637 Z0.2 E0.011516
G1 F1800 X178.213569 Y140.137616 Z0.2 E0.011516
G1 F1800 X177.985607 Y139.942596 Z0.2 E0.011516
G1 F1800 X177.757644 Y139.747576 Z0.2 E0.011516
G1 F1800 X177.529681 Y139.552555 Z0.2 E0.011516
G1 F1800 X177.301718 Y139.357535 Z0.2 E0.011516
G1 F1800 X177.073755 Y139.162515 Z0.2 E0.011516
G1 F1800 X176.845792 Y138.967495 Z0.2 E0.011516
G1 F1800 X176.617829 Y138.772474 Z0.2 E0.011516
G1 F1800 X176.389866 Y138.577454 Z0.2 E0.011516
G1 F1800 X176.161903 Y138.382434 Z0.2 E0.011516
G1 F1800 X175.93394 Y138.187413 Z0.2 E0.011516
G1 F1800 X175.705977 Y137.992393 Z0.2 E0.011516
G1 F1800 X175.478015 Y137.797373 Z0.2 E0.011516
G1 F1800 X175.250052 Y137.602352 Z0.2 E0.011516
G1 F1800 X175.022089 Y137.407332 Z0.2 E0.011516
G1 F1800 X174.794126 Y137.212312 Z0.2 E0.011516
G1 F1800 X174.566163 Y137.017292 Z0.2 E0.011516
G1 F1800 X174.3382 Y136.822271 Z0.2 E0.011516
G1 F1800 X174.110237 Y136.627251 Z0.2 E0.011516
G1 F1800 X173.882274 Y136.432231 Z0.2 E0.011516
G1 F1800 X173.654311 Y136.23721 Z0.2 E0.011516
G1 F1800 X173.426348 Y136.04219 Z0.2 E0.011516
G1 F1800 X173.198386 Y135.84717 Z0.2 E0.011516
G1 F1800 X172.970423 Y135.65215 Z0.2 E0.011516
G1 F1800 X172.74246 Y135.457129 Z0.2 E0.011516
G1 F1800 X172.514497 Y135.262109 Z0.2 E0.011516
G1 F1800 X172.286534 Y135.067089 Z0.2 E0.011516
G1 F1800 X172.058571 Y134.872068 Z0.2 E0.011516
G1 F1800 X171.830608 Y134.677048 Z0.2 E0.011516
G1 F1800 X171.602645 Y134.482028 Z0.2 E0.011516
G1 F1800 X171.374682 Y134.287008 Z0.2 E0.011516
G1 F1800 X171.146719 Y134.091987 Z0.2 E0.011516
G1 F1800 X170.918756 Y133.896967 Z0.2 E0.011516
G1 F1800 X170.690794 Y133.701947 Z0.2 E0.011516
G1 F1800 X170.462831 Y133.506926 Z0.2 E0.011516
G1 F1800 X170.234868 Y133.311906 Z0.2 E0.011516
G1 F1800 X170.006905 Y133.116886 Z0.2 E0.011516
G1 F1800 X169.778942 Y132.921866 Z0.2 E0.011516
G1 F1800 X169.550979 Y132.726845 Z0.2 E0.011516
G1 F1800 X169.323016 Y132.531825 Z0.2 E0.011516
G1 F1800 X169.095053 Y132.336805 Z0.2 E0.011516
G1 F1800 X168.86709 Y132.141784 Z0.2 E0.011516
G1 F1800 X168.639127 Y131.946764 Z0.2 E0.011516
G1 F1800 X168.411164 Y131.751744 Z0.2 E0.011516
G1 F1800 X168.183202 Y131.556724 Z0.2 E0.011516
G1 F1800 X167.955239 Y131.361703 Z0.2 E0.011516
G1 F1800 X167.727276 Y131.166683 Z0.2 E0.011516
G1 F1800 X167.499313 Y130.971663 Z0.2 E0.011516
G1 F1800 X167.27135 Y130.776642 Z0.2 E0.011516
G1 F1800 X167.043387 Y130.581622 Z0.2 E0.011516
G1 F1800 X166.815424 Y130.386602 Z0.2 E0.011516
G1 F1800 X166.587461 Y130.191581 Z0.2 E0.011516
G1 F1800 X166.359498 Y129.996561 Z0.2 E0.011516
G1 F1800 X166.131535 Y129.801541 Z0.2 E0.011516
G1 F1800 X165.903573 Y129.606521 Z0.2 E0.011516
G1 F1800 X165.67561 Y129.4115 Z0.2 E0.011516
G1 F1800 X165.447647 Y129.21648 Z0.2 E0.011516
G1 F1800 X165.219684 Y129.02146 Z0.2 E0.011516
G1 F1800 X164.991721 Y128.826439 Z0.2 E0.011516
G1 F1800 X164.763758 Y128.631419 Z0.2 E0.011516
G1 F1800 X164.535795 Y128.436399 Z0.2 E0.011516
G1 F1800 X164.307832 Y128.241379 Z0.2 E0.011516
G1 F1800 X164.079869 Y128.046358 Z0.2 E0.011516
G1 F1800 X163.851906 Y127.851338 Z0.2 E0.011516
G1 F1800 X163.623943 Y127.656318 Z0.2 E0.011516
G1 F1800 X163.395981 Y127.461297 Z0.2 E0.011516
G1 F1800 X163.168018 Y127.266277 Z0.2 E0.011516
G1 F1800 X162.940055 Y127.071257 Z0.2 E0.011516
G1 F1800 X162.712092 Y126.876237 Z0.2 E0.011516
G1 F1800 X162.484129 Y126.681216 Z0.2 E0.011516
G1 F1800 X162.256166 Y126.486196 Z0.2 E0.011516
G1 F1800 X162.028203 Y126.291176 Z0.2 E0.011516
G1 F1800 X161.80024 Y126.096155 Z0.2 E0.011516
G1 F1800 X161.572277 Y125.901135 Z0.2 E0.011516
G1 F1800 X161.344314 Y125.706115 Z0.2 E0.011516
G1 F1800 X161.116351 Y125.511095 Z0.2 E0.011516
G1 F1800 X160.888389 Y125.316074 Z0.2 E0.011516
G1 F1800 X160.660426 Y125.121054 Z0.2 E0.011516
G1 F1800 X160.432463 Y124.926034 Z0.2 E0.011516
G1 F1800 X160.2045 Y124.731013 Z0.2 E0.011516
G1 F1800 X159.976537 Y124.535993 Z0.2 E0.011516
G1 F1800 X159.748574 Y124.340973 Z0.2 E0.011516
G1 F1800 X159.520611 Y124.145953 Z0.2 E0.011516
G1 F1800 X159.292648 Y123.950932 Z0.2 E0.011516
G1 F1800 X159.064685 Y123.755912 Z0.2 E0.011516
G1 F1800 X158.836722 Y123.560892 Z0.2 E0.011516
G1 F1800 X158.60876 Y123.365871 Z0.2 E0.011516
G1 F1800 X158.380797 Y123.170851 Z0.2 E0.011516
G1 F1800 X158.152834 Y122.975831 Z0.2 E0.011516
G1 F1800 X157.924871 Y122.78081 Z0.2 E0.011516
G1 F1800 X157.696908 Y122.58579 Z0.2 E0.011516
G1 F1800 X157.468945 Y122.39077 Z0.2 E0.011516
G1 F1800 X157.240982 Y122.19575 Z0.2 E0.011516
G1 F1800 X157.013019 Y122.000729 Z0.2 E0.011516
G1 F1800 X156.785056 Y121.805709 Z0.2 E0.011516
G1 F1800 X156.557093 Y121.610689 Z0.2 E0.011516
G1 F1800 X156.32913 Y121.415668 Z0.2 E0.011516
G1 F1800 X156.101168 Y121.220648 Z0.2 E0.011516
G1 F1800 X155.873205 Y121.025628 Z0.2 E0.011516
G1 F1800 X155.645242 Y120.830608 Z0.2 E0.011516
G1 F1800 X155.417279 Y120.635587 Z0.2 E0.011516
G1 F1800 X155.189316 Y120.440567 Z0.2 E0.011516
G1 F1800 X154.961353 Y120.245547 Z0.2 E0.011516
G1 F1800 X154.73339 Y120.050526 Z0.2 E0.011516
G1 F1800 X154.505427 Y119.855506 Z0.2 E0.011516
G1 F1800 X154.277464 Y119.660486 Z0.2 E0.011516
G1 F1800 X154.049501 Y119.465466 Z0.2 E0.011516
G1 F1800 X153.821538 Y119.270445 Z0.2 E0.011516
G1 F1800 X153.593576 Y119.075425 Z0.2 E0.011516
G1 F1800 X153.365613 Y118.880405 Z0.2 E0.011516
G1 F1800 X153.13765 Y118.685384 Z0.2 E0.011516
G1 F1800 X152.909687 Y118.490364 Z0.2 E0.011516
G1 F1800 X152.681724 Y118.295344 Z0.2 E0.011516
G1 F1800 X152.453761 Y118.100324 Z0.2 E0.011516
G1 F1800 X152.225798 Y117.905303 Z0.2 E0.011516
G1 F1800 X151.997835 Y117.710283 Z0.2 E0.011516
G1 F1800 X151.769872 Y117.515263 Z0.2 E0.011516
G1 F1800 X151.541909 Y117.320242 Z0.2 E0.011516
G1 F1800 X151.313947 Y117.125222 Z0.2 E0.011516
G1 F1800 X151.085984 Y116.930202 Z0.2 E0.011516
G1 F1800 X150.858021 Y116.735181 Z0.2 E0.011516
G1 F1800 X150.630058 Y116.540161 Z0.2 E0.011516
G1 F1800 X150.402095 Y116.345141 Z0.2 E0.011516
G1 F1800 X150.174132 Y116.150121 Z0.2 E0.011516
G1 F1800 X149.946169 Y115.9551 Z0.2 E0.011516
G1 F1800 X149.718206 Y115.76008 Z0.2 E0.011516
G1 F1800 X149.490243 Y115.56506 Z0.2 E0.011516
G1 F1800 X149.26228 Y115.370039 Z0.2 E0.011516
G1 F1800 X149.034317 Y115.175019 Z0.2 E0.011516
G1 F1800 X148.806355 Y114.979999 Z0.2 E0.011516
G1 F1800 X148.578392 Y114.784979 Z0.2 E0.011516
G1 F1800 X148.350429 Y114.589958 Z0.2 E0.011516
G1 F1800 X148.122466 Y114.394938 Z0.2 E0.011516
G1 F1800 X147.894503 Y114.199918 Z0.2 E0.011516
G1 F1800 X147.66654 Y114.004897 Z0.2 E0.011516
G1 F1800 X147.438577 Y113.809877 Z0.2 E0.011516
G1 F1800 X147.210614 Y113.614857 Z0.2 E0.011516
G1 F1800 X146.982651 Y113.419837 Z0.2 E0.011516
G1 F1800 X146.754688 Y113.224816 Z0.2 E0.011516
G1 F1800 X146.526725 Y113.029796 Z0.2 E0.011516
G1 F1800 X146.298763 Y112.834776 Z0.2 E0.011516
G1 F1800 X146.0708 Y112.639755 Z0.2 E0.011516
G1 F1800 X145.842837 Y112.444735 Z0.2 E0.011516
G1 F1800 X145.614874 Y112.249715 Z0.2 E0.011516
G1 F1800 X145.386911 Y112.054695 Z0.2 E0.011516
G1 F1800 X145.158948 Y111.859674 Z0.2 E0.011516
G1 F1800 X144.930985 Y111.664654 Z0.2 E0.011516
G1 F1800 X144.703022 Y111.469634 Z0.2 E0.011516
G1 F1800 X144.475059 Y111.274613 Z0.2 E0.011516
G1 F1800 X144.247096 Y111.079593 Z0.2 E0.011516
G1 F1800 X144.019134 Y110.884573 Z0.2 E0.011516
G1 F1800 X143.791171 Y110.689553 Z0.2 E0.011516
G1 F1800 X143.563208 Y110.494532 Z0.2 E0.011516
G1 F1800 X143.335245 Y110.299512 Z0.2 E0.011516
G1 F1800 X143.107282 Y110.104492 Z0.2 E0.011516
G1 F1800 X142.879319 Y109.909471 Z0.2 E0.011516
G1 F1800 X142.651356 Y109.714451 Z0.2 E0.011516
G1 F1800 X142.423393 Y109.519431 Z0.2 E0.011516
G1 F1800 X142.19543 Y109.32441 Z0.2 E0.011516
G1 F1800 X141.967467 Y109.12939 Z0.2 E0.011516
G1 F1800 X141.739504 Y108.93437 Z0.2 E0.011516
G1 F1800 X141.511542 Y108.73935 Z0.2 E0.011516
G1 F1800 X141.283579 Y108.544329 Z0.2 E0.011516
G1 F1800 X141.055616 Y108.349309 Z0.2 E0.011516
G1 F1800 X140.827653 Y108.154289 Z0.2 E0.011516
G1 F1800 X140.59969 Y107.959268 Z0.2 E0.011516
G1 F1800 X140.371727 Y107.764248 Z0.2 E0.011516
G1 F1800 X140.143764 Y107.569228 Z0.2 E0.011516
G1 F1800 X139.915801 Y107.374208 Z0.2 E0.011516
G1 F1800 X139.687838 Y107.179187 Z0.2 E0.011516
G1 F1800 X139.459875 Y106.984167 Z0.2 E0.011516
G1 F1800 X139.231912 Y106.789147 Z0.2 E0.011516
G1 F1800 X139.00395 Y106.594126 Z0.2 E0.011516
G1 F1800 X138.775987 Y106.399106 Z0.2 E0.011516
G1 F1800 X138.548024 Y106.204086 Z0.2 E0.011516
G1 F1800 X138.320061 Y106.009066 Z0.2 E0.011516
G1 F1800 X138.092098 Y105.814045 Z0.2 E0.011516
G1 F1800 X137.864135 Y105.619025 Z0.2 E0.011516
G1 F1800 X137.636172 Y105.424005 Z0.2 E0.011516
G1 F1800 X137.408209 Y105.228984 Z0.2 E0.011516
G1 F1800 X137.180246 Y105.033964 Z0.2 E0.011516
G1 F1800 X136.952283 Y104.838944 Z0.2 E0.011516
G1 F1800 X136.724321 Y104.643924 Z0.2 E0.011516
G1 F1800 X136.496358 Y104.448903 Z0.2 E0.011516
G1 F1800 X136.268395 Y104.253883 Z0.2 E0.011516
G1 F1800 X136.040432 Y104.058863 Z0.2 E0.011516
G1 F1800 X135.812469 Y103.863842 Z0.2 E0.011516
G1 F1800 X135.584506 Y103.668822 Z0.2 E0.011516
G1 F1800 X135.356543 Y103.473802 Z0.2 E0.011516
G1 F1800 X135.12858 Y103.278782 Z0.2 E0.011516
G1 F1800 X134.900617 Y103.083761 Z0.2 E0.011516
G1 F1800 X134.672654 Y102.888741 Z0.2 E0.011516
G1 F1800 X134.444691 Y102.693721 Z0.2 E0.011516
G1 F1800 X134.216729 Y102.4987 Z0.2 E0.011516
G1 F1800 X133.988766 Y102.30368 Z0.2 E0.011516
G1 F1800 X133.760803 Y102.10866 Z0.2 E0.011516
G1 F1800 X133.53284 Y101.913639 Z0.2 E0.011516
G1 F1800 X133.304877 Y101.718619 Z0.2 E0.011516
G1 F1800 X133.076914 Y101.523599 Z0.2 E0.011516
G1 F1800 X132.848951 Y101.328579 Z0.2 E0.011516
G1 F1800 X132.620988 Y101.133558 Z0.2 E0.011516
G1 F1800 X132.393025 Y100.938538 Z0.2 E0.011516
G1 F1800 X132.165062 Y100.743518 Z0.2 E0.011516
G1 F1800 X131.937099 Y100.548497 Z0.2 E0.011516
G1 F1800 X131.709137 Y100.353477 Z0.2 E0.011516
G1 F1800 X131.481174 Y100.158457 Z0.2 E0.011516
G1 F1800 X131.253211 Y99.963437 Z0.2 E0.011516
G1 F1800 X131.025248 Y99.768416 Z0.2 E0.011516
G1 F1800 X130.797285 Y99.573396 Z0.2 E0.011516
G1 F1800 X130.569322 Y99.378376 Z0.2 E0.011516
G1 F1800 X130.341359 Y99.183355 Z0.2 E0.011516
G1 F1800 X130.113396 Y98.988335 Z0.2 E0.011516
G1 F1800 X129.885433 Y98.793315 Z0.2 E0.011516
G1 F1800 X129.65747 Y98.598295 Z0.2 E0.011516
G1 F1800 X129.429508 Y98.403274 Z0.2 E0.011516
G1 F1800 X129.201545 Y98.208254 Z0.2 E0.011516
G1 F1800 X128.973582 Y98.013234 Z0.2 E0.011516
G1 F1800 X128.745619 Y97.818213 Z0.2 E0.011516
G1 F1800 X128.517656 Y97.623193 Z0.2 E0.011516
G1 F1800 X128.289693 Y97.428173 Z0.2 E0.011516
G1 F1800 X128.06173 Y97.233153 Z0.2 E0.011516
G1 F1800 X127.833767 Y97.038132 Z0.2 E0.011516
G1 F1800 X127.605804 Y96.843112 Z0.2 E0.011516
G1 F1800 X127.377841 Y96.648092 Z0.2 E0.011516
G1 F1800 X127.149878 Y96.453071 Z0.2 E0.011516
G1 F1800 X126.921916 Y96.258051 Z0.2 E0.011516
G1 F1800 X126.693953 Y96.063031 Z0.2 E0.011516
G1 F1800 X126.46599 Y95.86801 Z0.2 E0.011516
G1 F1800 X126.238027 Y95.67299 Z0.2 E0.011516
G1 F1800 X126.010064 Y95.47797 Z0.2 E0.011516
G1 F1800 X125.782101 Y95.28295 Z0.2 E0.011516
G1 F1800 X125.554138 Y95.087929 Z0.2 E0.011516
G1 F1800 X125.326175 Y94.892909 Z0.2 E0.011516
G1 F1800 X125.098212 Y94.697889 Z0.2 E0.011516
G1 F1800 X124.870249 Y94.502868 Z0.2 E0.011516
G1 F1800 X124.642286 Y94.307848 Z0.2 E0.011516
G1 F1800 X124.414324 Y94.112828 Z0.2 E0.011516
G1 F1800 X124.186361 Y93.917808 Z0.2 E0.011516
G1 F1800 X123.958398 Y93.722787 Z0.2 E0.011516
G1 F1800 X123.730435 Y93.527767 Z0.2 E0.011516
G1 F1800 X123.502472 Y93.332747 Z0.2 E0.011516
G1 F1800 X123.274509 Y93.137726 Z0.2 E0.011516
G1 F1800 X123.046546 Y92.942706 Z0.2 E0.011516
G1 F1800 X122.818583 Y92.747686 Z0.2 E0.011516
G1 F1800 X122.59062 Y92.552666 Z0.2 E0.011516
G1 F1800 X122.362657 Y92.357645 Z0.2 E0.011516
G1 F1800 X122.134695 Y92.162625 Z0.2 E0.011516
G1 F1800 X121.906732 Y91.967605 Z0.2 E0.011516
G1 F1800 X121.678769 Y91.772584 Z0.2 E0.011516
G1 F1800 X121.450806 Y91.577564 Z0.2 E0.011516
G1 F1800 X121.222843 Y91.382544 Z0.2 E0.011516
G1 F1800 X120.99488 Y91.187524 Z0.2 E0.011516
G1 F1800 X120.766917 Y90.992503 Z0.2 E0.011516
G1 F1800 X120.538954 Y90.797483 Z0.2 E0.011516
G1 F1800 X120.310991 Y90.602463 Z0.2 E0.011516
G1 F1800 X120.083028 Y90.407442 Z0.2 E0.011516
G1 F1800 X119.855065 Y90.212422 Z0.2 E0.011516
G1 F1800 X119.627103 Y90.017402 Z0.2 E0.011516
G1 F1800 X119.39914 Y89.822382 Z0.2 E0.011516
G1 F1800 X119.171177 Y89.627361 Z0.2 E0.011516
G1 F1800 X118.943214 Y89.432341 Z0.2 E0.011516
G1 F1800 X118.715251 Y89.237321 Z0.2 E0.011516
G1 F1800 X118.487288 Y89.0423 Z0.2 E0.011516
G1 F1800 X118.259325 Y88.84728 Z0.2 E0.011516
G1 F1800 X118.031362 Y88.65226 Z0.2 E0.011516
G1 F1800 X117.803399 Y88.457239 Z0.2 E0.011516
G1 F1800 X117.575436 Y88.262219 Z0.2 E0.011516
G1 F1800 X117.347473 Y88.067199 Z0.2 E0.011516
G1 F1800 X117.119511 Y87.872179 Z0.2 E0.011516
G1 F1800 X116.891548 Y87.677158 Z0.2 E0.011516
G1 F1800 X116.663585 Y87.482138 Z0.2 E0.011516
G1 F1800 X116.435622 Y87.287118 Z0.2 E0.011516
G1 F1800 X116.207659 Y87.092097 Z0.2 E0.011516
G1 F1800 X115.979696 Y86.897077 Z0.2 E0.011516
G1 F1800 X115.751733 Y86.702057 Z0.2 E0.011516
G1 F1800 X115.52377 Y86.507037 Z0.2 E0.011516
G1 F1800 X115.295807 Y86.312016 Z0.2 E0.011516
G1 F1800 X115.067844 Y86.116996 Z0.2 E0.011516
G1 F1800 X114.839882 Y85.921976 Z0.2 E0.011516
G1 F1800 X114.611919 Y85.726955 Z0.2 E0.011516
G1 F1800 X114.383956 Y85.531935 Z0.2 E0.011516
G1 F1800 X114.155993 Y85.336915 Z0.2 E0.011516
G1 F1800 X113.92803 Y85.141895 Z0.2 E0.011516
G1 F1800 X113.700067 Y84.946874 Z0.2 E0.011516
G1 F1800 X113.472104 Y84.751854 Z0.2 E0.011516
G1 F1800 X113.244141 Y84.556834 Z0.2 E0.011516
G1 F1800 X113.016178 Y84.361813 Z0.2 E0.011516
G1 F1800 X112.788215 Y84.166793 Z0.2 E0.011516
G1 F1800 X112.560252 Y83.971773 Z0.2 E0.011516
G1 F1800 X112.33229 Y83.776753 Z0.2 E0.011516
G1 F1800 X112.104327 Y83.581732 Z0.2 E0.011516
G1 F1800 X111.876364 Y83.386712 Z0.2 E0.011516
G1 F1800 X111.648401 Y83.191692 Z0.2 E0.011516
G1 F1800 X111.420438 Y82.996671 Z0.2 E0.011516
G1 F1800 X111.192475 Y82.801651 Z0.2 E0.011516
G1 F1800 X110.964512 Y82.606631 Z0.2 E0.011516
G1 F1800 X110.736549 Y82.411611 Z0.2 E0.011516
G1 F1800 X110.508586 Y82.21659 Z0.2 E0.011516
G1 F1800 X110.280623 Y82.02157 Z0.2 E0.011516
G1 F1800 X110.05266 Y81.82655 Z0.2 E0.011516
G1 F1800 X109.824698 Y81.631529 Z0.2 E0.011516
G1 F1800 X109.596735 Y81.436509 Z0.2 E0.011516
G1 F1800 X109.368772 Y81.241489 Z0.2 E0.011516
G1 F1800 X109.140809 Y81.046468 Z0.2 E0.011516
G1 F1800 X108.912846 Y80.851448 Z0.2 E0.011516
G1 F1800 X108.684883 Y80.656428 Z0.2 E0.011516
G1 F1800 X108.45692 Y80.461408 Z0.2 E0.011516
G1 F1800 X108.228957 Y80.266387 Z0.2 E0.011516
G1 F1800 X108.000994 Y80.071367 Z0.2 E0.011516
G1 F1800 X107.773031 Y79.876347 Z0.2 E0.011516
G1 F1800 X107.545069 Y79.681326 Z0.2 E0.011516
G1 F1800 X107.317106 Y79.486306 Z0.2 E0.011516
G1 F1800 X107.089143 Y79.291286 Z0.2 E0.011516
G1 F1800 X106.86118 Y79.096266 Z0.2 E0.011516
G1 F1800 X106.633217 Y78.901245 Z0.2 E0.011516
G1 F1800 X106.405254 Y78.706225 Z0.2 E0.011516
G1 F1800 X106.177291 Y78.511205 Z0.2 E0.011516
G1 F1800 X105.949328 Y78.316184 Z0.2 E0.011516
G1 F1800 X105.721365 Y78.121164 Z0.2 E0.011516
G1 F1800 X105.493402 Y77.926144 Z0.2 E0.011516
G1 F1800 X105.265439 Y77.731124 Z0.2 E0.011516
G1 F1800 X105.037477 Y77.536103 Z0.2 E0.011516
G1 F1800 X104.809514 Y77.341083 Z0.2 E0.011516
G1 F1800 X104.581551 Y77.146063 Z0.2 E0.011516
G1 F1800 X104.353588 Y76.951042 Z0.2 E0.011516
G1 F1800 X104.125625 Y76.756022 Z0.2 E0.011516
G1 F1800 X103.897662 Y76.561002 Z0.2 E0.011516
G1 F1800 X103.669699 Y76.365982 Z0.2 E0.011516
G1 F1800 X103.441736 Y76.170961 Z0.2 E0.011516
G1 F1800 X103.213773 Y75.975941 Z0.2 E0.011516
G1 F1800 X102.98581 Y75.780921 Z0.2 E0.011516
G1 F1800 X102.757847 Y75.5859 Z0.2 E0.011516
G1 F1800 X102.529885 Y75.39088 Z0.2 E0.011516
G1 F1800 X102.301922 Y75.19586 Z0.2 E0.011516
G1 F1800 X102.073959 Y75.00084 Z0.2 E0.011516
G1 F1800 X101.845996 Y74.805819 Z0.2 E0.011516
G1 F1800 X101.618033 Y74.610799 Z0.2 E0.011516
G1 F1800 X101.39007 Y74.415779 Z0.2 E0.011516
G1 F1800 X101.162107 Y74.220758 Z0.2 E0.011516
G1 F1800 X100.934144 Y74.025738 Z0.2 E0.011516
G1 F1800 X100.706181 Y73.830718 Z0.2 E0.011516
G1 F1800 X100.478218 Y73.635697 Z0.2 E0.011516
G1 F1800 X100.250256 Y73.440677 Z0.2 E0.011516
G1 F1800 X100.022293 Y73.245657 Z0.2 E0.011516
G1 F1800 X99.79433 Y73.050637 Z0.2 E0.011516
G1 F1800 X99.566367 Y72.855616 Z0.2 E0.011516
G1 F1800 X99.338404 Y72.660596 Z0.2 E0.011516
G1 F1800 X99.110441 Y72.465576 Z0.2 E0.011516
G1 F1800 X98.882478 Y72.270555 Z0.2 E0.011516
G1 F1800 X98.654515 Y72.075535 Z0.2 E0.011516
G1 F1800 X98.426552 Y71.880515 Z0.2 E0.011516
G1 F1800 X98.198589 Y71.685495 Z0.2 E0.011516
G1 F1800 X97.970626 Y71.490474 Z0.2 E0.011516
G1 F1800 X97.742664 Y71.295454 Z0.2 E0.011516
G1 F1800 X97.514701 Y71.100434 Z0.2 E0.011516
G1 F1800 X97.286738 Y70.905413 Z0.2 E0.011516
G1 F1800 X97.058775 Y70.710393 Z0.2 E0.011516
G1 F1800 X96.830812 Y70.515373 Z0.2 E0.011516
G1 F1800 X96.602849 Y70.320353 Z0.2 E0.011516
G1 F1800 X96.374886 Y70.125332 Z0.2 E0.011516
G1 F1800 X96.146923 Y69.930312 Z0.2 E0.011516
G1 F1800 X95.91896 Y69.735292 Z0.2 E0.011516
G1 F1800 X95.690997 Y69.540271 Z0.2 E0.011516
G1 F1800 X95.463034 Y69.345251 Z0.2 E0.011516
G1 F1800 X95.235072 Y69.150231 Z0.2 E0.011516
G1 F1800 X95.007109 Y68.955211 Z0.2 E0.011516
G1 F1800 X94.779146 Y68.76019 Z0.2 E0.011516
G1 F1800 X94.551183 Y68.56517 Z0.2 E0.011516
G1 F1800 X94.32322 Y68.37015 Z0.2 E0.011516
G1 F1800 X94.095257 Y68.175129 Z0.2 E0.011516
G1 F1800 X93.867294 Y67.980109 Z0.2 E0.011516
G1 F1800 X93.639331 Y67.785089 Z0.2 E0.011516
G1 F1800 X93.411368 Y67.590068 Z0.2 E0.011516
G1 F1800 X93.183405 Y67.395048 Z0.2 E0.011516
G1 F1800 X92.955443 Y67.200028 Z0.2 E0.011516
G1 F1800 X92.72748 Y67.005008 Z0.2 E0.011516
G1 F1800 X92.499517 Y66.809987 Z0.2 E0.011516
G1 F1800 X92.271554 Y66.614967 Z0.2 E0.011516
G1 F1800 X92.043591 Y66.419947 Z0.2 E0.011516
G1 F1800 X91.815628 Y66.224926 Z0.2 E0.011516
G1 F1800 X91.587665 Y66.029906 Z0.2 E0.011516
G1 F1800 X91.359702 Y65.834886 Z0.2 E0.011516
G1 F1800 X91.131739 Y65.639866 Z0.2 E0.011516
G1 F1800 X90.903776 Y65.444845 Z0.2 E0.011516
G1 F1800 X90.675813 Y65.249825 Z0.2 E0.011516
G1 F1800 X90.447851 Y65.054805 Z0.2 E0.011516
G1 F1800 X90.219888 Y64.859784 Z0.2 E0.011516
G1 F1800 X89.991925 Y64.664764 Z0.2 E0.011516
G1 F1800 X89.763962 Y64.469744 Z0.2 E0.011516
G1 F1800 X89.535999 Y64.274724 Z0.2 E0.011516
G1 F1800 X89.308036 Y64.079703 Z0.2 E0.011516
G1 F1800 X89.080073 Y63.884683 Z0.2 E0.011516
G1 F1800 X88.85211 Y63.689663 Z0.2 E0.011516
G1 F1800 X88.624147 Y63.494642 Z0.2 E0.011516
G1 F1800 X88.396184 Y63.299622 Z0.2 E0.011516
G1 F1800 X88.168221 Y63.104602 Z0.2 E0.011516
G1 F1800 X87.940259 Y62.909582 Z0.2 E0.011516
G1 F1800 X87.712296 Y62.714561 Z0.2 E0.011516
G1 F1800 X87.484333 Y62.519541 Z0.2 E0.011516
G1 F1800 X87.25637 Y62.324521 Z0.2 E0.011516
G1 F1800 X87.028407 Y62.1295 Z0.2 E0.011516
G1 F1800 X86.800444 Y61.93448 Z0.2 E0.011516
G1 F1800 X86.572481 Y61.73946 Z0.2 E0.011516
G1 F1800 X86.344518 Y61.54444 Z0.2 E0.011516
G1 F1800 X86.116555 Y61.349419 Z0.2 E0.011516
G1 F1800 X85.888592 Y61.154399 Z0.2 E0.011516
G1 F1800 X85.66063 Y60.959379 Z0.2 E0.011516
G1 F1800 X85.432667 Y60.764358 Z0.2 E0.011516
G1 F1800 X85.204704 Y60.569338 Z0.2 E0.011516
G1 F1800 X84.976741 Y60.374318 Z0.2 E0.011516
G1 F1800 X84.748778 Y60.179297 Z0.2 E0.011516
G1 F1800 X84.520815 Y59.984277 Z0.2 E0.011516
G1 F1800 X84.292852 Y59.789257 Z0.2 E0.011516
G1 F1800 X84.064889 Y59.594237 Z0.2 E0.011516
G1 F1800 X83.836926 Y59.399216 Z0.2 E0.011516
G1 F1800 X83.608963 Y59.204196 Z0.2 E0.011516
G1 F1800 X83.381 Y59.009176 Z0.2 E0.011516
G1 F1800 X83.153038 Y58.814155 Z0.2 E0.011516
G1 F1800 X82.925075 Y58.619135 Z0.2 E0.011516
G1 F1800 X82.697112 Y58.424115 Z0.2 E0.011516
G1 F1800 X82.469149 Y58.229095 Z0.2 E0.011516
G1 F1800 X82.241186 Y58.034074 Z0.2 E0.011516
G1 F1800 X82.013223 Y57.839054 Z0.2 E0.011516
G1 F1800 X81.78526 Y57.644034 Z0.2 E0.011516
G1 F1800 X81.557297 Y57.449013 Z0.2 E0.011516
G1 F1800 X81.329334 Y57.253993 Z0.2 E0.011516
G1 F1800 X81.101371 Y57.058973 Z0.2 E0.011516
G1 F1800 X80.873408 Y56.863953 Z0.2 E0.011516
G1 F1800 X80.645446 Y56.668932 Z0.2 E0.011516
G1 F1800 X80.417483 Y56.473912 Z0.2 E0.011516
G1 F1800 X80.18952 Y56.278892 Z0.2 E0.011516
G1 F1800 X79.961557 Y56.083871 Z0.2 E0.011516
G1 F1800 X79.733594 Y55.888851 Z0.2 E0.011516
G1 F1800 X79.505631 Y55.693831 Z0.2 E0.011516
G1 F1800 X79.277668 Y55.498811 Z0.2 E0.011516
G1 F1800 X79.049705 Y55.30379 Z0.2 E0.011516
G1 F1800 X78.821742 Y55.10877 Z0.2 E0.011516
G1 F1800 X78.593779 Y54.91375 Z0.2 E0.011516
G1 F1800 X78.365817 Y54.718729 Z0.2 E0.011516
G1 F1800 X78.137854 Y54.523709 Z0.2 E0.011516
G1 F1800 X77.909891 Y54.328689 Z0.2 E0.011516
G1 F1800 X77.681928 Y54.133669 Z0.2 E0.011516
G1 F1800 X77.453965 Y53.938648 Z0.2 E0.011516
G1 F1800 X77.226002 Y53.743628 Z0.2 E0.011516
G1 F1800 X76.998039 Y53.548608 Z0.2 E0.011516
G1 F1800 X76.770076 Y53.353587 Z0.2 E0.011516
G1 F1800 X76.542113 Y53.158567 Z0.2 E0.011516
G1 F1800 X76.31415 Y52.963547 Z0.2 E0.011516
G1 F1800 X76.086187 Y52.768526 Z0.2 E0.011516
G1 F1800 X75.858225 Y52.573506 Z0.2 E0.011516
G1 F1800 X75.630262 Y52.378486 Z0.2 E0.011516
G1 F1800 X75.402299 Y52.183466 Z0.2 E0.011516
G1 F1800 X75.174336 Y51.988445 Z0.2 E0.011516
G1 F1800 X74.946373 Y51.793425 Z0.2 E0.011516
G1 F1800 X74.71841 Y51.598405 Z0.2 E0.011516
G1 F1800 X74.490447 Y51.403384 Z0.2 E0.011516
G1 F1800 X74.262484 Y51.208364 Z0.2 E0.011516
G1 F1800 X74.034521 Y51.013344 Z0.2 E0.011516
G1 F1800 X73.806558 Y50.818324 Z0.2 E0.011516
G1 F1800 X73.578595 Y50.623303 Z0.2 E0.011516
G1 F1800 X73.350633 Y50.428283 Z0.2 E0.011516
G1 F1800 X73.12267 Y50.233263 Z0.2 E0.011516
G1 F1800 X72.894707 Y50.038242 Z0.2 E0.011516
G1 F1800 X72.666744 Y49.843222 Z0.2 E0.011516
G1 F1800 X72.438781 Y49.648202 Z0.2 E0.011516
G1 F1800 X72.210818 Y49.453182 Z0.2 E0.011516
G1 F1800 X71.982855 Y49.258161 Z0.2 E0.011516
G1 F1800 X71.754892 Y49.063141 Z0.2 E0.011516
G1 F1800 X71.526929 Y48.868121 Z0.2 E0.011516
G1 F1800 X71.298966 Y48.6731 Z0.2 E0.011516
G1 F1800 X71.071004 Y48.47808 Z0.2 E0.011516
G1 F1800 X70.843041 Y48.28306 Z0.2 E0.011516
G1 F1800 X70.615078 Y48.08804 Z0.2 E0.011516
G1 F1800 X70.387115 Y47.893019 Z0.2 E0.011516
G1 F1800 X70.159152 Y47.697999 Z0.2 E0.010304
G1 F1800 X69.950049 Y47.529687 Z0.2 E0.011516
G1 F1800 X70.057559 Y47.809762 Z0.2 E0.011516
G1 F1800 X70.165069 Y48.089836 Z0.2 E0.011516
G1 F1800 X70.272579 Y48.36991 Z0.2 E0.011516
G1 F1800 X70.380089 Y48.649984 Z0.2 E0.011516
G1 F1800 X70.487599 Y48.930059 Z0.2 E0.011516
G1 F1800 X70.595109 Y49.210133 Z0.2 E0.011516
G1 F1800 X70.70262 Y49.490207 Z0.2 E0.011516
G1 F1800 X70.81013 Y49.770281 Z0.2 E0.011516
G1 F1800 X70.91764 Y50.050355 Z0.2 E0.011516
G1 F1800 X71.02515 Y50.33043 Z0.2 E0.011516
G1 F1800 X71.13266 Y50.610504 Z0.2 E0.011516
G1 F1800 X71.24017 Y50.890578 Z0.2 E0.011516
G1 F1800 X71.347681 Y51.170652 Z0.2 E0.011516
G1 F1800 X71.455191 Y51.450726 Z0.2 E0.011516
G1 F1800 X71.562701 Y51.730801 Z0.2 E0.011516
G1 F1800 X71.670211 Y52.010875 Z0.2 E0.011516
G1 F1800 X71.777721 Y52.290949 Z0.2 E0.011516
G1 F1800 X71.885231 Y52.571023 Z0.2 E0.011516
G1 F1800 X71.992741 Y52.851098 Z0.2 E0.011516
G1 F1800 X72.100252 Y53.131172 Z0.2 E0.011516
G1 F1800 X72.207762 Y53.411246 Z0.2 E0.011516
G1 F1800 X72.315272 Y53.69132 Z0.2 E0.011516
G1 F1800 X72.422782 Y53.971394 Z0.2 E0.011516
G1 F1800 X72.530292 Y54.251469 Z0.2 E0.011516
G1 F1800 X72.637802 Y54.531543 Z0.2 E0.011516
G1 F1800 X72.745312 Y54.811617 Z0.2 E0.011516
G1 F1800 X72.852823 Y55.091691 Z0.2 E0.011516
G1 F1800 X72.960333 Y55.371766 Z0.2 E0.011516
G1 F1800 X73.067843 Y55.65184 Z0.2 E0.011516
G1 F1800 X73.175353 Y55.931914 Z0.2 E0.011516
G1 F1800 X73.282863 Y56.211988 Z0.2 E0.011516
G1 F1800 X73.390373 Y56.492062 Z0.2 E0.011516
G1 F1800 X73.497884 Y56.772137 Z0.2 E0.011516
G1 F1800 X73.605394 Y57.052211 Z0.2 E0.011516
G1 F1800 X73.712904 Y57.332285 Z0.2 E0.011516
G1 F1800 X73.820414 Y57.612359 Z0.2 E0.011516
G1 F1800 X73.927924 Y57.892433 Z0.2 E0.011516
G1 F1800 X74.035434 Y58.172508 Z0.2 E0.011516
G1 F1800 X74.142944 Y58.452582 Z0.2 E0.011516
G1 F1800 X74.250455 Y58.732656 Z0.2 E0.011516
G1 F1800 X74.357965 Y59.01273 Z0.2 E0.011516
G1 F1800 X74.465475 Y59.292805 Z0.2 E0.011516
G1 F1800 X74.572985 Y59.572879 Z0.2 E0.011516
G1 F1800 X74.680495 Y59.852953 Z0.2 E0.011516
G1 F1800 X74.788005 Y60.133027 Z0.2 E0.011516
G1 F1800 X74.895516 Y60.413101 Z0.2 E0.011516
G1 F1800 X75.003026 Y60.693176 Z0.2 E0.011516
G1 F1800 X75.110536 Y60.97325 Z0.2 E0.011516
G1 F1800 X75.218046 Y61.253324 Z0.2 E0.011516
G1 F1800 X75.325556 Y61.533398 Z0.2 E0.011516
G1 F1800 X75.433066 Y61.813473 Z0.2 E0.011516
G1 F1800 X75.540576 Y62.093547 Z0.2 E0.011516
G1 F1800 X75.648087 Y62.373621 Z0.2 E0.011516
G1 F1800 X75.755597 Y62.653695 Z0.2 E0.011516
G1 F1800 X75.863107 Y62.933769 Z0.2 E0.011516
G1 F1800 X75.970617 Y63.213844 Z0.2 E0.011516
G1 F1800 X76.078127 Y63.493918 Z0.2 E0.011516
G1 F1800 X76.185637 Y63.773992 Z0.2 E0.011516
G1 F1800 X76.293148 Y64.054066 Z0.2 E0.011516
G1 F1800 X76.400658 Y64.33414 Z0.2 E0.011516
G1 F1800 X76.508168 Y64.614215 Z0.2 E0.011516
G1 F1800 X76.615678 Y64.894289 Z0.2 E0.011516
G1 F1800 X76.723188 Y65.174363 Z0.2 E0.011516
G1 F1800 X76.830698 Y65.454437 Z0.2 E0.011516
G1 F1800 X76.938208 Y65.734512 Z0.2 E0.011516
G1 F1800 X77.045719 Y66.014586 Z0.2 E0.011516
G1 F1800 X77.153229 Y66.29466 Z0.2 E0.011516
G1 F1800 X77.260739 Y66.574734 Z0.2 E0.011516
G1 F1800 X77.368249 Y66.854808 Z0.2 E0.011516
G1 F1800 X77.475759 Y67.134883 Z0.2 E0.011516
G1 F1800 X77.583269 Y67.414957 Z0.2 E0.011516
G1 F1800 X77.690779 Y67.695031 Z0.2 E0.011516
G1 F1800 X77.79829 Y67.975105 Z0.2 E0.011516
G1 F1800 X77.9058 Y68.25518 Z0.2 E0.011516
G1 F1800 X78.01331 Y68.535254 Z0.2 E0.011516
G1 F1800 X78.12082 Y68.815328 Z0.2 E0.011516
G1 F1800 X78.22833 Y69.095402 Z0.2 E0.011516
G1 F1800 X78.33584 Y69.375476 Z0.2 E0.011516
G1 F1800 X78.443351 Y69.655551 Z0.2 E0.011516
G1 F1800 X78.550861 Y69.935625 Z0.2 E0.011516
G1 F1800 X78.658371 Y70.215699 Z0.2 E0.011516
G1 F1800 X78.765881 Y70.495773 Z0.2 E0.011516
G1 F1800 X78.873391 Y70.775847 Z0.2 E0.011516
G1 F1800 X78.980901 Y71.055922 Z0.2 E0.011516
G1 F1800 X79.088411 Y71.335996 Z0.2 E0.011516
G1 F1800 X79.195922 Y71.61607 Z0.2 E0.011516
G1 F1800 X79.303432 Y71.896144 Z0.2 E0.011516
G1 F1800 X79.410942 Y72.176219 Z0.2 E0.011516
G1 F1800 X79.518452 Y72.456293 Z0.2 E0.011516
G1 F1800 X79.625962 Y72.736367 Z0.2 E0.011516
G1 F1800 X79.733472 Y73.016441 Z0.2 E0.011516
G1 F1800 X79.840983 Y73.296515 Z0.2 E0.011516
G1 F1800 X79.948493 Y73.57659 Z0.2 E0.011516
G1 F1800 X80.056003 Y73.856664 Z0.2 E0.011516
G1 F1800 X80.163513 Y74.136738 Z0.2 E0.011516
G1 F1800 X80.271023 Y74.416812 Z0.2 E0.011516
G1 F1800 X80.378533 Y74.696887 Z0.2 E0.011516
G1 F1800 X80.486043 Y74.976961 Z0.2 E0.011516
G1 F1800 X80.593554 Y75.257035 Z0.2 E0.011516
G1 F1800 X80.701064 Y75.537109 Z0.2 E0.011516
G1 F1800 X80.808574 Y75.817183 Z0.2 E0.011516
G1 F1800 X80.916084 Y76.097258 Z0.2 E0.011516
G1 F1800 X81.023594 Y76.377332 Z0.2 E0.011516
G1 F1800 X81.131104 Y76.657406 Z0.2 E0.011516
G1 F1800 X81.238614 Y76.93748 Z0.2 E0.011516
G1 F1800 X81.346125 Y77.217554 Z0.2 E0.011516
G1 F1800 X81.453635 Y77.497629 Z0.2 E0.011516
G1 F1800 X81.561145 Y77.777703 Z0.2 E0.011516
G1 F1800 X81.668655 Y78.057777 Z0.2 E0.011516
G1 F1800 X81.776165 Y78.337851 Z0.2 E0.011516
G1 F1800 X81.883675 Y78.617926 Z0.2 E0.011516
G1 F1800 X81.991186 Y78.898 Z0.2 E0.011516
G1 F1800 X82.098696 Y79.178074 Z0.2 E0.011516
G1 F1800 X82.206206 Y79.458148 Z0.2 E0.011516
G1 F1800 X82.313716 Y79.738222 Z0.2 E0.011516
G1 F1800 X82.421226 Y80.018297 Z0.2 E0.011516
G1 F1800 X82.528736 Y80.298371 Z0.2 E0.011516
G1 F1800 X82.636246 Y80.578445 Z0.2 E0.011516
G1 F1800 X82.743757 Y80.858519 Z0.2 E0.011516
G1 F1800 X82.851267 Y81.138594 Z0.2 E0.011516
G1 F1800 X82.958777 Y81.418668 Z0.2 E0.011516
G1 F1800 X83.066287 Y81.698742 Z0.2 E0.011516
G1 F1800 X83.173797 Y81.978816 Z0.2 E0.011516
G1 F1800 X83.281307 Y82.25889 Z0.2 E0.011516
G1 F1800 X83.388818 Y82.538965 Z0.2 E0.011516
G1 F1800 X83.496328 Y82.819039 Z0.2 E0.011516
G1 F1800 X83.603838 Y83.099113 Z0.2 E0.011516
G1 F1800 X83.711348 Y83.379187 Z0.2 E0.011516
G1 F1800 X83.818858 Y83.659261 Z0.2 E0.011516
G1 F1800 X83.926368 Y83.939336 Z0.2 E0.011516
G1 F1800 X84.033878 Y84.21941 Z0.2 E0.011516
G1 F1800 X84.141389 Y84.499484 Z0.2 E0.011516
G1 F1800 X84.248899 Y84.779558 Z0.2 E0.011516
G1 F1800 X84.356409 Y85.059633 Z0.2 E0.011516
G1 F1800 X84.463919 Y85.339707 Z0.2 E0.011516
G1 F1800 X84.571429 Y85.619781 Z0.2 E0.011516
G1 F1800 X84.678939 Y85.899855 Z0.2 E0.011516
G1 F1800 X84.78645 Y86.179929 Z0.2 E0.011516
G1 F1800 X84.89396 Y86.460004 Z0.2 E0.011516
G1 F1800 X85.00147 Y86.740078 Z0.2 E0.011516
G1 F1800 X85.10898 Y87.020152 Z0.2 E0.011516
G1 F1800 X85.21649 Y87.300226 Z0.2 E0.011516
G1 F1800 X85.324 Y87.580301 Z0.2 E0.011516
G1 F1800 X85.43151 Y87.860375 Z0.2 E0.011516
G1 F1800 X85.539021 Y88.140449 Z0.2 E0.011516
G1 F1800 X85.646531 Y88.420523 Z0.2 E0.011516
G1 F1800 X85.754041 Y88.700597 Z0.2 E0.011516
G1 F1800 X85.861551 Y88.980672 Z0.2 E0.011516
G1 F1800 X85.969061 Y89.260746 Z0.2 E0.011516
G1 F1800 X86.076571 Y89.54082 Z0.2 E0.011516
G1 F1800 X86.184081 Y89.820894 Z0.2 E0.011516
G1 F1800 X86.291592 Y90.100968 Z0.2 E0.011516
G1 F1800 X86.399102 Y90.381043 Z0.2 E0.011516
G1 F1800 X86.506612 Y90.661117 Z0.2 E0.011516
G1 F1800 X86.614122 Y90.941191 Z0.2 E0.011516
G1 F1800 X86.721632 Y91.221265 Z0.2 E0.011516
G1 F1800 X86.829142 Y91.50134 Z0.2 E0.011516
G1 F1800 X86.936653 Y91.781414 Z0.2 E0.011516
G1 F1800 X87.044163 Y92.061488 Z0.2 E0.011516
G1 F1800 X87.151673 Y92.341562 Z0.2 E0.011516
G1 F1800 X87.259183 Y92.621636 Z0.2 E0.011516
G1 F1800 X87.366693 Y92.901711 Z0.2 E0.011516
G1 F1800 X87.474203 Y93.181785 Z0.2 E0.011516
G1 F1800 X87.581713 Y93.461859 Z0.2 E0.011516
G1 F1800 X87.689224 Y93.741933 Z0.2 E0.011516
G1 F1800 X87.796734 Y94.022008 Z0.2 E0.011516
G1 F1800 X87.904244 Y94.302082 Z0.2 E0.011516
G1 F1800 X88.011754 Y94.582156 Z0.2 E0.011516
G1 F1800 X88.119264 Y94.86223 Z0.2 E0.011516
G1 F1800 X88.226774 Y95.142304 Z0.2 E0.011516
G1 F1800 X88.334285 Y95.422379 Z0.2 E0.011516
G1 F1800 X88.441795 Y95.702453 Z0.2 E0.011516
G1 F1800 X88.549305 Y95.982527 Z0.2 E0.011516
G1 F1800 X88.656815 Y96.262601 Z0.2 E0.011516
G1 F1800 X88.764325 Y96.542675 Z0.2 E0.011516
G1 F1800 X88.871835 Y96.82275 Z0.2 E0.011516
G1 F1800 X88.979345 Y97.102824 Z0.2 E0.011516
G1 F1800 X89.086856 Y97.382898 Z0.2 E0.011516
G1 F1800 X89.194366 Y97.662972 Z0.2 E0.011516
G1 F1800 X89.301876 Y97.943047 Z0.2 E0.011516
G1 F1800 X89.409386 Y98.223121 Z0.2 E0.011516
G1 F1800 X89.516896 Y98.503195 Z0.2 E0.011516
G1 F1800 X89.624406 Y98.783269 Z0.2 E0.011516
G1 F1800 X89.731916 Y99.063343 Z0.2 E0.011516
G1 F1800 X89.839427 Y99.343418 Z0.2 E0.011516
G1 F1800 X89.946937 Y99.623492 Z0.2 E0.011516
G1 F1800 X90.054447 Y99.903566 Z0.2 E0.011516
G1 F1800 X90.161957 Y100.18364 Z0.2 E0.011516
G1 F1800 X90.269467 Y100.463714 Z0.2 E0.011516
G1 F1800 X90.376977 Y100.743789 Z0.2 E0.011516
G1 F1800 X90.484488 Y101.023863 Z0.2 E0.011516
G1 F1800 X90.591998 Y101.303937 Z0.2 E0.011516
G1 F1800 X90.699508 Y101.584011 Z0.2 E0.011516
G1 F1800 X90.807018 Y101.864086 Z0.2 E0.011516
G1 F1800 X90.914528 Y102.14416 Z0.2 E0.011516
G1 F1800 X91.022038 Y102.424234 Z0.2 E0.011516
G1 F1800 X91.129548 Y102.704308 Z0.2 E0.011516
G1 F1800 X91.237059 Y102.984382 Z0.2 E0.011516
G1 F1800 X91.344569 Y103.264457 Z0.2 E0.011516
G1 F1800 X91.452079 Y103.544531 Z0.2 E0.011516
G1 F1800 X91.559589 Y103.824605 Z0.2 E0.011516
G1 F1800 X91.667099 Y104.104679 Z0.2 E0.011516
G1 F1800 X91.774609 Y104.384754 Z0.2 E0.011516
G1 F1800 X91.88212 Y104.664828 Z0.2 E0.011516
G1 F1800 X91.98963 Y104.944902 Z0.2 E0.011516
G1 F1800 X92.09714 Y105.224976 Z0.2 E0.011516
G1 F1800 X92.20465 Y105.50505 Z0.2 E0.011516
G1 F1800 X92.31216 Y105.785125 Z0.2 E0.011516
G1 F1800 X92.41967 Y106.065199 Z0.2 E0.011516
G1 F1800 X92.52718 Y106.345273 Z0.2 E0.011516
G1 F1800 X92.634691 Y106.625347 Z0.2 E0.011516
G1 F1800 X92.742201 Y106.905421 Z0.2 E0.011516
G1 F1800 X92.849711 Y107.185496 Z0.2 E0.011516
G1 F1800 X92.957221 Y107.46557 Z0.2 E0.011516
G1 F1800 X93.064731 Y107.745644 Z0.2 E0.011516
G1 F1800 X93.172241 Y108.025718 Z0.2 E0.011516
G1 F1800 X93.279752 Y108.305793 Z0.2 E0.011516
G1 F1800 X93.387262 Y108.585867 Z0.2 E0.011516
G1 F1800 X93.494772 Y108.865941 Z0.2 E0.011516
G1 F1800 X93.602282 Y109.146015 Z0.2 E0.011516
G1 F1800 X93.709792 Y109.426089 Z0.2 E0.011516
G1 F1800 X93.817302 Y109.706164 Z0.2 E0.011516
G1 F1800 X93.924812 Y109.986238 Z0.2 E0.011516
G1 F1800 X94.032323 Y110.266312 Z0.2 E0.011516
G1 F1800 X94.139833 Y110.546386 Z0.2 E0.011516
G1 F1800 X94.247343 Y110.826461 Z0.2 E0.011516
G1 F1800 X94.354853 Y111.106535 Z0.2 E0.011516
G1 F1800 X94.462363 Y111.386609 Z0.2 E0.011516
G1 F1800 X94.569873 Y111.666683 Z0.2 E0.011516
G1 F1800 X94.677383 Y111.946757 Z0.2 E0.011516
G1 F1800 X94.784894 Y112.226832 Z0.2 E0.011516
G1 F1800 X94.892404 Y112.506906 Z0.2 E0.011516
G1 F1800 X94.999914 Y112.78698 Z0.2 E0.011516
G1 F1800 X95.107424 Y113.067054 Z0.2 E0.011516
G1 F1800 X95.214934 Y113.347128 Z0.2 E0.011516
G1 F1800 X95.322444 Y113.627203 Z0.2 E0.011516
G1 F1800 X95.429955 Y113.907277 Z0.2 E0.011516
G1 F1800 X95.537465 Y114.187351 Z0.2 E0.011516
G1 F1800 X95.644975 Y114.467425 Z0.2 E0.011516
G1 F1800 X95.752485 Y114.7475 Z0.2 E0.011516
G1 F1800 X95.859995 Y115.027574 Z0.2 E0.011516
G1 F1800 X95.967505 Y115.307648 Z0.2 E0.011516
G1 F1800 X96.075015 Y115.587722 Z0.2 E0.011516
G1 F1800 X96.182526 Y115.867796 Z0.2 E0.011516
G1 F1800 X96.290036 Y116.147871 Z0.2 E0.011516
G1 F1800 X96.397546 Y116.427945 Z0.2 E0.011516
G1 F1800 X96.505056 Y116.708019 Z0.2 E0.011516
G1 F1800 X96.612566 Y116.988093 Z0.2 E0.011516
G1 F1800 X96.720076 Y117.268168 Z0.2 E0.011516
G1 F1800 X96.827587 Y117.548242 Z0.2 E0.011516
G1 F1800 X96.935097 Y117.828316 Z0.2 E0.011516
G1 F1800 X97.042607 Y118.10839 Z0.2 E0.011516
G1 F1800 X97.150117 Y118.388464 Z0.2 E0.011516
G1 F1800 X97.257627 Y118.668539 Z0.2 E0.011516
G1 F1800 X97.365137 Y118.948613 Z0.2 E0.011516
G1 F1800 X97.472647 Y119.228687 Z0.2 E0.011516
G1 F1800 X97.580158 Y119.508761 Z0.2 E0.011516
G1 F1800 X97.687668 Y119.788835 Z0.2 E0.011516
G1 F1800 X97.795178 Y120.06891 Z0.2 E0.011516
G1 F1800 X97.902688 Y120.348984 Z0.2 E0.011516
G1 F1800 X98.010198 Y120.629058 Z0.2 E0.011516
G1 F1800 X98.117708 Y120.909132 Z0.2 E0.011516
G1 F1800 X98.225218 Y121.189207 Z0.2 E0.011516
G1 F1800 X98.332729 Y121.469281 Z0.2 E0.011516
G1 F1800 X98.440239 Y121.749355 Z0.2 E0.011516
G1 F1800 X98.547749 Y122.029429 Z0.2 E0.011516
G1 F1800 X98.655259 Y122.309503 Z0.2 E0.011516
G1 F1800 X98.762769 Y122.589578 Z0.2 E0.011516
G1 F1800 X98.870279 Y122.869652 Z0.2 E0.011516
G1 F1800 X98.97779 Y123.149726 Z0.2 E0.011516
G1 F1800 X99.0853 Y123.4298 Z0.2 E0.011516
G1 F1800 X99.19281 Y123.709875 Z0.2 E0.011516
G1 F1800 X99.30032 Y123.989949 Z0.2 E0.011516
G1 F1800 X99.40783 Y124.270023 Z0.2 E0.011516
G1 F1800 X99.51534 Y124.550097 Z0.2 E0.011516
G1 F1800 X99.62285 Y124.830171 Z0.2 E0.011516
G1 F1800 X99.730361 Y125.110246 Z0.2 E0.011516
G1 F1800 X99.837871 Y125.39032 Z0.2 E0.011516
G1 F1800 X99.945381 Y125.670394 Z0.2 E0.011516
G1 F1800 X100.052891 Y125.950468 Z0.2 E0.011516
G1 F1800 X100.160401 Y126.230542 Z0.2 E0.011516
G1 F1800 X100.267911 Y126.510617 Z0.2 E0.011516
G1 F1800 X100.375422 Y126.790691 Z0.2 E0.011516
G1 F1800 X100.482932 Y127.070765 Z0.2 E0.011516
G1 F1800 X100.590442 Y127.350839 Z0.2 E0.011516
G1 F1800 X100.697952 Y127.630914 Z0.2 E0.011516
G1 F1800 X100.805462 Y127.910988 Z0.2 E0.011516
G1 F1800 X100.912972 Y128.191062 Z0.2 E0.011516
G1 F1800 X101.020482 Y128.471136 Z0.2 E0.011516
G1 F1800 X101.127993 Y128.75121 Z0.2 E0.011516
G1 F1800 X101.235503 Y129.031285 Z0.2 E0.011516
G1 F1800 X101.343013 Y129.311359 Z0.2 E0.011516
G1 F1800 X101.450523 Y129.591433 Z0.2 E0.011516
G1 F1800 X101.558033 Y129.871507 Z0.2 E0.011516
G1 F1800 X101.665543 Y130.151582 Z0.2 E0.011516
G1 F1800 X101.773054 Y130.431656 Z0.2 E0.011516
G1 F1800 X101.880564 Y130.71173 Z0.2 E0.011516
G1 F1800 X101.988074 Y130.991804 Z0.2 E0.011516
G1 F1800 X102.095584 Y131.271878 Z0.2 E0.011516
G1 F1800 X102.203094 Y131.551953 Z0.2 E0.011516
G1 F1800 X102.310604 Y131.832027 Z0.2 E0.011516
G1 F1800 X102.418114 Y132.112101 Z0.2 E0.011516
G1 F1800 X102.525625 Y132.392175 Z0.2 E0.011516
G1 F1800 X102.633135 Y132.672249 Z0.2 E0.011516
G1 F1800 X102.740645 Y132.952324 Z0.2 E0.011516
G1 F1800 X102.848155 Y133.232398 Z0.2 E0.011516
G1 F1800 X102.955665 Y133.512472 Z0.2 E0.011516
G1 F1800 X103.063175 Y133.792546 Z0.2 E0.011516
G1 F1800 X103.170685 Y134.072621 Z0.2 E0.011516
G1 F1800 X103.278196 Y134.352695 Z0.2 E0.011516
G1 F1800 X103.385706 Y134.632769 Z0.2 E0.011516
G1 F1800 X103.493216 Y134.912843 Z0.2 E0.011516
G1 F1800 X103.600726 Y135.192917 Z0.2 E0.011516
G1 F1800 X103.708236 Y135.472992 Z0.2 E0.011516
G1 F1800 X103.815746 Y135.753066 Z0.2 E0.011516
G1 F1800 X103.923257 Y136.03314 Z0.2 E0.011516
G1 F1800 X104.030767 Y136.313214 Z0.2 E0.011516
G1 F1800 X104.138277 Y136.593289 Z0.2 E0.011516
G1 F1800 X104.245787 Y136.873363 Z0.2 E0.011516
G1 F1800 X104.353297 Y137.153437 Z0.2 E0.011516
G1 F1800 X104.460807 Y137.433511 Z0.2 E0.011516
G1 F1800 X104.568317 Y137.713585 Z0.2 E0.011516
G1 F1800 X104.675828 Y137.99366 Z0.2 E0.011516
G1 F1800 X104.783338 Y138.273734 Z0.2 E0.011516
G1 F1800 X104.890848 Y138.553808 Z0.2 E0.011516
G1 F1800 X104.998358 Y138.833882 Z0.2 E0.011516
G1 F1800 X105.105868 Y139.113956 Z0.2 E0.011516
G1 F1800 X105.213378 Y139.394031 Z0.2 E0.011516
G1 F1800 X105.320889 Y139.674105 Z0.2 E0.011516
G1 F1800 X105.428399 Y139.954179 Z0.2 E0.011516
G1 F1800 X105.535909 Y140.234253 Z0.2 E0.011516
G1 F1800 X105.643419 Y140.514328 Z0.2 E0.011516
G1 F1800 X105.750929 Y140.794402 Z0.2 E0.011516
G1 F1800 X105.858439 Y141.074476 Z0.2 E0.011516
G1 F1800 X105.965949 Y141.35455 Z0.2 E0.011516
G1 F1800 X106.07346 Y141.634624 Z0.2 E0.011516
G1 F1800 X106.18097 Y141.914699 Z0.2 E0.011516
G1 F1800 X106.28848 Y142.194773 Z0.2 E0.011516
G1 F1800 X106.39599 Y142.474847 Z0.2 E0.011516
G1 F1800 X106.5035 Y142.754921 Z0.2 E0.011516
G1 F1800 X106.61101 Y143.034996 Z0.2 E0.011516
G1 F1800 X106.71852 Y143.31507 Z0.2 E0.011516
G1 F1800 X106.826031 Y143.595144 Z0.2 E0.011516
G1 F1800 X106.933541 Y143.875218 Z0.2 E0.011516
G1 F1800 X107.041051 Y144.155292 Z0.2 E0.011516
G1 F1800 X107.148561 Y144.435367 Z0.2 E0.011516
G1 F1800 X107.256071 Y144.715441 Z0.2 E0.011516
G1 F1800 X107.363581 Y144.995515 Z0.2 E0.011516
G1 F1800 X107.471092 Y145.275589 Z0.2 E0.011516
G1 F1800 X107.578602 Y145.555663 Z0.2 E0.011516
G1 F1800 X107.686112 Y145.835738 Z0.2 E0.011516
G1 F1800 X107.793622 Y146.115812 Z0.2 E0.011516
G1 F1800 X107.901132 Y146.395886 Z0.2 E0.011516
G1 F1800 X108.008642 Y146.67596 Z0.2 E0.011516
G1 F1800 X108.116152 Y146.956035 Z0.2 E0.011516
G1 F1800 X108.223663 Y147.236109 Z0.2 E0.011516
G1 F1800 X108.331173 Y147.516183 Z0.2 E0.011516
G1 F1800 X108.438683 Y147.796257 Z0.2 E0.011516
G1 F1800 X108.546193 Y148.076331 Z0.2 E0.011516
G1 F1800 X108.653703 Y148.356406 Z0.2 E0.011516
G1 F1800 X108.761213 Y148.63648 Z0.2 E0.011516
G1 F1800 X108.868724 Y148.916554 Z0.2 E0.011516
G1 F1800 X108.976234 Y149.196628 Z0.2 E0.011516
G1 F1800 X109.083744 Y149.476703 Z0.2 E0.011516
G1 F1800 X109.191254 Y149.756777 Z0.2 E0.011516
G1 F1800 X109.298764 Y150.036851 Z0.2 E0.011516
G1 F1800 X109.406274 Y150.316925 Z0.2 E0.011516
G1 F1800 X109.513784 Y150.596999 Z0.2 E0.011516
G1 F1800 X109.621295 Y150.877074 Z0.2 E0.011516
G1 F1800 X109.728805 Y151.157148 Z0.2 E0.011516
G1 F1800 X109.836315 Y151.437222 Z0.2 E0.011516
G1 F1800 X109.943825 Y151.717296 Z0.2 E0.011516
G1 F1800 X110.051335 Y151.99737 Z0.2 E0.011516
G1 F1800 X110.158845 Y152.277445 Z0.2 E0.011516
G1 F1800 X110.266356 Y152.557519 Z0.2 E0.011516
G1 F1800 X110.373866 Y152.837593 Z0.2 E0.011516
G1 F1800 X110.481376 Y153.117667 Z0.2 E0.011516
G1 F1800 X110.588886 Y153.397742 Z0.2 E0.011516
G1 F1800 X110.696396 Y153.677816 Z0.2 E0.011516
G1 F1800 X110.803906 Y153.95789 Z0.2 E0.011516
G1 F1800 X110.911416 Y154.237964 Z0.2 E0.011516
G1 F1800 X111.018927 Y154.518038 Z0.2 E0.011516
G1 F1800 X111.126437 Y154.798113 Z0.2 E0.011516
G1 F1800 X111.233947 Y155.078187 Z0.2 E0.011516
G1 F1800 X111.341457 Y155.358261 Z0.2 E0.011516
G1 F1800 X111.448967 Y155.638335 Z0.2 E0.011516
G1 F1800 X111.556477 Y155.91841 Z0.2 E0.011516
G1 F1800 X111.663987 Y156.198484 Z0.2 E0.011516
G1 F1800 X111.771498 Y156.478558 Z0.2 E0.011516
G1 F1800 X111.879008 Y156.758632 Z0.2 E0.011516
G1 F1800 X111.986518 Y157.038706 Z0.2 E0.011516
G1 F1800 X112.094028 Y157.318781 Z0.2 E0.011516
G1 F1800 X112.201538 Y157.598855 Z0.2 E0.011516
G1 F1800 X112.309048 Y157.878929 Z0.2 E0.011516
G1 F1800 X112.416559 Y158.159003 Z0.2 E0.011516
G1 F1800 X112.524069 Y158.439077 Z0.2 E0.011516
G1 F1800 X112.631579 Y158.719152 Z0.2 E0.011516
G1 F1800 X112.739089 Y158.999226 Z0.2 E0.011516
G1 F1800 X112.846599 Y159.2793 Z0.2 E0.011516
G1 F1800 X112.954109 Y159.559374 Z0.2 E0.011516
G1 F1800 X113.061619 Y159.839449 Z0.2 E0.011516
G1 F1800 X113.16913 Y160.119523 Z0.2 E0.011516
G1 F1800 X113.27664 Y160.399597 Z0.2 E0.011516
G1 F1800 X113.38415 Y160.679671 Z0.2 E0.011516
G1 F1800 X113.49166 Y160.959745 Z0.2 E0.011516
G1 F1800 X113.59917 Y161.23982 Z0.2 E0.011516
G1 F1800 X113.70668 Y161.519894 Z0.2 E0.011516
G1 F1800 X113.814191 Y161.799968 Z0.2 E0.011516
G1 F1800 X113.921701 Y162.080042 Z0.2 E0.011516
G1 F1800 X114.029211 Y162.360117 Z0.2 E0.011516
G1 F1800 X114.136721 Y162.640191 Z0.2 E0.011516
G1 F1800 X114.244231 Y162.920265 Z0.2 E0.011516
G1 F1800 X114.351741 Y163.200339 Z0.2 E0.011516
G1 F1800 X114.459251 Y163.480413 Z0.2 E0.011516
G1 F1800 X114.566762 Y163.760488 Z0.2 E0.011516
G1 F1800 X114.674272 Y164.040562 Z0.2 E0.011516
G1 F1800 X114.781782 Y164.320636 Z0.2 E0.011516
G1 F1800 X114.889292 Y164.60071 Z0.2 E0.011516
G1 F1800 X114.996802 Y164.880784 Z0.2 E0.011516
G1 F1800 X115.104312 Y165.160859 Z0.2 E0.011516
G1 F1800 X115.211822 Y165.440933 Z0.2 E0.011516
G1 F1800 X115.319333 Y165.721007 Z0.2 E0.011516
G1 F1800 X115.426843 Y166.001081 Z0.2 E0.011516
G1 F1800 X115.534353 Y166.281156 Z0.2 E0.011516
G1 F1800 X115.641863 Y166.56123 Z0.2 E0.011516
G1 F1800 X115.749373 Y166.841304 Z0.2 E0.011516
G1 F1800 X115.856883 Y167.121378 Z0.2 E0.011516
G1 F1800 X115.964394 Y167.401452 Z0.2 E0.011516
G1 F1800 X116.071904 Y167.681527 Z0.2 E0.011516
G1 F1800 X116.179414 Y167.961601 Z0.2 E0.011516
G1 F1800 X116.286924 Y168.241675 Z0.2 E0.011516
G1 F1800 X116.394434 Y168.521749 Z0.2 E0.011516
G1 F1800 X116.501944 Y168.801824 Z0.2 E0.011516
G1 F1800 X116.609454 Y169.081898 Z0.2 E0.011516
G1 F1800 X116.716965 Y169.361972 Z0.2 E0.011516
G1 F1800 X116.824475 Y169.642046 Z0.2 E0.011516
G1 F1800 X116.931985 Y169.92212 Z0.2 E0.011516
G1 F1800 X117.039495 Y170.202195 Z0.2 E0.011516
G1 F1800 X117.147005 Y170.482269 Z0.2 E0.011516
G1 F1800 X117.254515 Y170.762343 Z0.2 E0.011516
G1 F1800 X117.362026 Y171.042417 Z0.2 E0.011516
G1 F1800 X117.469536 Y171.322491 Z0.2 E0.011516
G1 F1800 X117.577046 Y171.602566 Z0.2 E0.011516
G1 F1800 X117.684556 Y171.88264 Z0.2 E0.011516
G1 F1800 X117.792066 Y172.162714 Z0.2 E0.011516
G1 F1800 X117.899576 Y172.442788 Z0.2 E0.011516
G1 F1800 X118.007086 Y172.722863 Z0.2 E0.011516
G1 F1800 X118.114597 Y173.002937 Z0.2 E0.011516
G1 F1800 X118.222107 Y173.283011 Z0.2 E0.011516
G1 F1800 X118.329617 Y173.563085 Z0.2 E0.011516
G1 F1800 X118.437127 Y173.843159 Z0.2 E0.011516
G1 F1800 X118.544637 Y174.123234 Z0.2 E0.011516
G1 F1800 X118.652147 Y174.403308 Z0.2 E0.011516
G1 F1800 X118.759658 Y174.683382 Z0.2 E0.011516
G1 F1800 X118.867168 Y174.963456 Z0.2 E0.011516
G1 F1800 X118.974678 Y175.243531 Z0.2 E0.011516
G1 F1800 X119.082188 Y175.523605 Z0.2 E0.011516
G1 F1800 X119.189698 Y175.803679 Z0.2 E0.011516
G1 F1800 X119.297208 Y176.083753 Z0.2 E0.011516
G1 F1800 X119.404718 Y176.363827 Z0.2 E0.011516
G1 F1800 X119.512229 Y176.643902 Z0.2 E0.011516
G1 F1800 X119.619739 Y176.923976 Z0.2 E0.011516
G1 F1800 X119.727249 Y177.20405 Z0.2 E0.011516
G1 F1800 X119.834759 Y177.484124 Z0.2 E0.011516
G1 F1800 X119.942269 Y177.764198 Z0.2 E0.011516
G1 F1800 X120.049779 Y178.044273 Z0.2 E0.011516
G1 F1800 X120.157289 Y178.324347 Z0.2 E0.011516
G1 F1800 X120.2648 Y178.604421 Z0.2 E0.011516
G1 F1800 X120.37231 Y178.884495 Z0.2 E0.011516
G1 F1800 X120.47982 Y179.16457 Z0.2 E0.011516
G1 F1800 X120.58733 Y179.444644 Z0.2 E0.011516
G1 F1800 X120.69484 Y179.724718 Z0.2 E0.011516
G1 F1800 X120.80235 Y180.004792 Z0.2 E0.011516
G1 F1800 X120.909861 Y180.284866 Z0.2 E0.011516
G1 F1800 X121.017371 Y180.564941 Z0.2 E0.011516
G1 F1800 X121.124881 Y180.845015 Z0.2 E0.011516
G1 F1800 X121.232391 Y181.125089 Z0.2 E0.011516
G1 F1800 X121.339901 Y181.405163 Z0.2 E0.011516
;===== A1 minimal end G-code =====
M400               ; wait for all moves to finish
M83
G92 E0
G1 E-2 F300        ; retract to reduce oozing
M104 S0            ; nozzle heater off
M140 S0            ; bed heater off
M106 P1 S0         ; part fan off
G91
G1 Z10 F1200       ; lift nozzle 10 mm (reduce if the print is near max height 256)
G90
G1 X128 F18000     ; move head to the middle
G1 Y250 F3000      ; slide bed forward to present the print
M400
M18 X Y Z          ; motors off
;===== end =====

